business_name,den_vendor_type,den_category,specific_services,business_phone_from_licence,toronto_licence_numbers,city_licence_categories,source_last_record_update,match_basis,match_confidence,review_status,source_url
NADIA FLOWERS AND BALLOONS,Balloon vendor,Balloons,,,T23-5641459,HAWKER/PEDLAR ON FOOT,2026-06-24,Business name mentions balloons,low,Needs business and event-service verification; do not publish as approved,https://open.toronto.ca/dataset/municipal-licensing-and-standards-business-licences-and-permits/
90S LOUNGE HOT AND DESSERT BAR,Baker or dessert vendor,Cakes and desserts,,,B50-5511636,TAKE-OUT OR RETAIL FOOD ESTABLISHMENT,2026-02-13,Business name suggests bakery/desserts; event orders unverified,low,Needs business and event-service verification; do not publish as approved,https://open.toronto.ca/dataset/municipal-licensing-and-standards-business-licences-and-permits/
AARUSHA CAKE HOUSE,Baker or dessert vendor,Cakes and desserts,,4162927347,B50-4305444,TAKE-OUT OR RETAIL FOOD ESTABLISHMENT,2026-01-13,Business name suggests bakery/desserts; event orders unverified,low,Needs business and event-service verification; do not publish as approved,https://open.toronto.ca/dataset/municipal-licensing-and-standards-business-licences-and-permits/
ABSOLUTE BAKERY CAFE,Baker or dessert vendor,Cakes and desserts,,4167061927,B50-3843879,TAKE-OUT OR RETAIL FOOD ESTABLISHMENT,2025-10-24,Business name suggests bakery/desserts; event orders unverified,low,Needs business and event-service verification; do not publish as approved,https://open.toronto.ca/dataset/municipal-licensing-and-standards-business-licences-and-permits/
AL MALIK BAKERY,Baker or dessert vendor,Cakes and desserts,,,B71-5619088,EATING OR DRINKING ESTABLISHMENT,2026-03-23,Business name suggests bakery/desserts; event orders unverified,low,Needs business and event-service verification; do not publish as approved,https://open.toronto.ca/dataset/municipal-licensing-and-standards-business-licences-and-permits/
AL' DEEWAN BAKERY & PIZZA,Baker or dessert vendor,Cakes and desserts,,,B50-5241219,TAKE-OUT OR RETAIL FOOD ESTABLISHMENT,2026-01-16,Business name suggests bakery/desserts; event orders unverified,low,Needs business and event-service verification; do not publish as approved,https://open.toronto.ca/dataset/municipal-licensing-and-standards-business-licences-and-permits/
ALLWYN'S BAKERY STORE,Baker or dessert vendor,Cakes and desserts,,4168866460,B50-4425723,TAKE-OUT OR RETAIL FOOD ESTABLISHMENT,2026-08-18,Business name suggests bakery/desserts; event orders unverified,low,Needs business and event-service verification; do not publish as approved,https://open.toronto.ca/dataset/municipal-licensing-and-standards-business-licences-and-permits/
ALMADINA HALAL PIZZA & BAKERY,Baker or dessert vendor,Cakes and desserts,,4163855553,B71-4539974,EATING OR DRINKING ESTABLISHMENT,2026-07-21,Business name suggests bakery/desserts; event orders unverified,low,Needs business and event-service verification; do not publish as approved,https://open.toronto.ca/dataset/municipal-licensing-and-standards-business-licences-and-permits/
ALMOND BUTTERFLY BAKERY,Baker or dessert vendor,Cakes and desserts,,4164336558,B50-4420351; B71-4920882; R58-5520882,CURB LANE CAFE; EATING OR DRINKING ESTABLISHMENT; TAKE-OUT OR RETAIL FOOD ESTABLISHMENT,2026-07-17,Business name suggests bakery/desserts; event orders unverified,low,Needs business and event-service verification; do not publish as approved,https://open.toronto.ca/dataset/municipal-licensing-and-standards-business-licences-and-permits/
AM BAKERY & COFFEE.,Baker or dessert vendor,Cakes and desserts,,,B71-5439894,EATING OR DRINKING ESTABLISHMENT,2026-03-27,Business name suggests bakery/desserts; event orders unverified,low,Needs business and event-service verification; do not publish as approved,https://open.toronto.ca/dataset/municipal-licensing-and-standards-business-licences-and-permits/
AMADEUS PATISSERIE BAY,Baker or dessert vendor,Cakes and desserts,,,B71-5500033,EATING OR DRINKING ESTABLISHMENT,2026-01-09,Business name suggests bakery/desserts; event orders unverified,low,Needs business and event-service verification; do not publish as approved,https://open.toronto.ca/dataset/municipal-licensing-and-standards-business-licences-and-permits/
AMICO BAKERY,Baker or dessert vendor,Cakes and desserts,,,B50-5620526,TAKE-OUT OR RETAIL FOOD ESTABLISHMENT,2026-04-10,Business name suggests bakery/desserts; event orders unverified,low,Needs business and event-service verification; do not publish as approved,https://open.toronto.ca/dataset/municipal-licensing-and-standards-business-licences-and-permits/
AMIN BAKERY,Baker or dessert vendor,Cakes and desserts,,4168875686,B71-5491179,EATING OR DRINKING ESTABLISHMENT,2025-12-10,Business name suggests bakery/desserts; event orders unverified,low,Needs business and event-service verification; do not publish as approved,https://open.toronto.ca/dataset/municipal-licensing-and-standards-business-licences-and-permits/
ANGELS BAKERY,Baker or dessert vendor,Cakes and desserts,,4166513402,B50-4842737,TAKE-OUT OR RETAIL FOOD ESTABLISHMENT,2026-06-26,Business name suggests bakery/desserts; event orders unverified,low,Needs business and event-service verification; do not publish as approved,https://open.toronto.ca/dataset/municipal-licensing-and-standards-business-licences-and-permits/
ANI BAKERY,Baker or dessert vendor,Cakes and desserts,,4162857164,B50-4754966,TAKE-OUT OR RETAIL FOOD ESTABLISHMENT,2025-12-19,Business name suggests bakery/desserts; event orders unverified,low,Needs business and event-service verification; do not publish as approved,https://open.toronto.ca/dataset/municipal-licensing-and-standards-business-licences-and-permits/
ANIMA ROMANA ITALIAN BAKERY,Baker or dessert vendor,Cakes and desserts,,,B71-5595398; R57-5633883,EATING OR DRINKING ESTABLISHMENT; SIDEWALK CAFE,2026-08-28,Business name suggests bakery/desserts; event orders unverified,low,Needs business and event-service verification; do not publish as approved,https://open.toronto.ca/dataset/municipal-licensing-and-standards-business-licences-and-permits/
AO CAKE,Baker or dessert vendor,Cakes and desserts,,,B50-5333827,TAKE-OUT OR RETAIL FOOD ESTABLISHMENT,2026-07-10,Business name suggests bakery/desserts; event orders unverified,low,Needs business and event-service verification; do not publish as approved,https://open.toronto.ca/dataset/municipal-licensing-and-standards-business-licences-and-permits/
AROMA BAKERY,Baker or dessert vendor,Cakes and desserts,,4168822218,B50-4956299,TAKE-OUT OR RETAIL FOOD ESTABLISHMENT,2026-07-22,Business name suggests bakery/desserts; event orders unverified,low,Needs business and event-service verification; do not publish as approved,https://open.toronto.ca/dataset/municipal-licensing-and-standards-business-licences-and-permits/
AROMAZ CAKE & PASTRIES,Baker or dessert vendor,Cakes and desserts,,4163213232,B50-3474589,TAKE-OUT OR RETAIL FOOD ESTABLISHMENT,2026-01-23,Business name suggests bakery/desserts; event orders unverified,low,Needs business and event-service verification; do not publish as approved,https://open.toronto.ca/dataset/municipal-licensing-and-standards-business-licences-and-permits/
AROMAZ CAKE & PASTRY,Baker or dessert vendor,Cakes and desserts,,,B50-5309098,TAKE-OUT OR RETAIL FOOD ESTABLISHMENT,2026-02-27,Business name suggests bakery/desserts; event orders unverified,low,Needs business and event-service verification; do not publish as approved,https://open.toronto.ca/dataset/municipal-licensing-and-standards-business-licences-and-permits/
ARTO BAKERY,Baker or dessert vendor,Cakes and desserts,,4379912155,B50-4866377,TAKE-OUT OR RETAIL FOOD ESTABLISHMENT,2025-10-28,Business name suggests bakery/desserts; event orders unverified,low,Needs business and event-service verification; do not publish as approved,https://open.toronto.ca/dataset/municipal-licensing-and-standards-business-licences-and-permits/
ARYA BAKERY & SWEET,Baker or dessert vendor,Cakes and desserts,,4162660836,B50-4927176,TAKE-OUT OR RETAIL FOOD ESTABLISHMENT,2026-03-31,Business name suggests bakery/desserts; event orders unverified,low,Needs business and event-service verification; do not publish as approved,https://open.toronto.ca/dataset/municipal-licensing-and-standards-business-licences-and-permits/
ASTERS PATISSERIE,Baker or dessert vendor,Cakes and desserts,,,B71-5558226; B71-5619166,EATING OR DRINKING ESTABLISHMENT,2026-06-26,Business name suggests bakery/desserts; event orders unverified,low,Needs business and event-service verification; do not publish as approved,https://open.toronto.ca/dataset/municipal-licensing-and-standards-business-licences-and-permits/
AURA DESSERT INC,Baker or dessert vendor,Cakes and desserts,,,B50-5553948,TAKE-OUT OR RETAIL FOOD ESTABLISHMENT,2026-08-17,Business name suggests bakery/desserts; event orders unverified,low,Needs business and event-service verification; do not publish as approved,https://open.toronto.ca/dataset/municipal-licensing-and-standards-business-licences-and-permits/
B.B. PATISSERIE,Baker or dessert vendor,Cakes and desserts,,6473425890,B50-3959340,TAKE-OUT OR RETAIL FOOD ESTABLISHMENT,2026-09-04,Business name suggests bakery/desserts; event orders unverified,low,Needs business and event-service verification; do not publish as approved,https://open.toronto.ca/dataset/municipal-licensing-and-standards-business-licences-and-permits/
BAGHLAN KABOB AND BAKERY,Baker or dessert vendor,Cakes and desserts,,,B71-5306388,EATING OR DRINKING ESTABLISHMENT,2026-02-03,Business name suggests bakery/desserts; event orders unverified,low,Needs business and event-service verification; do not publish as approved,https://open.toronto.ca/dataset/municipal-licensing-and-standards-business-licences-and-permits/
BAKER'S BEST BAKERY,Baker or dessert vendor,Cakes and desserts,,,B50-0237021,TAKE-OUT OR RETAIL FOOD ESTABLISHMENT,2026-03-06,Business name suggests bakery/desserts; event orders unverified,low,Needs business and event-service verification; do not publish as approved,https://open.toronto.ca/dataset/municipal-licensing-and-standards-business-licences-and-permits/
BAKERRAE BAKERY & CAFE,Baker or dessert vendor,Cakes and desserts,,,B71-55A8088,EATING OR DRINKING ESTABLISHMENT,2025-12-26,Business name suggests bakery/desserts; event orders unverified,low,Needs business and event-service verification; do not publish as approved,https://open.toronto.ca/dataset/municipal-licensing-and-standards-business-licences-and-permits/
BAKERY EL QUETZAL,Baker or dessert vendor,Cakes and desserts,,4162454982,B71-4856702,EATING OR DRINKING ESTABLISHMENT,2026-07-28,Business name suggests bakery/desserts; event orders unverified,low,Needs business and event-service verification; do not publish as approved,https://open.toronto.ca/dataset/municipal-licensing-and-standards-business-licences-and-permits/
BAKERY GARDEN CAFE,Baker or dessert vendor,Cakes and desserts,,,B71-5615895,EATING OR DRINKING ESTABLISHMENT,2026-03-20,Business name suggests bakery/desserts; event orders unverified,low,Needs business and event-service verification; do not publish as approved,https://open.toronto.ca/dataset/municipal-licensing-and-standards-business-licences-and-permits/
BAKERY GATEAU,Baker or dessert vendor,Cakes and desserts,,9059079474,B50-5571712,TAKE-OUT OR RETAIL FOOD ESTABLISHMENT,2026-07-07,Business name suggests bakery/desserts; event orders unverified,low,Needs business and event-service verification; do not publish as approved,https://open.toronto.ca/dataset/municipal-licensing-and-standards-business-licences-and-permits/
BAKERY ON THE GO,Baker or dessert vendor,Cakes and desserts,,4165361529,B50-4185781,TAKE-OUT OR RETAIL FOOD ESTABLISHMENT,2026-08-14,Business name suggests bakery/desserts; event orders unverified,low,Needs business and event-service verification; do not publish as approved,https://open.toronto.ca/dataset/municipal-licensing-and-standards-business-licences-and-permits/
BAKERY POMPETTE,Baker or dessert vendor,Cakes and desserts,,,B50-5404267,TAKE-OUT OR RETAIL FOOD ESTABLISHMENT,2026-03-13,Business name suggests bakery/desserts; event orders unverified,low,Needs business and event-service verification; do not publish as approved,https://open.toronto.ca/dataset/municipal-licensing-and-standards-business-licences-and-permits/
BALKANSTYLE TURKISH BAKERY,Baker or dessert vendor,Cakes and desserts,,,B71-5503845,EATING OR DRINKING ESTABLISHMENT,2026-01-20,Business name suggests bakery/desserts; event orders unverified,low,Needs business and event-service verification; do not publish as approved,https://open.toronto.ca/dataset/municipal-licensing-and-standards-business-licences-and-permits/
BARBERSHOP PATISSERIE,Baker or dessert vendor,Cakes and desserts,,,B50-5115761,TAKE-OUT OR RETAIL FOOD ESTABLISHMENT,2026-06-02,Business name suggests bakery/desserts; event orders unverified,low,Needs business and event-service verification; do not publish as approved,https://open.toronto.ca/dataset/municipal-licensing-and-standards-business-licences-and-permits/
BASIR AZIZI BAKERY,Baker or dessert vendor,Cakes and desserts,,6477213247,B50-5224703,TAKE-OUT OR RETAIL FOOD ESTABLISHMENT,2026-08-04,Business name suggests bakery/desserts; event orders unverified,low,Needs business and event-service verification; do not publish as approved,https://open.toronto.ca/dataset/municipal-licensing-and-standards-business-licences-and-permits/
BENNA'S BAKERY AND DELI,Baker or dessert vendor,Cakes and desserts,,4165340031,B50-4538143,TAKE-OUT OR RETAIL FOOD ESTABLISHMENT,2026-04-14,Business name suggests bakery/desserts; event orders unverified,low,Needs business and event-service verification; do not publish as approved,https://open.toronto.ca/dataset/municipal-licensing-and-standards-business-licences-and-permits/
BLOOM DESSERTS,Baker or dessert vendor,Cakes and desserts,,,B50-5224433,TAKE-OUT OR RETAIL FOOD ESTABLISHMENT,2026-09-01,Business name suggests bakery/desserts; event orders unverified,low,Needs business and event-service verification; do not publish as approved,https://open.toronto.ca/dataset/municipal-licensing-and-standards-business-licences-and-permits/
BLOOMING GARDEN DESSERT HOUSE,Baker or dessert vendor,Cakes and desserts,,,B50-5459130; B71-5234986,EATING OR DRINKING ESTABLISHMENT; TAKE-OUT OR RETAIL FOOD ESTABLISHMENT,2026-09-22,Business name suggests bakery/desserts; event orders unverified,low,Needs business and event-service verification; do not publish as approved,https://open.toronto.ca/dataset/municipal-licensing-and-standards-business-licences-and-permits/
BLUE COLLAR BAKERY,Baker or dessert vendor,Cakes and desserts,,,B50-5323086,TAKE-OUT OR RETAIL FOOD ESTABLISHMENT,2026-05-05,Business name suggests bakery/desserts; event orders unverified,low,Needs business and event-service verification; do not publish as approved,https://open.toronto.ca/dataset/municipal-licensing-and-standards-business-licences-and-permits/
BLUE SKY BAKERY,Baker or dessert vendor,Cakes and desserts,,4162641515,B50-4188594,TAKE-OUT OR RETAIL FOOD ESTABLISHMENT,2026-09-11,Business name suggests bakery/desserts; event orders unverified,low,Needs business and event-service verification; do not publish as approved,https://open.toronto.ca/dataset/municipal-licensing-and-standards-business-licences-and-permits/
BLUET BAKERY,Baker or dessert vendor,Cakes and desserts,,,B71-5563067,EATING OR DRINKING ESTABLISHMENT,2026-07-14,Business name suggests bakery/desserts; event orders unverified,low,Needs business and event-service verification; do not publish as approved,https://open.toronto.ca/dataset/municipal-licensing-and-standards-business-licences-and-permits/
BOM DIA CAFE & BAKERY,Baker or dessert vendor,Cakes and desserts,,,B71-5030611; B71-5492298,EATING OR DRINKING ESTABLISHMENT,2026-07-21,Business name suggests bakery/desserts; event orders unverified,low,Needs business and event-service verification; do not publish as approved,https://open.toronto.ca/dataset/municipal-licensing-and-standards-business-licences-and-permits/
BOMOU ARTISANAL BAKERY 2,Baker or dessert vendor,Cakes and desserts,,,B71-5629878,EATING OR DRINKING ESTABLISHMENT,2026-05-29,Business name suggests bakery/desserts; event orders unverified,low,Needs business and event-service verification; do not publish as approved,https://open.toronto.ca/dataset/municipal-licensing-and-standards-business-licences-and-permits/
BONBAGAY JAMAITIAN MARKET & BAKERY,Baker or dessert vendor,Cakes and desserts,,,B50-5625142,TAKE-OUT OR RETAIL FOOD ESTABLISHMENT,2026-04-14,Business name suggests bakery/desserts; event orders unverified,low,Needs business and event-service verification; do not publish as approved,https://open.toronto.ca/dataset/municipal-licensing-and-standards-business-licences-and-permits/
BONJOUR BRIOCHE BAKERY CAFE,Baker or dessert vendor,Cakes and desserts,,,B71-5303824; R57-5510870,EATING OR DRINKING ESTABLISHMENT; SIDEWALK CAFE,2026-03-10,Business name suggests bakery/desserts; event orders unverified,low,Needs business and event-service verification; do not publish as approved,https://open.toronto.ca/dataset/municipal-licensing-and-standards-business-licences-and-permits/
BREAD & ROSES BAKERY CAFE,Baker or dessert vendor,Cakes and desserts,,4162212001,B71-4420720; B71-4837141,EATING OR DRINKING ESTABLISHMENT,2026-04-03,Business name suggests bakery/desserts; event orders unverified,low,Needs business and event-service verification; do not publish as approved,https://open.toronto.ca/dataset/municipal-licensing-and-standards-business-licences-and-permits/
BREAD KING BAKERIES,Baker or dessert vendor,Cakes and desserts,,4166900372,B50-0203178,TAKE-OUT OR RETAIL FOOD ESTABLISHMENT,2025-12-16,Business name suggests bakery/desserts; event orders unverified,low,Needs business and event-service verification; do not publish as approved,https://open.toronto.ca/dataset/municipal-licensing-and-standards-business-licences-and-permits/
BRICK STREET BAKERY,Baker or dessert vendor,Cakes and desserts,,4166909100,B50-4704759,TAKE-OUT OR RETAIL FOOD ESTABLISHMENT,2026-03-27,Business name suggests bakery/desserts; event orders unverified,low,Needs business and event-service verification; do not publish as approved,https://open.toronto.ca/dataset/municipal-licensing-and-standards-business-licences-and-permits/
BRICOLAGE BAKERY,Baker or dessert vendor,Cakes and desserts,,,B50-5235582,TAKE-OUT OR RETAIL FOOD ESTABLISHMENT,2025-10-03,Business name suggests bakery/desserts; event orders unverified,low,Needs business and event-service verification; do not publish as approved,https://open.toronto.ca/dataset/municipal-licensing-and-standards-business-licences-and-permits/
BRITISH PRIDE BAKERY,Baker or dessert vendor,Cakes and desserts,,,B50-5601120,TAKE-OUT OR RETAIL FOOD ESTABLISHMENT,2026-01-20,Business name suggests bakery/desserts; event orders unverified,low,Needs business and event-service verification; do not publish as approved,https://open.toronto.ca/dataset/municipal-licensing-and-standards-business-licences-and-permits/
BROCKTON VILLAGE BAKERY,Baker or dessert vendor,Cakes and desserts,,,B71-5363843,EATING OR DRINKING ESTABLISHMENT,2026-09-18,Business name suggests bakery/desserts; event orders unverified,low,Needs business and event-service verification; do not publish as approved,https://open.toronto.ca/dataset/municipal-licensing-and-standards-business-licences-and-permits/
BRUNCH N CAKES,Baker or dessert vendor,Cakes and desserts,,,B71-5344122,EATING OR DRINKING ESTABLISHMENT,2026-05-29,Business name suggests bakery/desserts; event orders unverified,low,Needs business and event-service verification; do not publish as approved,https://open.toronto.ca/dataset/municipal-licensing-and-standards-business-licences-and-permits/
BUN KING BAKERY,Baker or dessert vendor,Cakes and desserts,,4167542892,B50-3844879; B50-4649695,TAKE-OUT OR RETAIL FOOD ESTABLISHMENT,2026-08-21,Business name suggests bakery/desserts; event orders unverified,low,Needs business and event-service verification; do not publish as approved,https://open.toronto.ca/dataset/municipal-licensing-and-standards-business-licences-and-permits/
CAFE MAXIM'S PATISSERIE,Baker or dessert vendor,Cakes and desserts,,4167301080,B71-0209470,EATING OR DRINKING ESTABLISHMENT,2025-12-19,Business name suggests bakery/desserts; event orders unverified,low,Needs business and event-service verification; do not publish as approved,https://open.toronto.ca/dataset/municipal-licensing-and-standards-business-licences-and-permits/
CAFE ROUGE PATISSERIE,Baker or dessert vendor,Cakes and desserts,,,B71-4647309; R57-5202664,EATING OR DRINKING ESTABLISHMENT; SIDEWALK CAFE,2026-05-01,Business name suggests bakery/desserts; event orders unverified,low,Needs business and event-service verification; do not publish as approved,https://open.toronto.ca/dataset/municipal-licensing-and-standards-business-licences-and-permits/
CAFEMIA ITALIAN BAKERY,Baker or dessert vendor,Cakes and desserts,,,B50-5632282,TAKE-OUT OR RETAIL FOOD ESTABLISHMENT,2026-05-06,Business name suggests bakery/desserts; event orders unverified,low,Needs business and event-service verification; do not publish as approved,https://open.toronto.ca/dataset/municipal-licensing-and-standards-business-licences-and-permits/
CAKE YOUR WAY,Baker or dessert vendor,Cakes and desserts,,,B50-5656534,TAKE-OUT OR RETAIL FOOD ESTABLISHMENT,2026-07-31,Business name suggests bakery/desserts; event orders unverified,low,Needs business and event-service verification; do not publish as approved,https://open.toronto.ca/dataset/municipal-licensing-and-standards-business-licences-and-permits/
CAKEHOUSE BAKERY,Baker or dessert vendor,Cakes and desserts,,6472875376,B50-3725783; B50-5145429,TAKE-OUT OR RETAIL FOOD ESTABLISHMENT,2026-07-28,Business name suggests bakery/desserts; event orders unverified,low,Needs business and event-service verification; do not publish as approved,https://open.toronto.ca/dataset/municipal-licensing-and-standards-business-licences-and-permits/
CAKES AND BAKES SHOP,Baker or dessert vendor,Cakes and desserts,,,B50-5112142,TAKE-OUT OR RETAIL FOOD ESTABLISHMENT,2026-05-12,Business name suggests bakery/desserts; event orders unverified,low,Needs business and event-service verification; do not publish as approved,https://open.toronto.ca/dataset/municipal-licensing-and-standards-business-licences-and-permits/
CAKES BY AYAM INC,Baker or dessert vendor,Cakes and desserts,,,B50-5363820,TAKE-OUT OR RETAIL FOOD ESTABLISHMENT,2025-10-03,Business name suggests bakery/desserts; event orders unverified,low,Needs business and event-service verification; do not publish as approved,https://open.toronto.ca/dataset/municipal-licensing-and-standards-business-licences-and-permits/
CAKES BY MICKEY,Baker or dessert vendor,Cakes and desserts,,4166026725,B50-4854923,TAKE-OUT OR RETAIL FOOD ESTABLISHMENT,2026-08-21,Business name suggests bakery/desserts; event orders unverified,low,Needs business and event-service verification; do not publish as approved,https://open.toronto.ca/dataset/municipal-licensing-and-standards-business-licences-and-permits/
CAKETALK BAKERY,Baker or dessert vendor,Cakes and desserts,,,B71-5585084,EATING OR DRINKING ESTABLISHMENT,2026-08-11,Business name suggests bakery/desserts; event orders unverified,low,Needs business and event-service verification; do not publish as approved,https://open.toronto.ca/dataset/municipal-licensing-and-standards-business-licences-and-permits/
CAKEVIEW BAKERY & CAFE,Baker or dessert vendor,Cakes and desserts,,4162986771,B50-5002206,TAKE-OUT OR RETAIL FOOD ESTABLISHMENT,2025-12-19,Business name suggests bakery/desserts; event orders unverified,low,Needs business and event-service verification; do not publish as approved,https://open.toronto.ca/dataset/municipal-licensing-and-standards-business-licences-and-permits/
CALABRIA BAKERY,Baker or dessert vendor,Cakes and desserts,,4167551175,B50-3001245,TAKE-OUT OR RETAIL FOOD ESTABLISHMENT,2025-12-19,Business name suggests bakery/desserts; event orders unverified,low,Needs business and event-service verification; do not publish as approved,https://open.toronto.ca/dataset/municipal-licensing-and-standards-business-licences-and-permits/
CALDENSE BAKERY,Baker or dessert vendor,Cakes and desserts,,9053032345,B50-5598157,TAKE-OUT OR RETAIL FOOD ESTABLISHMENT,2026-09-08,Business name suggests bakery/desserts; event orders unverified,low,Needs business and event-service verification; do not publish as approved,https://open.toronto.ca/dataset/municipal-licensing-and-standards-business-licences-and-permits/
CALDENSE BAKERY & PASTRIES,Baker or dessert vendor,Cakes and desserts,,4165343847,B50-0246578; B71-3592614; B71-4724363; R57-5593962,EATING OR DRINKING ESTABLISHMENT; SIDEWALK CAFE; TAKE-OUT OR RETAIL FOOD ESTABLISHMENT,2026-09-04,Business name suggests bakery/desserts; event orders unverified,low,Needs business and event-service verification; do not publish as approved,https://open.toronto.ca/dataset/municipal-licensing-and-standards-business-licences-and-permits/
CALDENSE BAKERY & PASTRIES II,Baker or dessert vendor,Cakes and desserts,,4165359993,B71-55A0803,EATING OR DRINKING ESTABLISHMENT,2025-11-28,Business name suggests bakery/desserts; event orders unverified,low,Needs business and event-service verification; do not publish as approved,https://open.toronto.ca/dataset/municipal-licensing-and-standards-business-licences-and-permits/
CALDENSE BAKERY & PASTRIES II INC,Baker or dessert vendor,Cakes and desserts,,4165359993,B50-4871229,TAKE-OUT OR RETAIL FOOD ESTABLISHMENT,2026-07-24,Business name suggests bakery/desserts; event orders unverified,low,Needs business and event-service verification; do not publish as approved,https://open.toronto.ca/dataset/municipal-licensing-and-standards-business-licences-and-permits/
CALDENSE BAKERY & PASTRIES III,Baker or dessert vendor,Cakes and desserts,,4165359993,B71-5592517,EATING OR DRINKING ESTABLISHMENT,2026-09-04,Business name suggests bakery/desserts; event orders unverified,low,Needs business and event-service verification; do not publish as approved,https://open.toronto.ca/dataset/municipal-licensing-and-standards-business-licences-and-permits/
CALDENSE BAKERY & PASTRIES IV,Baker or dessert vendor,Cakes and desserts,,4165359993,B71-3246567,EATING OR DRINKING ESTABLISHMENT,2026-07-17,Business name suggests bakery/desserts; event orders unverified,low,Needs business and event-service verification; do not publish as approved,https://open.toronto.ca/dataset/municipal-licensing-and-standards-business-licences-and-permits/
CALDENSE BAKERY & PASTRIES VIII,Baker or dessert vendor,Cakes and desserts,,4165359993,B71-5105671,EATING OR DRINKING ESTABLISHMENT,2025-12-23,Business name suggests bakery/desserts; event orders unverified,low,Needs business and event-service verification; do not publish as approved,https://open.toronto.ca/dataset/municipal-licensing-and-standards-business-licences-and-permits/
CALEDONIA BAKERY & PASTRY,Baker or dessert vendor,Cakes and desserts,,4166585000,B71-4311702; R57-5641639,EATING OR DRINKING ESTABLISHMENT; SIDEWALK CAFE,2026-09-10,Business name suggests bakery/desserts; event orders unverified,low,Needs business and event-service verification; do not publish as approved,https://open.toronto.ca/dataset/municipal-licensing-and-standards-business-licences-and-permits/
CAPRI BAKERY 1966,Baker or dessert vendor,Cakes and desserts,,,B71-5526754,EATING OR DRINKING ESTABLISHMENT,2026-03-03,Business name suggests bakery/desserts; event orders unverified,low,Needs business and event-service verification; do not publish as approved,https://open.toronto.ca/dataset/municipal-licensing-and-standards-business-licences-and-permits/
CAPTAIN C CAKES AND ICE CREAM,Baker or dessert vendor,Cakes and desserts,,6473500970,B50-5027322; B50-5623862,TAKE-OUT OR RETAIL FOOD ESTABLISHMENT,2026-05-15,Business name suggests bakery/desserts; event orders unverified,low,Needs business and event-service verification; do not publish as approved,https://open.toronto.ca/dataset/municipal-licensing-and-standards-business-licences-and-permits/
CAROUSEL BAKERY,Baker or dessert vendor,Cakes and desserts,,,B50-5551582,TAKE-OUT OR RETAIL FOOD ESTABLISHMENT,2026-07-10,Business name suggests bakery/desserts; event orders unverified,low,Needs business and event-service verification; do not publish as approved,https://open.toronto.ca/dataset/municipal-licensing-and-standards-business-licences-and-permits/
CASPIAN BAKERY AND SUPERMARKET,Baker or dessert vendor,Cakes and desserts,,,B50-5647505,TAKE-OUT OR RETAIL FOOD ESTABLISHMENT,2026-07-17,Business name suggests bakery/desserts; event orders unverified,low,Needs business and event-service verification; do not publish as approved,https://open.toronto.ca/dataset/municipal-licensing-and-standards-business-licences-and-permits/
CELENA'S BAKERY,Baker or dessert vendor,Cakes and desserts,,,B71-5025281,EATING OR DRINKING ESTABLISHMENT,2026-05-22,Business name suggests bakery/desserts; event orders unverified,low,Needs business and event-service verification; do not publish as approved,https://open.toronto.ca/dataset/municipal-licensing-and-standards-business-licences-and-permits/
CHICAGO DELIKATESEN AND BAKERY STORE,Baker or dessert vendor,Cakes and desserts,,4165882001,B50-3242057,TAKE-OUT OR RETAIL FOOD ESTABLISHMENT,2026-03-10,Business name suggests bakery/desserts; event orders unverified,low,Needs business and event-service verification; do not publish as approved,https://open.toronto.ca/dataset/municipal-licensing-and-standards-business-licences-and-permits/
CHINESE BAKERY,Baker or dessert vendor,Cakes and desserts,,,B50-5486643,TAKE-OUT OR RETAIL FOOD ESTABLISHMENT,2025-11-11,Business name suggests bakery/desserts; event orders unverified,low,Needs business and event-service verification; do not publish as approved,https://open.toronto.ca/dataset/municipal-licensing-and-standards-business-licences-and-permits/
CHINESE BAKERY (DOWNTOWN),Baker or dessert vendor,Cakes and desserts,,,B50-5489832,TAKE-OUT OR RETAIL FOOD ESTABLISHMENT,2025-12-19,Business name suggests bakery/desserts; event orders unverified,low,Needs business and event-service verification; do not publish as approved,https://open.toronto.ca/dataset/municipal-licensing-and-standards-business-licences-and-permits/
CHRIS BREAD BAKERY,Baker or dessert vendor,Cakes and desserts,,4162674897,B50-3500378,TAKE-OUT OR RETAIL FOOD ESTABLISHMENT,2025-12-18,Business name suggests bakery/desserts; event orders unverified,low,Needs business and event-service verification; do not publish as approved,https://open.toronto.ca/dataset/municipal-licensing-and-standards-business-licences-and-permits/
CIRCLES & SQUARES BAKERY,Baker or dessert vendor,Cakes and desserts,,,B71-5610155,EATING OR DRINKING ESTABLISHMENT,2026-04-02,Business name suggests bakery/desserts; event orders unverified,low,Needs business and event-service verification; do not publish as approved,https://open.toronto.ca/dataset/municipal-licensing-and-standards-business-licences-and-permits/
CIRCLES & SQUARES BAKERY & CAFE,Baker or dessert vendor,Cakes and desserts,,,B71-5360764,EATING OR DRINKING ESTABLISHMENT,2026-07-24,Business name suggests bakery/desserts; event orders unverified,low,Needs business and event-service verification; do not publish as approved,https://open.toronto.ca/dataset/municipal-licensing-and-standards-business-licences-and-permits/
COLUMBUS BAKERY,Baker or dessert vendor,Cakes and desserts,,4167824520,B50-4534132,TAKE-OUT OR RETAIL FOOD ESTABLISHMENT,2026-03-13,Business name suggests bakery/desserts; event orders unverified,low,Needs business and event-service verification; do not publish as approved,https://open.toronto.ca/dataset/municipal-licensing-and-standards-business-licences-and-permits/
COLUMBUS BAKERY - CAFE,Baker or dessert vendor,Cakes and desserts,,,B50-5470925,TAKE-OUT OR RETAIL FOOD ESTABLISHMENT,2025-09-19,Business name suggests bakery/desserts; event orders unverified,low,Needs business and event-service verification; do not publish as approved,https://open.toronto.ca/dataset/municipal-licensing-and-standards-business-licences-and-permits/
COLUMBUS BAKERY - CAFE INC,Baker or dessert vendor,Cakes and desserts,,,B71-5376732,EATING OR DRINKING ESTABLISHMENT,2026-03-17,Business name suggests bakery/desserts; event orders unverified,low,Needs business and event-service verification; do not publish as approved,https://open.toronto.ca/dataset/municipal-licensing-and-standards-business-licences-and-permits/
COMMERCIAL BAKERIES,Baker or dessert vendor,Cakes and desserts,,,B50-5609556,TAKE-OUT OR RETAIL FOOD ESTABLISHMENT,2026-02-20,Business name suggests bakery/desserts; event orders unverified,low,Needs business and event-service verification; do not publish as approved,https://open.toronto.ca/dataset/municipal-licensing-and-standards-business-licences-and-permits/
COMMISSO BROS & RACCO ITALIAN BAKERY,Baker or dessert vendor,Cakes and desserts,,4166517671,B50-4306625; B50-4306629,TAKE-OUT OR RETAIL FOOD ESTABLISHMENT,2025-09-02,Business name suggests bakery/desserts; event orders unverified,low,Needs business and event-service verification; do not publish as approved,https://open.toronto.ca/dataset/municipal-licensing-and-standards-business-licences-and-permits/
COOKIE BAKERY,Baker or dessert vendor,Cakes and desserts,,,B71-5237147,EATING OR DRINKING ESTABLISHMENT,2025-11-07,Business name suggests bakery/desserts; event orders unverified,low,Needs business and event-service verification; do not publish as approved,https://open.toronto.ca/dataset/municipal-licensing-and-standards-business-licences-and-permits/
CUERVO Y MARQUIS BAKERY CAFE,Baker or dessert vendor,Cakes and desserts,,,B50-5372331,TAKE-OUT OR RETAIL FOOD ESTABLISHMENT,2025-12-12,Business name suggests bakery/desserts; event orders unverified,low,Needs business and event-service verification; do not publish as approved,https://open.toronto.ca/dataset/municipal-licensing-and-standards-business-licences-and-permits/
CUPCAKE DIARY,Baker or dessert vendor,Cakes and desserts,,,B50-5605688,TAKE-OUT OR RETAIL FOOD ESTABLISHMENT,2026-04-07,Business name suggests bakery/desserts; event orders unverified,low,Needs business and event-service verification; do not publish as approved,https://open.toronto.ca/dataset/municipal-licensing-and-standards-business-licences-and-permits/
CUPCAKE PARADISE,Baker or dessert vendor,Cakes and desserts,,,B50-5518932,TAKE-OUT OR RETAIL FOOD ESTABLISHMENT,2026-05-29,Business name suggests bakery/desserts; event orders unverified,low,Needs business and event-service verification; do not publish as approved,https://open.toronto.ca/dataset/municipal-licensing-and-standards-business-licences-and-permits/
D SPOT DESSERT CAFE AND BISTRO,Baker or dessert vendor,Cakes and desserts,,6477406457,B71-4751737,EATING OR DRINKING ESTABLISHMENT,2025-09-30,Business name suggests bakery/desserts; event orders unverified,low,Needs business and event-service verification; do not publish as approved,https://open.toronto.ca/dataset/municipal-licensing-and-standards-business-licences-and-permits/
D SPOT DESSERTS,Baker or dessert vendor,Cakes and desserts,,,B50-5219915; B71-5518913,EATING OR DRINKING ESTABLISHMENT; TAKE-OUT OR RETAIL FOOD ESTABLISHMENT,2026-07-17,Business name suggests bakery/desserts; event orders unverified,low,Needs business and event-service verification; do not publish as approved,https://open.toronto.ca/dataset/municipal-licensing-and-standards-business-licences-and-permits/
D-SPOT DESSERT CAFE,Baker or dessert vendor,Cakes and desserts,,,B71-5233010; B71-5591951; B71-55B1048,EATING OR DRINKING ESTABLISHMENT,2026-09-04,Business name suggests bakery/desserts; event orders unverified,low,Needs business and event-service verification; do not publish as approved,https://open.toronto.ca/dataset/municipal-licensing-and-standards-business-licences-and-permits/
DAANGO CAKE LAB,Baker or dessert vendor,Cakes and desserts,,,B50-4739473,TAKE-OUT OR RETAIL FOOD ESTABLISHMENT,2026-09-01,Business name suggests bakery/desserts; event orders unverified,low,Needs business and event-service verification; do not publish as approved,https://open.toronto.ca/dataset/municipal-licensing-and-standards-business-licences-and-permits/
DAILY BREAD BAKERY,Baker or dessert vendor,Cakes and desserts,,4166330220,B50-5225257,TAKE-OUT OR RETAIL FOOD ESTABLISHMENT,2026-07-14,Business name suggests bakery/desserts; event orders unverified,low,Needs business and event-service verification; do not publish as approved,https://open.toronto.ca/dataset/municipal-licensing-and-standards-business-licences-and-permits/
DELYSEES LUXURY DESSERTS,Baker or dessert vendor,Cakes and desserts,,4165593577,B71-5128035; B71-5456620,EATING OR DRINKING ESTABLISHMENT,2025-08-29,Business name suggests bakery/desserts; event orders unverified,low,Needs business and event-service verification; do not publish as approved,https://open.toronto.ca/dataset/municipal-licensing-and-standards-business-licences-and-permits/
DENO DELIGHT BAKERY,Baker or dessert vendor,Cakes and desserts,,,B50-5224587,TAKE-OUT OR RETAIL FOOD ESTABLISHMENT,2026-09-01,Business name suggests bakery/desserts; event orders unverified,low,Needs business and event-service verification; do not publish as approved,https://open.toronto.ca/dataset/municipal-licensing-and-standards-business-licences-and-permits/
DESSERT FOX,Baker or dessert vendor,Cakes and desserts,,,B50-55A6135,TAKE-OUT OR RETAIL FOOD ESTABLISHMENT,2025-12-26,Business name suggests bakery/desserts; event orders unverified,low,Needs business and event-service verification; do not publish as approved,https://open.toronto.ca/dataset/municipal-licensing-and-standards-business-licences-and-permits/
DESSERT LADY CAFE & BAKERY,Baker or dessert vendor,Cakes and desserts,,4168381336,B71-4811004; R57-4834936,EATING OR DRINKING ESTABLISHMENT; SIDEWALK CAFE,2026-09-10,Business name suggests bakery/desserts; event orders unverified,low,Needs business and event-service verification; do not publish as approved,https://open.toronto.ca/dataset/municipal-licensing-and-standards-business-licences-and-permits/
DIMPFLMEIER BAKERY,Baker or dessert vendor,Cakes and desserts,,4162393031,B50-3834194,TAKE-OUT OR RETAIL FOOD ESTABLISHMENT,2026-03-31,Business name suggests bakery/desserts; event orders unverified,low,Needs business and event-service verification; do not publish as approved,https://open.toronto.ca/dataset/municipal-licensing-and-standards-business-licences-and-permits/
DOCE MINHO PASTRY AND BAKERY,Baker or dessert vendor,Cakes and desserts,,4166528666,B50-3119400; R57-4958185,SIDEWALK CAFE; TAKE-OUT OR RETAIL FOOD ESTABLISHMENT,2026-09-10,Business name suggests bakery/desserts; event orders unverified,low,Needs business and event-service verification; do not publish as approved,https://open.toronto.ca/dataset/municipal-licensing-and-standards-business-licences-and-permits/
DOUGHBITS DESSERT HOUSE,Baker or dessert vendor,Cakes and desserts,,,B50-5656945,TAKE-OUT OR RETAIL FOOD ESTABLISHMENT,2026-08-04,Business name suggests bakery/desserts; event orders unverified,low,Needs business and event-service verification; do not publish as approved,https://open.toronto.ca/dataset/municipal-licensing-and-standards-business-licences-and-permits/
DOURO BAKERY,Baker or dessert vendor,Cakes and desserts,,,B71-5240642,EATING OR DRINKING ESTABLISHMENT,2025-09-23,Business name suggests bakery/desserts; event orders unverified,low,Needs business and event-service verification; do not publish as approved,https://open.toronto.ca/dataset/municipal-licensing-and-standards-business-licences-and-permits/
DULZURA MEXICAN DESSERTS,Baker or dessert vendor,Cakes and desserts,,,B50-5607836; B50-5635507,TAKE-OUT OR RETAIL FOOD ESTABLISHMENT,2026-05-22,Business name suggests bakery/desserts; event orders unverified,low,Needs business and event-service verification; do not publish as approved,https://open.toronto.ca/dataset/municipal-licensing-and-standards-business-licences-and-permits/
DYNASTY BAKERY & CAFE,Baker or dessert vendor,Cakes and desserts,,,B50-0244745,TAKE-OUT OR RETAIL FOOD ESTABLISHMENT,2026-07-03,Business name suggests bakery/desserts; event orders unverified,low,Needs business and event-service verification; do not publish as approved,https://open.toronto.ca/dataset/municipal-licensing-and-standards-business-licences-and-permits/
ELITE BAKERY PASTRY & DELICATESSEN,Baker or dessert vendor,Cakes and desserts,,,B50-4296624,TAKE-OUT OR RETAIL FOOD ESTABLISHMENT,2026-05-01,Business name suggests bakery/desserts; event orders unverified,low,Needs business and event-service verification; do not publish as approved,https://open.toronto.ca/dataset/municipal-licensing-and-standards-business-licences-and-permits/
ELSA'S BAKERY,Baker or dessert vendor,Cakes and desserts,,4167443001,B50-5105701,TAKE-OUT OR RETAIL FOOD ESTABLISHMENT,2026-04-10,Business name suggests bakery/desserts; event orders unverified,low,Needs business and event-service verification; do not publish as approved,https://open.toronto.ca/dataset/municipal-licensing-and-standards-business-licences-and-permits/
EMILIO'S MEXICAN BAKERY,Baker or dessert vendor,Cakes and desserts,,,B50-5518680,TAKE-OUT OR RETAIL FOOD ESTABLISHMENT,2026-04-24,Business name suggests bakery/desserts; event orders unverified,low,Needs business and event-service verification; do not publish as approved,https://open.toronto.ca/dataset/municipal-licensing-and-standards-business-licences-and-permits/
ERAA CATERING & BAKERY,Baker or dessert vendor,Cakes and desserts,,4162932622,B50-4202846,TAKE-OUT OR RETAIL FOOD ESTABLISHMENT,2025-10-24,Business name suggests bakery/desserts; event orders unverified,low,Needs business and event-service verification; do not publish as approved,https://open.toronto.ca/dataset/municipal-licensing-and-standards-business-licences-and-permits/
ESPRESSO BAKERY & DELI,Baker or dessert vendor,Cakes and desserts,,4162363183,B50-0006576,TAKE-OUT OR RETAIL FOOD ESTABLISHMENT,2026-05-19,Business name suggests bakery/desserts; event orders unverified,low,Needs business and event-service verification; do not publish as approved,https://open.toronto.ca/dataset/municipal-licensing-and-standards-business-licences-and-permits/
EURO BAKERY,Baker or dessert vendor,Cakes and desserts,,4167607287,B50-3126484,TAKE-OUT OR RETAIL FOOD ESTABLISHMENT,2025-09-30,Business name suggests bakery/desserts; event orders unverified,low,Needs business and event-service verification; do not publish as approved,https://open.toronto.ca/dataset/municipal-licensing-and-standards-business-licences-and-permits/
EUROPEAN PATISSERIE,Baker or dessert vendor,Cakes and desserts,,6478662644,B50-4177238,TAKE-OUT OR RETAIL FOOD ESTABLISHMENT,2026-02-06,Business name suggests bakery/desserts; event orders unverified,low,Needs business and event-service verification; do not publish as approved,https://open.toronto.ca/dataset/municipal-licensing-and-standards-business-licences-and-permits/
EUROPEAN SAUSAGE HOUSE BAKERY,Baker or dessert vendor,Cakes and desserts,,4166637413,B50-3123877,TAKE-OUT OR RETAIL FOOD ESTABLISHMENT,2026-05-05,Business name suggests bakery/desserts; event orders unverified,low,Needs business and event-service verification; do not publish as approved,https://open.toronto.ca/dataset/municipal-licensing-and-standards-business-licences-and-permits/
EVANA PATISSERIE & CAFE,Baker or dessert vendor,Cakes and desserts,,,B50-5303607,TAKE-OUT OR RETAIL FOOD ESTABLISHMENT,2026-06-26,Business name suggests bakery/desserts; event orders unverified,low,Needs business and event-service verification; do not publish as approved,https://open.toronto.ca/dataset/municipal-licensing-and-standards-business-licences-and-permits/
EVELYNS WHOLEGRAIN BAKERY,Baker or dessert vendor,Cakes and desserts,,,B50-5580084,TAKE-OUT OR RETAIL FOOD ESTABLISHMENT,2026-09-11,Business name suggests bakery/desserts; event orders unverified,low,Needs business and event-service verification; do not publish as approved,https://open.toronto.ca/dataset/municipal-licensing-and-standards-business-licences-and-permits/
EVERBEST BAKERY,Baker or dessert vendor,Cakes and desserts,,4166093627,B50-4729167,TAKE-OUT OR RETAIL FOOD ESTABLISHMENT,2026-08-11,Business name suggests bakery/desserts; event orders unverified,low,Needs business and event-service verification; do not publish as approved,https://open.toronto.ca/dataset/municipal-licensing-and-standards-business-licences-and-permits/
FAHMEE BAKERY,Baker or dessert vendor,Cakes and desserts,,,B50-5583006,TAKE-OUT OR RETAIL FOOD ESTABLISHMENT,2026-09-01,Business name suggests bakery/desserts; event orders unverified,low,Needs business and event-service verification; do not publish as approved,https://open.toronto.ca/dataset/municipal-licensing-and-standards-business-licences-and-permits/
FAMILY BAKERY CAFE,Baker or dessert vendor,Cakes and desserts,,6478470405,B71-4419765,EATING OR DRINKING ESTABLISHMENT,2026-03-06,Business name suggests bakery/desserts; event orders unverified,low,Needs business and event-service verification; do not publish as approved,https://open.toronto.ca/dataset/municipal-licensing-and-standards-business-licences-and-permits/
FANTAIL BAKERY CAFE,Baker or dessert vendor,Cakes and desserts,,4168327112,B71-5202477,EATING OR DRINKING ESTABLISHMENT,2026-01-30,Business name suggests bakery/desserts; event orders unverified,low,Needs business and event-service verification; do not publish as approved,https://open.toronto.ca/dataset/municipal-licensing-and-standards-business-licences-and-permits/
FINE BAKERY & DELI,Baker or dessert vendor,Cakes and desserts,,4162551414,B50-5304115,TAKE-OUT OR RETAIL FOOD ESTABLISHMENT,2026-01-30,Business name suggests bakery/desserts; event orders unverified,low,Needs business and event-service verification; do not publish as approved,https://open.toronto.ca/dataset/municipal-licensing-and-standards-business-licences-and-permits/
FOWLER'S CORNERS COUNTRY MARKET AND BAKERY,Baker or dessert vendor,Cakes and desserts,,7057601173,B50-5485615,TAKE-OUT OR RETAIL FOOD ESTABLISHMENT,2026-09-02,Business name suggests bakery/desserts; event orders unverified,low,Needs business and event-service verification; do not publish as approved,https://open.toronto.ca/dataset/municipal-licensing-and-standards-business-licences-and-permits/
FRAGRANT BAKERY,Baker or dessert vendor,Cakes and desserts,,4162981608,B50-4906399,TAKE-OUT OR RETAIL FOOD ESTABLISHMENT,2026-01-27,Business name suggests bakery/desserts; event orders unverified,low,Needs business and event-service verification; do not publish as approved,https://open.toronto.ca/dataset/municipal-licensing-and-standards-business-licences-and-permits/
FRANCESCA ITALIAN BAKERY LTD,Baker or dessert vendor,Cakes and desserts,,4162991174,B50-0232253,TAKE-OUT OR RETAIL FOOD ESTABLISHMENT,2026-05-15,Business name suggests bakery/desserts; event orders unverified,low,Needs business and event-service verification; do not publish as approved,https://open.toronto.ca/dataset/municipal-licensing-and-standards-business-licences-and-permits/
FRESH BREAD BAKERY,Baker or dessert vendor,Cakes and desserts,,,B50-5615426,TAKE-OUT OR RETAIL FOOD ESTABLISHMENT,2026-03-10,Business name suggests bakery/desserts; event orders unverified,low,Needs business and event-service verification; do not publish as approved,https://open.toronto.ca/dataset/municipal-licensing-and-standards-business-licences-and-permits/
FRIDA'S MEXI-CAKES,Baker or dessert vendor,Cakes and desserts,,,B50-5577434,TAKE-OUT OR RETAIL FOOD ESTABLISHMENT,2025-10-16,Business name suggests bakery/desserts; event orders unverified,low,Needs business and event-service verification; do not publish as approved,https://open.toronto.ca/dataset/municipal-licensing-and-standards-business-licences-and-permits/
FUTURE BAKERY & CAFE ( ST. LAWRENCE ),Baker or dessert vendor,Cakes and desserts,,,B71-0243232,EATING OR DRINKING ESTABLISHMENT,2026-03-06,Business name suggests bakery/desserts; event orders unverified,low,Needs business and event-service verification; do not publish as approved,https://open.toronto.ca/dataset/municipal-licensing-and-standards-business-licences-and-permits/
GABRIEL CAKE & PASTRY 2,Baker or dessert vendor,Cakes and desserts,,,B71-5638747,EATING OR DRINKING ESTABLISHMENT,2026-06-12,Business name suggests bakery/desserts; event orders unverified,low,Needs business and event-service verification; do not publish as approved,https://open.toronto.ca/dataset/municipal-licensing-and-standards-business-licences-and-permits/
GEMARO BAKERY,Baker or dessert vendor,Cakes and desserts,,,B50-5429430,TAKE-OUT OR RETAIL FOOD ESTABLISHMENT,2026-04-17,Business name suggests bakery/desserts; event orders unverified,low,Needs business and event-service verification; do not publish as approved,https://open.toronto.ca/dataset/municipal-licensing-and-standards-business-licences-and-permits/
GERRARD ST. BAKERY,Baker or dessert vendor,Cakes and desserts,,6472068308,B50-4837962,TAKE-OUT OR RETAIL FOOD ESTABLISHMENT,2026-06-29,Business name suggests bakery/desserts; event orders unverified,low,Needs business and event-service verification; do not publish as approved,https://open.toronto.ca/dataset/municipal-licensing-and-standards-business-licences-and-permits/
GLOUCESTER BAKERY,Baker or dessert vendor,Cakes and desserts,,4166180922,B50-0242560; B50-3247424,TAKE-OUT OR RETAIL FOOD ESTABLISHMENT,2026-08-28,Business name suggests bakery/desserts; event orders unverified,low,Needs business and event-service verification; do not publish as approved,https://open.toronto.ca/dataset/municipal-licensing-and-standards-business-licences-and-permits/
GOLDEN PATTY BAKERY,Baker or dessert vendor,Cakes and desserts,,4169773191,B50-4734473,TAKE-OUT OR RETAIL FOOD ESTABLISHMENT,2026-07-07,Business name suggests bakery/desserts; event orders unverified,low,Needs business and event-service verification; do not publish as approved,https://open.toronto.ca/dataset/municipal-licensing-and-standards-business-licences-and-permits/
GOLDEN WHEAT BAKERY CAFE,Baker or dessert vendor,Cakes and desserts,,4166542867,B50-5659459; B71-4294163; R57-4958164,EATING OR DRINKING ESTABLISHMENT; SIDEWALK CAFE; TAKE-OUT OR RETAIL FOOD ESTABLISHMENT,2026-09-10,Business name suggests bakery/desserts; event orders unverified,low,Needs business and event-service verification; do not publish as approved,https://open.toronto.ca/dataset/municipal-licensing-and-standards-business-licences-and-permits/
GRACE BAKERY,Baker or dessert vendor,Cakes and desserts,,,B50-5597316,TAKE-OUT OR RETAIL FOOD ESTABLISHMENT,2025-11-14,Business name suggests bakery/desserts; event orders unverified,low,Needs business and event-service verification; do not publish as approved,https://open.toronto.ca/dataset/municipal-licensing-and-standards-business-licences-and-permits/
GRAND OVEN BAKERY,Baker or dessert vendor,Cakes and desserts,,,B50-5414134,TAKE-OUT OR RETAIL FOOD ESTABLISHMENT,2026-07-23,Business name suggests bakery/desserts; event orders unverified,low,Needs business and event-service verification; do not publish as approved,https://open.toronto.ca/dataset/municipal-licensing-and-standards-business-licences-and-permits/
GRAYSON'S RUSTIC BAKERY,Baker or dessert vendor,Cakes and desserts,,,B50-5221578,TAKE-OUT OR RETAIL FOOD ESTABLISHMENT,2026-07-03,Business name suggests bakery/desserts; event orders unverified,low,Needs business and event-service verification; do not publish as approved,https://open.toronto.ca/dataset/municipal-licensing-and-standards-business-licences-and-permits/
GREY MATLOCK BAKERY,Baker or dessert vendor,Cakes and desserts,,4378551880,B50-5582990,TAKE-OUT OR RETAIL FOOD ESTABLISHMENT,2026-09-18,Business name suggests bakery/desserts; event orders unverified,low,Needs business and event-service verification; do not publish as approved,https://open.toronto.ca/dataset/municipal-licensing-and-standards-business-licences-and-permits/
GRYFE'S BAGEL BAKERY,Baker or dessert vendor,Cakes and desserts,,,B50-5304821,TAKE-OUT OR RETAIL FOOD ESTABLISHMENT,2025-12-19,Business name suggests bakery/desserts; event orders unverified,low,Needs business and event-service verification; do not publish as approved,https://open.toronto.ca/dataset/municipal-licensing-and-standards-business-licences-and-permits/
HADRIEN VERRIER PATISSERIE,Baker or dessert vendor,Cakes and desserts,,,B50-5377625; R57-5525148,SIDEWALK CAFE; TAKE-OUT OR RETAIL FOOD ESTABLISHMENT,2026-02-27,Business name suggests bakery/desserts; event orders unverified,low,Needs business and event-service verification; do not publish as approved,https://open.toronto.ca/dataset/municipal-licensing-and-standards-business-licences-and-permits/
HANNAH'S CAFE AND BAKERY,Baker or dessert vendor,Cakes and desserts,,4165511620,B71-4657652,EATING OR DRINKING ESTABLISHMENT,2026-08-11,Business name suggests bakery/desserts; event orders unverified,low,Needs business and event-service verification; do not publish as approved,https://open.toronto.ca/dataset/municipal-licensing-and-standards-business-licences-and-permits/
HANOI CAKES & RESTAURANT,Baker or dessert vendor,Cakes and desserts,,4165384963,B71-3122639,EATING OR DRINKING ESTABLISHMENT,2025-12-23,Business name suggests bakery/desserts; event orders unverified,low,Needs business and event-service verification; do not publish as approved,https://open.toronto.ca/dataset/municipal-licensing-and-standards-business-licences-and-permits/
HARBORD BAKERY,Baker or dessert vendor,Cakes and desserts,,4169225767,B50-3129458,TAKE-OUT OR RETAIL FOOD ESTABLISHMENT,2025-08-22,Business name suggests bakery/desserts; event orders unverified,low,Needs business and event-service verification; do not publish as approved,https://open.toronto.ca/dataset/municipal-licensing-and-standards-business-licences-and-permits/
HERMES BAKERY,Baker or dessert vendor,Cakes and desserts,,4167871234,B50-4427747,TAKE-OUT OR RETAIL FOOD ESTABLISHMENT,2026-09-11,Business name suggests bakery/desserts; event orders unverified,low,Needs business and event-service verification; do not publish as approved,https://open.toronto.ca/dataset/municipal-licensing-and-standards-business-licences-and-permits/
HITOTOKI JAPANESE BAKERY,Baker or dessert vendor,Cakes and desserts,,,B50-5406154,TAKE-OUT OR RETAIL FOOD ESTABLISHMENT,2025-12-23,Business name suggests bakery/desserts; event orders unverified,low,Needs business and event-service verification; do not publish as approved,https://open.toronto.ca/dataset/municipal-licensing-and-standards-business-licences-and-permits/
HOANG VIET BAKERY COFFEE,Baker or dessert vendor,Cakes and desserts,,4166505888,B71-4417797,EATING OR DRINKING ESTABLISHMENT,2026-02-03,Business name suggests bakery/desserts; event orders unverified,low,Needs business and event-service verification; do not publish as approved,https://open.toronto.ca/dataset/municipal-licensing-and-standards-business-licences-and-permits/
HOMIES DESSERTS,Baker or dessert vendor,Cakes and desserts,,,B50-5627356,TAKE-OUT OR RETAIL FOOD ESTABLISHMENT,2026-04-23,Business name suggests bakery/desserts; event orders unverified,low,Needs business and event-service verification; do not publish as approved,https://open.toronto.ca/dataset/municipal-licensing-and-standards-business-licences-and-permits/
HONEYMOON DESSERT,Baker or dessert vendor,Cakes and desserts,,4164130693,B71-5547366,EATING OR DRINKING ESTABLISHMENT,2026-05-07,Business name suggests bakery/desserts; event orders unverified,low,Needs business and event-service verification; do not publish as approved,https://open.toronto.ca/dataset/municipal-licensing-and-standards-business-licences-and-permits/
HONGKONG ISLAND BAKERY AND CAFE,Baker or dessert vendor,Cakes and desserts,,,B71-5047886,EATING OR DRINKING ESTABLISHMENT,2025-11-07,Business name suggests bakery/desserts; event orders unverified,low,Needs business and event-service verification; do not publish as approved,https://open.toronto.ca/dataset/municipal-licensing-and-standards-business-licences-and-permits/
I AM A CAKE,Baker or dessert vendor,Cakes and desserts,,,B71-5606895,EATING OR DRINKING ESTABLISHMENT,2026-01-29,Business name suggests bakery/desserts; event orders unverified,low,Needs business and event-service verification; do not publish as approved,https://open.toronto.ca/dataset/municipal-licensing-and-standards-business-licences-and-permits/
ICE'N CAKE,Baker or dessert vendor,Cakes and desserts,,4164442100,B71-4534810,EATING OR DRINKING ESTABLISHMENT,2026-03-03,Business name suggests bakery/desserts; event orders unverified,low,Needs business and event-service verification; do not publish as approved,https://open.toronto.ca/dataset/municipal-licensing-and-standards-business-licences-and-permits/
INDO CANADA BAKERY,Baker or dessert vendor,Cakes and desserts,,,B50-0234068,TAKE-OUT OR RETAIL FOOD ESTABLISHMENT,2025-09-19,Business name suggests bakery/desserts; event orders unverified,low,Needs business and event-service verification; do not publish as approved,https://open.toronto.ca/dataset/municipal-licensing-and-standards-business-licences-and-permits/
JACKIE'S CREATIVE CAKES AND SWEETS,Baker or dessert vendor,Cakes and desserts,,6478011670,B50-55A4390,TAKE-OUT OR RETAIL FOOD ESTABLISHMENT,2026-09-22,Business name suggests bakery/desserts; event orders unverified,low,Needs business and event-service verification; do not publish as approved,https://open.toronto.ca/dataset/municipal-licensing-and-standards-business-licences-and-permits/
JANCHENKO'S BAKERY,Baker or dessert vendor,Cakes and desserts,,4167698065,B50-4734323,TAKE-OUT OR RETAIL FOOD ESTABLISHMENT,2025-12-09,Business name suggests bakery/desserts; event orders unverified,low,Needs business and event-service verification; do not publish as approved,https://open.toronto.ca/dataset/municipal-licensing-and-standards-business-licences-and-permits/
JOHNNY CUSTARD DESSERT CO,Baker or dessert vendor,Cakes and desserts,,4165517754,B71-5047882,EATING OR DRINKING ESTABLISHMENT,2025-12-19,Business name suggests bakery/desserts; event orders unverified,low,Needs business and event-service verification; do not publish as approved,https://open.toronto.ca/dataset/municipal-licensing-and-standards-business-licences-and-permits/
JOHNSON FAMILY BAKERY,Baker or dessert vendor,Cakes and desserts,,,B50-5364006,TAKE-OUT OR RETAIL FOOD ESTABLISHMENT,2026-02-06,Business name suggests bakery/desserts; event orders unverified,low,Needs business and event-service verification; do not publish as approved,https://open.toronto.ca/dataset/municipal-licensing-and-standards-business-licences-and-permits/
JORDAVELLE'S DESSERTS,Baker or dessert vendor,Cakes and desserts,,6477856914,B50-5404604,TAKE-OUT OR RETAIL FOOD ESTABLISHMENT,2026-01-20,Business name suggests bakery/desserts; event orders unverified,low,Needs business and event-service verification; do not publish as approved,https://open.toronto.ca/dataset/municipal-licensing-and-standards-business-licences-and-permits/
JUI'S CAKES & TREATS,Baker or dessert vendor,Cakes and desserts,,,B50-5217735,TAKE-OUT OR RETAIL FOOD ESTABLISHMENT,2026-05-25,Business name suggests bakery/desserts; event orders unverified,low,Needs business and event-service verification; do not publish as approved,https://open.toronto.ca/dataset/municipal-licensing-and-standards-business-licences-and-permits/
KABUL RESTAURANT & BAKERY,Baker or dessert vendor,Cakes and desserts,,4164234445,B71-4746068,EATING OR DRINKING ESTABLISHMENT,2025-10-28,Business name suggests bakery/desserts; event orders unverified,low,Needs business and event-service verification; do not publish as approved,https://open.toronto.ca/dataset/municipal-licensing-and-standards-business-licences-and-permits/
KANNY'S CAKES,Baker or dessert vendor,Cakes and desserts,,,B71-55A0645,EATING OR DRINKING ESTABLISHMENT,2025-11-21,Business name suggests bakery/desserts; event orders unverified,low,Needs business and event-service verification; do not publish as approved,https://open.toronto.ca/dataset/municipal-licensing-and-standards-business-licences-and-permits/
KATIES CAKES,Baker or dessert vendor,Cakes and desserts,,4167576896,B50-4720813,TAKE-OUT OR RETAIL FOOD ESTABLISHMENT,2026-05-22,Business name suggests bakery/desserts; event orders unverified,low,Needs business and event-service verification; do not publish as approved,https://open.toronto.ca/dataset/municipal-licensing-and-standards-business-licences-and-permits/
KENSINGTON NATURAL BAKERY,Baker or dessert vendor,Cakes and desserts,,,B71-0214282,EATING OR DRINKING ESTABLISHMENT,2025-10-03,Business name suggests bakery/desserts; event orders unverified,low,Needs business and event-service verification; do not publish as approved,https://open.toronto.ca/dataset/municipal-licensing-and-standards-business-licences-and-permits/
KESTREL BAKERY & TAKE OUT,Baker or dessert vendor,Cakes and desserts,,4167447279,B50-4182890,TAKE-OUT OR RETAIL FOOD ESTABLISHMENT,2026-06-26,Business name suggests bakery/desserts; event orders unverified,low,Needs business and event-service verification; do not publish as approved,https://open.toronto.ca/dataset/municipal-licensing-and-standards-business-licences-and-permits/
KIN-KIN BAKERY,Baker or dessert vendor,Cakes and desserts,,,B50-4844949,TAKE-OUT OR RETAIL FOOD ESTABLISHMENT,2026-05-15,Business name suggests bakery/desserts; event orders unverified,low,Needs business and event-service verification; do not publish as approved,https://open.toronto.ca/dataset/municipal-licensing-and-standards-business-licences-and-permits/
KIN-KIN BAKERY & BUBBLE TEA,Baker or dessert vendor,Cakes and desserts,,4163565409,B50-4980437; B50-5046054; B50-5352203; B50-5625974,TAKE-OUT OR RETAIL FOOD ESTABLISHMENT,2026-08-25,Business name suggests bakery/desserts; event orders unverified,low,Needs business and event-service verification; do not publish as approved,https://open.toronto.ca/dataset/municipal-licensing-and-standards-business-licences-and-permits/
KOMUGI BAKERY,Baker or dessert vendor,Cakes and desserts,,,B50-5230447,TAKE-OUT OR RETAIL FOOD ESTABLISHMENT,2026-08-18,Business name suggests bakery/desserts; event orders unverified,low,Needs business and event-service verification; do not publish as approved,https://open.toronto.ca/dataset/municipal-licensing-and-standards-business-licences-and-permits/
KOSTAS GREEK BAKERY,Baker or dessert vendor,Cakes and desserts,,,B50-4305646,TAKE-OUT OR RETAIL FOOD ESTABLISHMENT,2026-03-03,Business name suggests bakery/desserts; event orders unverified,low,Needs business and event-service verification; do not publish as approved,https://open.toronto.ca/dataset/municipal-licensing-and-standards-business-licences-and-permits/
KOUROSH BAKERY & FAST-FOOD,Baker or dessert vendor,Cakes and desserts,,,B71-5319600,EATING OR DRINKING ESTABLISHMENT,2026-01-30,Business name suggests bakery/desserts; event orders unverified,low,Needs business and event-service verification; do not publish as approved,https://open.toronto.ca/dataset/municipal-licensing-and-standards-business-licences-and-permits/
KURDISH BAKERY FARIKA NAN AND PASTRY,Baker or dessert vendor,Cakes and desserts,,,B50-5614164,TAKE-OUT OR RETAIL FOOD ESTABLISHMENT,2026-03-20,Business name suggests bakery/desserts; event orders unverified,low,Needs business and event-service verification; do not publish as approved,https://open.toronto.ca/dataset/municipal-licensing-and-standards-business-licences-and-permits/
LA BAMBOCHE BAKERY,Baker or dessert vendor,Cakes and desserts,,,B71-5529472,EATING OR DRINKING ESTABLISHMENT,2026-04-23,Business name suggests bakery/desserts; event orders unverified,low,Needs business and event-service verification; do not publish as approved,https://open.toronto.ca/dataset/municipal-licensing-and-standards-business-licences-and-permits/
LA GUANAQUITA BAKERY AND ROTISSERIE,Baker or dessert vendor,Cakes and desserts,,,B50-5040550,TAKE-OUT OR RETAIL FOOD ESTABLISHMENT,2026-09-01,Business name suggests bakery/desserts; event orders unverified,low,Needs business and event-service verification; do not publish as approved,https://open.toronto.ca/dataset/municipal-licensing-and-standards-business-licences-and-permits/
LA ROSE BAKERY,Baker or dessert vendor,Cakes and desserts,,4162489828,B50-0007269,TAKE-OUT OR RETAIL FOOD ESTABLISHMENT,2026-01-30,Business name suggests bakery/desserts; event orders unverified,low,Needs business and event-service verification; do not publish as approved,https://open.toronto.ca/dataset/municipal-licensing-and-standards-business-licences-and-permits/
LALE BAKERY CAFFE,Baker or dessert vendor,Cakes and desserts,,4162590801,B71-4535652,EATING OR DRINKING ESTABLISHMENT,2026-03-31,Business name suggests bakery/desserts; event orders unverified,low,Needs business and event-service verification; do not publish as approved,https://open.toronto.ca/dataset/municipal-licensing-and-standards-business-licences-and-permits/
LAMANNA'S BAKERY,Baker or dessert vendor,Cakes and desserts,,4162872020,B71-4722135,EATING OR DRINKING ESTABLISHMENT,2026-03-24,Business name suggests bakery/desserts; event orders unverified,low,Needs business and event-service verification; do not publish as approved,https://open.toronto.ca/dataset/municipal-licensing-and-standards-business-licences-and-permits/
LE BEAU PATISSERIE,Baker or dessert vendor,Cakes and desserts,,,B71-4980104,EATING OR DRINKING ESTABLISHMENT,2026-09-04,Business name suggests bakery/desserts; event orders unverified,low,Needs business and event-service verification; do not publish as approved,https://open.toronto.ca/dataset/municipal-licensing-and-standards-business-licences-and-permits/
LE GENIE BAKERY & ESPRESSO,Baker or dessert vendor,Cakes and desserts,,6479866639,B71-5005625,EATING OR DRINKING ESTABLISHMENT,2026-03-13,Business name suggests bakery/desserts; event orders unverified,low,Needs business and event-service verification; do not publish as approved,https://open.toronto.ca/dataset/municipal-licensing-and-standards-business-licences-and-permits/
LEBANESE BAKERY,Baker or dessert vendor,Cakes and desserts,,4164412450,B71-4430586,EATING OR DRINKING ESTABLISHMENT,2025-05-27,Business name suggests bakery/desserts; event orders unverified,low,Needs business and event-service verification; do not publish as approved,https://open.toronto.ca/dataset/municipal-licensing-and-standards-business-licences-and-permits/
LEVANDE BAKERY,Baker or dessert vendor,Cakes and desserts,,,B71-5504967,EATING OR DRINKING ESTABLISHMENT,2025-12-12,Business name suggests bakery/desserts; event orders unverified,low,Needs business and event-service verification; do not publish as approved,https://open.toronto.ca/dataset/municipal-licensing-and-standards-business-licences-and-permits/
LOVA CAFE & BAKERY,Baker or dessert vendor,Cakes and desserts,,,B71-5642310,EATING OR DRINKING ESTABLISHMENT,2026-06-09,Business name suggests bakery/desserts; event orders unverified,low,Needs business and event-service verification; do not publish as approved,https://open.toronto.ca/dataset/municipal-licensing-and-standards-business-licences-and-permits/
LUCULLUS BAKERY,Baker or dessert vendor,Cakes and desserts,,,B71-5406586,EATING OR DRINKING ESTABLISHMENT,2025-12-23,Business name suggests bakery/desserts; event orders unverified,low,Needs business and event-service verification; do not publish as approved,https://open.toronto.ca/dataset/municipal-licensing-and-standards-business-licences-and-permits/
LUNA BAKERY,Baker or dessert vendor,Cakes and desserts,,,B71-5449231,EATING OR DRINKING ESTABLISHMENT,2026-07-07,Business name suggests bakery/desserts; event orders unverified,low,Needs business and event-service verification; do not publish as approved,https://open.toronto.ca/dataset/municipal-licensing-and-standards-business-licences-and-permits/
M & Y BAKERY,Baker or dessert vendor,Cakes and desserts,,4164933881,B71-4541779,EATING OR DRINKING ESTABLISHMENT,2026-08-07,Business name suggests bakery/desserts; event orders unverified,low,Needs business and event-service verification; do not publish as approved,https://open.toronto.ca/dataset/municipal-licensing-and-standards-business-licences-and-permits/
M SQUARE CAKE,Baker or dessert vendor,Cakes and desserts,,,B50-5554229,TAKE-OUT OR RETAIL FOOD ESTABLISHMENT,2026-05-19,Business name suggests bakery/desserts; event orders unverified,low,Needs business and event-service verification; do not publish as approved,https://open.toronto.ca/dataset/municipal-licensing-and-standards-business-licences-and-permits/
M SQUARE CAKE NORTH YORK,Baker or dessert vendor,Cakes and desserts,,,B50-5639619,TAKE-OUT OR RETAIL FOOD ESTABLISHMENT,2026-06-12,Business name suggests bakery/desserts; event orders unverified,low,Needs business and event-service verification; do not publish as approved,https://open.toronto.ca/dataset/municipal-licensing-and-standards-business-licences-and-permits/
MABEL'S BAKERY,Baker or dessert vendor,Cakes and desserts,,,B50-5614394; B50-5623852; B71-5635960; B71-5638915; B71-5642078; B71-5645310,EATING OR DRINKING ESTABLISHMENT; TAKE-OUT OR RETAIL FOOD ESTABLISHMENT,2026-06-19,Business name suggests bakery/desserts; event orders unverified,low,Needs business and event-service verification; do not publish as approved,https://open.toronto.ca/dataset/municipal-licensing-and-standards-business-licences-and-permits/
MAMA BAKERY AND KARAHI,Baker or dessert vendor,Cakes and desserts,,,B50-5324011,TAKE-OUT OR RETAIL FOOD ESTABLISHMENT,2026-03-30,Business name suggests bakery/desserts; event orders unverified,low,Needs business and event-service verification; do not publish as approved,https://open.toronto.ca/dataset/municipal-licensing-and-standards-business-licences-and-permits/
MAMAN BAKERY & CAFE,Baker or dessert vendor,Cakes and desserts,,4169083358,B71-4866041,EATING OR DRINKING ESTABLISHMENT,2026-03-10,Business name suggests bakery/desserts; event orders unverified,low,Needs business and event-service verification; do not publish as approved,https://open.toronto.ca/dataset/municipal-licensing-and-standards-business-licences-and-permits/
MANGO LIKE DESSERTS,Baker or dessert vendor,Cakes and desserts,,,B50-5433691,TAKE-OUT OR RETAIL FOOD ESTABLISHMENT,2026-05-19,Business name suggests bakery/desserts; event orders unverified,low,Needs business and event-service verification; do not publish as approved,https://open.toronto.ca/dataset/municipal-licensing-and-standards-business-licences-and-permits/
MANZOU BAKERY,Baker or dessert vendor,Cakes and desserts,,,B50-5402179,TAKE-OUT OR RETAIL FOOD ESTABLISHMENT,2026-01-20,Business name suggests bakery/desserts; event orders unverified,low,Needs business and event-service verification; do not publish as approved,https://open.toronto.ca/dataset/municipal-licensing-and-standards-business-licences-and-permits/
MARJO BAKERY,Baker or dessert vendor,Cakes and desserts,,,B50-4754057,TAKE-OUT OR RETAIL FOOD ESTABLISHMENT,2025-10-31,Business name suggests bakery/desserts; event orders unverified,low,Needs business and event-service verification; do not publish as approved,https://open.toronto.ca/dataset/municipal-licensing-and-standards-business-licences-and-permits/
MARS THE STARS BAKERY,Baker or dessert vendor,Cakes and desserts,,,B50-5646267,TAKE-OUT OR RETAIL FOOD ESTABLISHMENT,2026-06-30,Business name suggests bakery/desserts; event orders unverified,low,Needs business and event-service verification; do not publish as approved,https://open.toronto.ca/dataset/municipal-licensing-and-standards-business-licences-and-permits/
MARTIN'S BAKERY,Baker or dessert vendor,Cakes and desserts,,,B50-5614187,TAKE-OUT OR RETAIL FOOD ESTABLISHMENT,2026-05-14,Business name suggests bakery/desserts; event orders unverified,low,Needs business and event-service verification; do not publish as approved,https://open.toronto.ca/dataset/municipal-licensing-and-standards-business-licences-and-permits/
MASHION BAKERY,Baker or dessert vendor,Cakes and desserts,,6473482866,B71-4543578,EATING OR DRINKING ESTABLISHMENT,2025-10-07,Business name suggests bakery/desserts; event orders unverified,low,Needs business and event-service verification; do not publish as approved,https://open.toronto.ca/dataset/municipal-licensing-and-standards-business-licences-and-permits/
MEL'S BAKERY,Baker or dessert vendor,Cakes and desserts,,,B71-5631082,EATING OR DRINKING ESTABLISHMENT,2026-06-30,Business name suggests bakery/desserts; event orders unverified,low,Needs business and event-service verification; do not publish as approved,https://open.toronto.ca/dataset/municipal-licensing-and-standards-business-licences-and-permits/
MELT IN DESSERTS,Baker or dessert vendor,Cakes and desserts,,,B50-5635978,TAKE-OUT OR RETAIL FOOD ESTABLISHMENT,2026-06-09,Business name suggests bakery/desserts; event orders unverified,low,Needs business and event-service verification; do not publish as approved,https://open.toronto.ca/dataset/municipal-licensing-and-standards-business-licences-and-permits/
MENALON BAKERY,Baker or dessert vendor,Cakes and desserts,,,B50-5379153,TAKE-OUT OR RETAIL FOOD ESTABLISHMENT,2025-10-28,Business name suggests bakery/desserts; event orders unverified,low,Needs business and event-service verification; do not publish as approved,https://open.toronto.ca/dataset/municipal-licensing-and-standards-business-licences-and-permits/
MENDOZA BAKERY,Baker or dessert vendor,Cakes and desserts,,4162675878,B50-4307628,TAKE-OUT OR RETAIL FOOD ESTABLISHMENT,2026-04-17,Business name suggests bakery/desserts; event orders unverified,low,Needs business and event-service verification; do not publish as approved,https://open.toronto.ca/dataset/municipal-licensing-and-standards-business-licences-and-permits/
MESSINA BAKERY,Baker or dessert vendor,Cakes and desserts,,4167622496,B50-5373357,TAKE-OUT OR RETAIL FOOD ESTABLISHMENT,2025-10-07,Business name suggests bakery/desserts; event orders unverified,low,Needs business and event-service verification; do not publish as approved,https://open.toronto.ca/dataset/municipal-licensing-and-standards-business-licences-and-permits/
METANOIA CAFE AND DESSERTS BAR,Baker or dessert vendor,Cakes and desserts,,,B71-5670422,EATING OR DRINKING ESTABLISHMENT,2026-09-25,Business name suggests bakery/desserts; event orders unverified,low,Needs business and event-service verification; do not publish as approved,https://open.toronto.ca/dataset/municipal-licensing-and-standards-business-licences-and-permits/
MICHEL'S BAKERY CAFE,Baker or dessert vendor,Cakes and desserts,,,B71-5444376; B71-5444381,EATING OR DRINKING ESTABLISHMENT,2026-05-08,Business name suggests bakery/desserts; event orders unverified,low,Needs business and event-service verification; do not publish as approved,https://open.toronto.ca/dataset/municipal-licensing-and-standards-business-licences-and-permits/
MILVAN BAKERY,Baker or dessert vendor,Cakes and desserts,,4167415256,B50-4683504,TAKE-OUT OR RETAIL FOOD ESTABLISHMENT,2026-09-18,Business name suggests bakery/desserts; event orders unverified,low,Needs business and event-service verification; do not publish as approved,https://open.toronto.ca/dataset/municipal-licensing-and-standards-business-licences-and-permits/
MON K PATISSERIE,Baker or dessert vendor,Cakes and desserts,,,B71-4306754,EATING OR DRINKING ESTABLISHMENT,2026-02-13,Business name suggests bakery/desserts; event orders unverified,low,Needs business and event-service verification; do not publish as approved,https://open.toronto.ca/dataset/municipal-licensing-and-standards-business-licences-and-permits/
MONTE BAKERY,Baker or dessert vendor,Cakes and desserts,,,B50-5203228; B50-5323816; B71-5450668; B71-5592329,EATING OR DRINKING ESTABLISHMENT; TAKE-OUT OR RETAIL FOOD ESTABLISHMENT,2026-05-26,Business name suggests bakery/desserts; event orders unverified,low,Needs business and event-service verification; do not publish as approved,https://open.toronto.ca/dataset/municipal-licensing-and-standards-business-licences-and-permits/
MONTESANTO BAKERY,Baker or dessert vendor,Cakes and desserts,,4162480606,B50-5132587,TAKE-OUT OR RETAIL FOOD ESTABLISHMENT,2026-08-18,Business name suggests bakery/desserts; event orders unverified,low,Needs business and event-service verification; do not publish as approved,https://open.toronto.ca/dataset/municipal-licensing-and-standards-business-licences-and-permits/
MONTMARTRE BAKERY,Baker or dessert vendor,Cakes and desserts,,,B50-0229914,TAKE-OUT OR RETAIL FOOD ESTABLISHMENT,2026-01-20,Business name suggests bakery/desserts; event orders unverified,low,Needs business and event-service verification; do not publish as approved,https://open.toronto.ca/dataset/municipal-licensing-and-standards-business-licences-and-permits/
MR MEMO BAKERY,Baker or dessert vendor,Cakes and desserts,,,B71-5630240,EATING OR DRINKING ESTABLISHMENT,2026-04-28,Business name suggests bakery/desserts; event orders unverified,low,Needs business and event-service verification; do not publish as approved,https://open.toronto.ca/dataset/municipal-licensing-and-standards-business-licences-and-permits/
MR. PUFFS DESSERT BAR,Baker or dessert vendor,Cakes and desserts,,,B71-5316270; B71-5352041,EATING OR DRINKING ESTABLISHMENT,2026-08-28,Business name suggests bakery/desserts; event orders unverified,low,Needs business and event-service verification; do not publish as approved,https://open.toronto.ca/dataset/municipal-licensing-and-standards-business-licences-and-permits/
MULU BAKERY & PASTRY,Baker or dessert vendor,Cakes and desserts,,6472906040,B71-4290613,EATING OR DRINKING ESTABLISHMENT,2026-02-27,Business name suggests bakery/desserts; event orders unverified,low,Needs business and event-service verification; do not publish as approved,https://open.toronto.ca/dataset/municipal-licensing-and-standards-business-licences-and-permits/
MUZDA BAKERY,Baker or dessert vendor,Cakes and desserts,,4164669886,B50-4649175,TAKE-OUT OR RETAIL FOOD ESTABLISHMENT,2026-09-18,Business name suggests bakery/desserts; event orders unverified,low,Needs business and event-service verification; do not publish as approved,https://open.toronto.ca/dataset/municipal-licensing-and-standards-business-licences-and-permits/
NADEGE PATISSERIE,Baker or dessert vendor,Cakes and desserts,,,B71-5214597; R57-5634121,EATING OR DRINKING ESTABLISHMENT; SIDEWALK CAFE,2026-06-24,Business name suggests bakery/desserts; event orders unverified,low,Needs business and event-service verification; do not publish as approved,https://open.toronto.ca/dataset/municipal-licensing-and-standards-business-licences-and-permits/
NADEGE PATISSERIE PATH,Baker or dessert vendor,Cakes and desserts,,4163682009,B50-4921778,TAKE-OUT OR RETAIL FOOD ESTABLISHMENT,2026-04-17,Business name suggests bakery/desserts; event orders unverified,low,Needs business and event-service verification; do not publish as approved,https://open.toronto.ca/dataset/municipal-licensing-and-standards-business-licences-and-permits/
NANTANA THAI FOOD & DESSERTS,Baker or dessert vendor,Cakes and desserts,,,B50-4809629,TAKE-OUT OR RETAIL FOOD ESTABLISHMENT,2026-02-13,Business name suggests bakery/desserts; event orders unverified,low,Needs business and event-service verification; do not publish as approved,https://open.toronto.ca/dataset/municipal-licensing-and-standards-business-licences-and-permits/
NATIONAL BAKERY & PASTRY,Baker or dessert vendor,Cakes and desserts,,,B50-5437158,TAKE-OUT OR RETAIL FOOD ESTABLISHMENT,2026-06-26,Business name suggests bakery/desserts; event orders unverified,low,Needs business and event-service verification; do not publish as approved,https://open.toronto.ca/dataset/municipal-licensing-and-standards-business-licences-and-permits/
NEW BAKERY,Baker or dessert vendor,Cakes and desserts,,4167788888,B71-4647530,EATING OR DRINKING ESTABLISHMENT,2026-02-27,Business name suggests bakery/desserts; event orders unverified,low,Needs business and event-service verification; do not publish as approved,https://open.toronto.ca/dataset/municipal-licensing-and-standards-business-licences-and-permits/
"NEW ITALY PIZZA, ASIAN FUSION & BAKERY",Baker or dessert vendor,Cakes and desserts,,,B50-5608027,TAKE-OUT OR RETAIL FOOD ESTABLISHMENT,2026-02-03,Business name suggests bakery/desserts; event orders unverified,low,Needs business and event-service verification; do not publish as approved,https://open.toronto.ca/dataset/municipal-licensing-and-standards-business-licences-and-permits/
NEW KING OF KINGS BAKERY,Baker or dessert vendor,Cakes and desserts,,4167403208,B50-4670855,TAKE-OUT OR RETAIL FOOD ESTABLISHMENT,2026-09-04,Business name suggests bakery/desserts; event orders unverified,low,Needs business and event-service verification; do not publish as approved,https://open.toronto.ca/dataset/municipal-licensing-and-standards-business-licences-and-permits/
NEW QUALITY BREAD BAKERY,Baker or dessert vendor,Cakes and desserts,,,B50-5507038,TAKE-OUT OR RETAIL FOOD ESTABLISHMENT,2026-02-17,Business name suggests bakery/desserts; event orders unverified,low,Needs business and event-service verification; do not publish as approved,https://open.toronto.ca/dataset/municipal-licensing-and-standards-business-licences-and-permits/
"NEW SPICELAND TAKE OUT,CATERING AND BAKERY",Baker or dessert vendor,Cakes and desserts,,4164325759,B50-4068111,TAKE-OUT OR RETAIL FOOD ESTABLISHMENT,2026-04-10,Business name suggests bakery/desserts; event orders unverified,low,Needs business and event-service verification; do not publish as approved,https://open.toronto.ca/dataset/municipal-licensing-and-standards-business-licences-and-permits/
NINO D'AVERSA BAKERY,Baker or dessert vendor,Cakes and desserts,,4166383271,B50-4800447,TAKE-OUT OR RETAIL FOOD ESTABLISHMENT,2026-03-18,Business name suggests bakery/desserts; event orders unverified,low,Needs business and event-service verification; do not publish as approved,https://open.toronto.ca/dataset/municipal-licensing-and-standards-business-licences-and-permits/
NONNI CAFE AND BAKERY,Baker or dessert vendor,Cakes and desserts,,,B71-5501484; R58-5501484,CURB LANE CAFE; EATING OR DRINKING ESTABLISHMENT,2026-09-21,Business name suggests bakery/desserts; event orders unverified,low,Needs business and event-service verification; do not publish as approved,https://open.toronto.ca/dataset/municipal-licensing-and-standards-business-licences-and-permits/
NORMAN SUE BAKERY,Baker or dessert vendor,Cakes and desserts,,,B50-5334768,TAKE-OUT OR RETAIL FOOD ESTABLISHMENT,2026-01-06,Business name suggests bakery/desserts; event orders unverified,low,Needs business and event-service verification; do not publish as approved,https://open.toronto.ca/dataset/municipal-licensing-and-standards-business-licences-and-permits/
NOTHING BUNDT CAKES,Baker or dessert vendor,Cakes and desserts,,,B50-5363634,TAKE-OUT OR RETAIL FOOD ESTABLISHMENT,2026-09-15,Business name suggests bakery/desserts; event orders unverified,low,Needs business and event-service verification; do not publish as approved,https://open.toronto.ca/dataset/municipal-licensing-and-standards-business-licences-and-permits/
NOVA ERA BAKERY & PASTRY,Baker or dessert vendor,Cakes and desserts,,4165387700,B50-3724815,TAKE-OUT OR RETAIL FOOD ESTABLISHMENT,2026-07-14,Business name suggests bakery/desserts; event orders unverified,low,Needs business and event-service verification; do not publish as approved,https://open.toronto.ca/dataset/municipal-licensing-and-standards-business-licences-and-permits/
NOVA ERA BAKERY & PASTRY II INC,Baker or dessert vendor,Cakes and desserts,,4166515000,B71-55A5790,EATING OR DRINKING ESTABLISHMENT,2025-12-19,Business name suggests bakery/desserts; event orders unverified,low,Needs business and event-service verification; do not publish as approved,https://open.toronto.ca/dataset/municipal-licensing-and-standards-business-licences-and-permits/
NOVA ERA BAKERY & PASTRY VIII,Baker or dessert vendor,Cakes and desserts,,4165387700,B50-3477785,TAKE-OUT OR RETAIL FOOD ESTABLISHMENT,2026-09-17,Business name suggests bakery/desserts; event orders unverified,low,Needs business and event-service verification; do not publish as approved,https://open.toronto.ca/dataset/municipal-licensing-and-standards-business-licences-and-permits/
NOVA ERA BAKERY & PASTRY X,Baker or dessert vendor,Cakes and desserts,,,B71-5236184,EATING OR DRINKING ESTABLISHMENT,2026-09-17,Business name suggests bakery/desserts; event orders unverified,low,Needs business and event-service verification; do not publish as approved,https://open.toronto.ca/dataset/municipal-licensing-and-standards-business-licences-and-permits/
NW DESSERTS,Baker or dessert vendor,Cakes and desserts,,4163350200,B50-4750182,TAKE-OUT OR RETAIL FOOD ESTABLISHMENT,2025-10-24,Business name suggests bakery/desserts; event orders unverified,low,Needs business and event-service verification; do not publish as approved,https://open.toronto.ca/dataset/municipal-licensing-and-standards-business-licences-and-permits/
ODESSA DELI AND DESSERTS,Baker or dessert vendor,Cakes and desserts,,4167874249,B50-3837314,TAKE-OUT OR RETAIL FOOD ESTABLISHMENT,2026-04-21,Business name suggests bakery/desserts; event orders unverified,low,Needs business and event-service verification; do not publish as approved,https://open.toronto.ca/dataset/municipal-licensing-and-standards-business-licences-and-permits/
ONE STOP WAFFLE SHOP/JUNCTION DESSERTS,Baker or dessert vendor,Cakes and desserts,,,B50-5552157,TAKE-OUT OR RETAIL FOOD ESTABLISHMENT,2026-09-11,Business name suggests bakery/desserts; event orders unverified,low,Needs business and event-service verification; do not publish as approved,https://open.toronto.ca/dataset/municipal-licensing-and-standards-business-licences-and-permits/
OUT OF OFFICE: MATCHA + BAKERY,Baker or dessert vendor,Cakes and desserts,,,B71-5661681,EATING OR DRINKING ESTABLISHMENT,2026-08-28,Business name suggests bakery/desserts; event orders unverified,low,Needs business and event-service verification; do not publish as approved,https://open.toronto.ca/dataset/municipal-licensing-and-standards-business-licences-and-permits/
PANCHO'S BAKERY INC,Baker or dessert vendor,Cakes and desserts,,,B50-4741644,TAKE-OUT OR RETAIL FOOD ESTABLISHMENT,2026-01-12,Business name suggests bakery/desserts; event orders unverified,low,Needs business and event-service verification; do not publish as approved,https://open.toronto.ca/dataset/municipal-licensing-and-standards-business-licences-and-permits/
PARIS BAKERY & PASTRY,Baker or dessert vendor,Cakes and desserts,,4165329203,B71-4305961; R57-4179911,EATING OR DRINKING ESTABLISHMENT; SIDEWALK CAFE,2026-09-10,Business name suggests bakery/desserts; event orders unverified,low,Needs business and event-service verification; do not publish as approved,https://open.toronto.ca/dataset/municipal-licensing-and-standards-business-licences-and-permits/
PASTEL CREPERIE AND DESSERT HOUSE,Baker or dessert vendor,Cakes and desserts,,6479698168,B71-4073324,EATING OR DRINKING ESTABLISHMENT,2026-07-24,Business name suggests bakery/desserts; event orders unverified,low,Needs business and event-service verification; do not publish as approved,https://open.toronto.ca/dataset/municipal-licensing-and-standards-business-licences-and-permits/
PATCHMON'S THAI DESSERTS AND MORE,Baker or dessert vendor,Cakes and desserts,,6472995250,B50-5107045,TAKE-OUT OR RETAIL FOOD ESTABLISHMENT,2026-04-10,Business name suggests bakery/desserts; event orders unverified,low,Needs business and event-service verification; do not publish as approved,https://open.toronto.ca/dataset/municipal-licensing-and-standards-business-licences-and-permits/
PATISSERIE 27,Baker or dessert vendor,Cakes and desserts,,4167622103,B71-5605456,EATING OR DRINKING ESTABLISHMENT,2026-02-06,Business name suggests bakery/desserts; event orders unverified,low,Needs business and event-service verification; do not publish as approved,https://open.toronto.ca/dataset/municipal-licensing-and-standards-business-licences-and-permits/
PATISSERIE BEST GATEAU,Baker or dessert vendor,Cakes and desserts,,6473523169,B50-5001304,TAKE-OUT OR RETAIL FOOD ESTABLISHMENT,2025-12-16,Business name suggests bakery/desserts; event orders unverified,low,Needs business and event-service verification; do not publish as approved,https://open.toronto.ca/dataset/municipal-licensing-and-standards-business-licences-and-permits/
PATISSERIE JULES,Baker or dessert vendor,Cakes and desserts,,,B50-5114554,TAKE-OUT OR RETAIL FOOD ESTABLISHMENT,2026-05-12,Business name suggests bakery/desserts; event orders unverified,low,Needs business and event-service verification; do not publish as approved,https://open.toronto.ca/dataset/municipal-licensing-and-standards-business-licences-and-permits/
PATISSERIE LA CIGOGNE,Baker or dessert vendor,Cakes and desserts,,4164871234,B50-3362431; B71-4180720; R57-5418000,EATING OR DRINKING ESTABLISHMENT; SIDEWALK CAFE; TAKE-OUT OR RETAIL FOOD ESTABLISHMENT,2026-08-11,Business name suggests bakery/desserts; event orders unverified,low,Needs business and event-service verification; do not publish as approved,https://open.toronto.ca/dataset/municipal-licensing-and-standards-business-licences-and-permits/
PATISSERIE ROYALE,Baker or dessert vendor,Cakes and desserts,,4167556323,B50-4423948,TAKE-OUT OR RETAIL FOOD ESTABLISHMENT,2026-06-09,Business name suggests bakery/desserts; event orders unverified,low,Needs business and event-service verification; do not publish as approved,https://open.toronto.ca/dataset/municipal-licensing-and-standards-business-licences-and-permits/
PATISSERIE SEBASTIEN,Baker or dessert vendor,Cakes and desserts,,4165440333,B71-3956962,EATING OR DRINKING ESTABLISHMENT,2026-07-31,Business name suggests bakery/desserts; event orders unverified,low,Needs business and event-service verification; do not publish as approved,https://open.toronto.ca/dataset/municipal-licensing-and-standards-business-licences-and-permits/
PATRICIA'S CAKE CREATIONS,Baker or dessert vendor,Cakes and desserts,,6473482253,B71-4200940,EATING OR DRINKING ESTABLISHMENT,2026-09-11,Business name suggests bakery/desserts; event orders unverified,low,Needs business and event-service verification; do not publish as approved,https://open.toronto.ca/dataset/municipal-licensing-and-standards-business-licences-and-permits/
PATTIE WORLD BAKERY,Baker or dessert vendor,Cakes and desserts,,4167496111,B50-3123600,TAKE-OUT OR RETAIL FOOD ESTABLISHMENT,2026-07-31,Business name suggests bakery/desserts; event orders unverified,low,Needs business and event-service verification; do not publish as approved,https://open.toronto.ca/dataset/municipal-licensing-and-standards-business-licences-and-permits/
PATTY CAKES AND ICE CREAM,Baker or dessert vendor,Cakes and desserts,,,B50-5648862,TAKE-OUT OR RETAIL FOOD ESTABLISHMENT,2026-07-03,Business name suggests bakery/desserts; event orders unverified,low,Needs business and event-service verification; do not publish as approved,https://open.toronto.ca/dataset/municipal-licensing-and-standards-business-licences-and-permits/
PERKINS RESTAURANT & BAKERY,Baker or dessert vendor,Cakes and desserts,,4162991500,B71-5144468,EATING OR DRINKING ESTABLISHMENT,2025-11-21,Business name suggests bakery/desserts; event orders unverified,low,Needs business and event-service verification; do not publish as approved,https://open.toronto.ca/dataset/municipal-licensing-and-standards-business-licences-and-permits/
PETER'S EUROPEAN BAKERY AND DELICATESSEN,Baker or dessert vendor,Cakes and desserts,,6472178745,B50-4423604,TAKE-OUT OR RETAIL FOOD ESTABLISHMENT,2026-06-09,Business name suggests bakery/desserts; event orders unverified,low,Needs business and event-service verification; do not publish as approved,https://open.toronto.ca/dataset/municipal-licensing-and-standards-business-licences-and-permits/
PETITE BOUCHEE PATISSERIE,Baker or dessert vendor,Cakes and desserts,,4165888882,B50-5130166,TAKE-OUT OR RETAIL FOOD ESTABLISHMENT,2026-09-25,Business name suggests bakery/desserts; event orders unverified,low,Needs business and event-service verification; do not publish as approved,https://open.toronto.ca/dataset/municipal-licensing-and-standards-business-licences-and-permits/
PHIPPS BAKERY CAFE,Baker or dessert vendor,Cakes and desserts,,4164819111,B50-3606736,TAKE-OUT OR RETAIL FOOD ESTABLISHMENT,2026-04-24,Business name suggests bakery/desserts; event orders unverified,low,Needs business and event-service verification; do not publish as approved,https://open.toronto.ca/dataset/municipal-licensing-and-standards-business-licences-and-permits/
PHIPPS DESSERTS,Baker or dessert vendor,Cakes and desserts,,4163915800,B50-4063490,TAKE-OUT OR RETAIL FOOD ESTABLISHMENT,2025-12-26,Business name suggests bakery/desserts; event orders unverified,low,Needs business and event-service verification; do not publish as approved,https://open.toronto.ca/dataset/municipal-licensing-and-standards-business-licences-and-permits/
PORT UNION BAKERY,Baker or dessert vendor,Cakes and desserts,,4162815614,B50-3366634,TAKE-OUT OR RETAIL FOOD ESTABLISHMENT,2026-08-25,Business name suggests bakery/desserts; event orders unverified,low,Needs business and event-service verification; do not publish as approved,https://open.toronto.ca/dataset/municipal-licensing-and-standards-business-licences-and-permits/
PRAIA DE MIRA PORTUGUESE BAKERY,Baker or dessert vendor,Cakes and desserts,,4166515348,B71-5217423,EATING OR DRINKING ESTABLISHMENT,2026-05-12,Business name suggests bakery/desserts; event orders unverified,low,Needs business and event-service verification; do not publish as approved,https://open.toronto.ca/dataset/municipal-licensing-and-standards-business-licences-and-permits/
QOBA BAKERY,Baker or dessert vendor,Cakes and desserts,,,B50-5406612,TAKE-OUT OR RETAIL FOOD ESTABLISHMENT,2026-05-01,Business name suggests bakery/desserts; event orders unverified,low,Needs business and event-service verification; do not publish as approved,https://open.toronto.ca/dataset/municipal-licensing-and-standards-business-licences-and-permits/
QUALITY BREAD BAKERY,Baker or dessert vendor,Cakes and desserts,,4164319829,B50-5200076,TAKE-OUT OR RETAIL FOOD ESTABLISHMENT,2026-02-03,Business name suggests bakery/desserts; event orders unverified,low,Needs business and event-service verification; do not publish as approved,https://open.toronto.ca/dataset/municipal-licensing-and-standards-business-licences-and-permits/
R BAKERY,Baker or dessert vendor,Cakes and desserts,,4165200845,B71-4914807,EATING OR DRINKING ESTABLISHMENT,2025-12-19,Business name suggests bakery/desserts; event orders unverified,low,Needs business and event-service verification; do not publish as approved,https://open.toronto.ca/dataset/municipal-licensing-and-standards-business-licences-and-permits/
RABAGO BAKERY-CAFE,Baker or dessert vendor,Cakes and desserts,,,B71-5449738,EATING OR DRINKING ESTABLISHMENT,2026-06-02,Business name suggests bakery/desserts; event orders unverified,low,Needs business and event-service verification; do not publish as approved,https://open.toronto.ca/dataset/municipal-licensing-and-standards-business-licences-and-permits/
RAHAT BAKERY,Baker or dessert vendor,Cakes and desserts,,,B71-5625176,EATING OR DRINKING ESTABLISHMENT,2026-08-14,Business name suggests bakery/desserts; event orders unverified,low,Needs business and event-service verification; do not publish as approved,https://open.toronto.ca/dataset/municipal-licensing-and-standards-business-licences-and-permits/
RAHIER PATISSERIE,Baker or dessert vendor,Cakes and desserts,,4164820917,B71-4299157,EATING OR DRINKING ESTABLISHMENT,2026-07-07,Business name suggests bakery/desserts; event orders unverified,low,Needs business and event-service verification; do not publish as approved,https://open.toronto.ca/dataset/municipal-licensing-and-standards-business-licences-and-permits/
RAHIM BAKERY,Baker or dessert vendor,Cakes and desserts,,6477647133,B50-4959396,TAKE-OUT OR RETAIL FOOD ESTABLISHMENT,2026-07-31,Business name suggests bakery/desserts; event orders unverified,low,Needs business and event-service verification; do not publish as approved,https://open.toronto.ca/dataset/municipal-licensing-and-standards-business-licences-and-permits/
RED HOUSE BAKERY,Baker or dessert vendor,Cakes and desserts,,4162993355,B50-4544586,TAKE-OUT OR RETAIL FOOD ESTABLISHMENT,2025-11-18,Business name suggests bakery/desserts; event orders unverified,low,Needs business and event-service verification; do not publish as approved,https://open.toronto.ca/dataset/municipal-licensing-and-standards-business-licences-and-permits/
"RED MOON BAKERY, SWEETS & RESTAURANT",Baker or dessert vendor,Cakes and desserts,,,B71-5342798,EATING OR DRINKING ESTABLISHMENT,2026-04-23,Business name suggests bakery/desserts; event orders unverified,low,Needs business and event-service verification; do not publish as approved,https://open.toronto.ca/dataset/municipal-licensing-and-standards-business-licences-and-permits/
RED ROSE PATISSERIE,Baker or dessert vendor,Cakes and desserts,,4162236001,B50-3103936,TAKE-OUT OR RETAIL FOOD ESTABLISHMENT,2026-01-02,Business name suggests bakery/desserts; event orders unverified,low,Needs business and event-service verification; do not publish as approved,https://open.toronto.ca/dataset/municipal-licensing-and-standards-business-licences-and-permits/
RED SAIL BOAT BAKERY,Baker or dessert vendor,Cakes and desserts,,,B50-3947851,TAKE-OUT OR RETAIL FOOD ESTABLISHMENT,2026-01-23,Business name suggests bakery/desserts; event orders unverified,low,Needs business and event-service verification; do not publish as approved,https://open.toronto.ca/dataset/municipal-licensing-and-standards-business-licences-and-permits/
RICHMOND KOSHER BAKERY,Baker or dessert vendor,Cakes and desserts,,6477765995,B50-4723724,TAKE-OUT OR RETAIL FOOD ESTABLISHMENT,2026-08-18,Business name suggests bakery/desserts; event orders unverified,low,Needs business and event-service verification; do not publish as approved,https://open.toronto.ca/dataset/municipal-licensing-and-standards-business-licences-and-permits/
RICHVIEW BAKERY,Baker or dessert vendor,Cakes and desserts,,4162484662,B71-4417790,EATING OR DRINKING ESTABLISHMENT,2025-12-16,Business name suggests bakery/desserts; event orders unverified,low,Needs business and event-service verification; do not publish as approved,https://open.toronto.ca/dataset/municipal-licensing-and-standards-business-licences-and-permits/
ROLLZ ICE CREAM & DESSERTS,Baker or dessert vendor,Cakes and desserts,,,B71-5345112,EATING OR DRINKING ESTABLISHMENT,2026-06-12,Business name suggests bakery/desserts; event orders unverified,low,Needs business and event-service verification; do not publish as approved,https://open.toronto.ca/dataset/municipal-licensing-and-standards-business-licences-and-permits/
RONG HUA BAKERY,Baker or dessert vendor,Cakes and desserts,,,B50-5343013,TAKE-OUT OR RETAIL FOOD ESTABLISHMENT,2026-06-09,Business name suggests bakery/desserts; event orders unverified,low,Needs business and event-service verification; do not publish as approved,https://open.toronto.ca/dataset/municipal-licensing-and-standards-business-licences-and-permits/
ROSA CHILENA BAKERY,Baker or dessert vendor,Cakes and desserts,,,B50-0242413,TAKE-OUT OR RETAIL FOOD ESTABLISHMENT,2026-02-23,Business name suggests bakery/desserts; event orders unverified,low,Needs business and event-service verification; do not publish as approved,https://open.toronto.ca/dataset/municipal-licensing-and-standards-business-licences-and-permits/
"ROTI KING TAKEOUT, CATERING & BAKERY",Baker or dessert vendor,Cakes and desserts,,,B50-55A4334,TAKE-OUT OR RETAIL FOOD ESTABLISHMENT,2025-12-04,Business name suggests bakery/desserts; event orders unverified,low,Needs business and event-service verification; do not publish as approved,https://open.toronto.ca/dataset/municipal-licensing-and-standards-business-licences-and-permits/
ROUGE BAKERY PLUS,Baker or dessert vendor,Cakes and desserts,,4162830005,B50-3961954,TAKE-OUT OR RETAIL FOOD ESTABLISHMENT,2025-12-16,Business name suggests bakery/desserts; event orders unverified,low,Needs business and event-service verification; do not publish as approved,https://open.toronto.ca/dataset/municipal-licensing-and-standards-business-licences-and-permits/
RUDOLPH'S BAKERIES,Baker or dessert vendor,Cakes and desserts,,4167634315,B50-4648538,TAKE-OUT OR RETAIL FOOD ESTABLISHMENT,2026-03-13,Business name suggests bakery/desserts; event orders unverified,low,Needs business and event-service verification; do not publish as approved,https://open.toronto.ca/dataset/municipal-licensing-and-standards-business-licences-and-permits/
RUSTIC BAKERY,Baker or dessert vendor,Cakes and desserts,,4162451919,B71-4831450,EATING OR DRINKING ESTABLISHMENT,2026-04-10,Business name suggests bakery/desserts; event orders unverified,low,Needs business and event-service verification; do not publish as approved,https://open.toronto.ca/dataset/municipal-licensing-and-standards-business-licences-and-permits/
S J & F BAKERY,Baker or dessert vendor,Cakes and desserts,,4162855142,B50-4755402,TAKE-OUT OR RETAIL FOOD ESTABLISHMENT,2026-01-13,Business name suggests bakery/desserts; event orders unverified,low,Needs business and event-service verification; do not publish as approved,https://open.toronto.ca/dataset/municipal-licensing-and-standards-business-licences-and-permits/
SAINT GERMAIN BAKERY,Baker or dessert vendor,Cakes and desserts,,,B50-5131692; B50-5143372; B50-5144373; B50-5567556; B50-5567566,TAKE-OUT OR RETAIL FOOD ESTABLISHMENT,2026-07-17,Business name suggests bakery/desserts; event orders unverified,low,Needs business and event-service verification; do not publish as approved,https://open.toronto.ca/dataset/municipal-licensing-and-standards-business-licences-and-permits/
SAINT PIO BAKERY,Baker or dessert vendor,Cakes and desserts,,4162490762,B50-3357189,TAKE-OUT OR RETAIL FOOD ESTABLISHMENT,2025-12-12,Business name suggests bakery/desserts; event orders unverified,low,Needs business and event-service verification; do not publish as approved,https://open.toronto.ca/dataset/municipal-licensing-and-standards-business-licences-and-permits/
SAN REMO BAKERY,Baker or dessert vendor,Cakes and desserts,,4162552808,B50-4944182,TAKE-OUT OR RETAIL FOOD ESTABLISHMENT,2026-04-10,Business name suggests bakery/desserts; event orders unverified,low,Needs business and event-service verification; do not publish as approved,https://open.toronto.ca/dataset/municipal-licensing-and-standards-business-licences-and-permits/
SAUVIGNON BISTRO & BAKERY,Baker or dessert vendor,Cakes and desserts,,4166861998,B71-4981434; R57-4304506,EATING OR DRINKING ESTABLISHMENT; SIDEWALK CAFE,2026-09-10,Business name suggests bakery/desserts; event orders unverified,low,Needs business and event-service verification; do not publish as approved,https://open.toronto.ca/dataset/municipal-licensing-and-standards-business-licences-and-permits/
SEARA BAKERY & PASTRY,Baker or dessert vendor,Cakes and desserts,,4166532424,B71-5200465; B71-5200543,EATING OR DRINKING ESTABLISHMENT,2026-01-06,Business name suggests bakery/desserts; event orders unverified,low,Needs business and event-service verification; do not publish as approved,https://open.toronto.ca/dataset/municipal-licensing-and-standards-business-licences-and-permits/
SELECT BAKERY PATISSERIE,Baker or dessert vendor,Cakes and desserts,,4164212400,B50-3243735,TAKE-OUT OR RETAIL FOOD ESTABLISHMENT,2026-06-16,Business name suggests bakery/desserts; event orders unverified,low,Needs business and event-service verification; do not publish as approved,https://open.toronto.ca/dataset/municipal-licensing-and-standards-business-licences-and-permits/
SERANO BAKERY,Baker or dessert vendor,Cakes and desserts,,4164622735,B50-4298578,TAKE-OUT OR RETAIL FOOD ESTABLISHMENT,2026-07-24,Business name suggests bakery/desserts; event orders unverified,low,Needs business and event-service verification; do not publish as approved,https://open.toronto.ca/dataset/municipal-licensing-and-standards-business-licences-and-permits/
SHIKSHA'S CAKE RUSH,Baker or dessert vendor,Cakes and desserts,,,B50-5529463,TAKE-OUT OR RETAIL FOOD ESTABLISHMENT,2026-03-18,Business name suggests bakery/desserts; event orders unverified,low,Needs business and event-service verification; do not publish as approved,https://open.toronto.ca/dataset/municipal-licensing-and-standards-business-licences-and-permits/
SHIRIN MAHAL BAKERY & SWEETS,Baker or dessert vendor,Cakes and desserts,,,B50-5425737,TAKE-OUT OR RETAIL FOOD ESTABLISHMENT,2026-04-10,Business name suggests bakery/desserts; event orders unverified,low,Needs business and event-service verification; do not publish as approved,https://open.toronto.ca/dataset/municipal-licensing-and-standards-business-licences-and-permits/
SILK 111 BAKERY & CAFE,Baker or dessert vendor,Cakes and desserts,,,B71-5518924,EATING OR DRINKING ESTABLISHMENT,2026-03-11,Business name suggests bakery/desserts; event orders unverified,low,Needs business and event-service verification; do not publish as approved,https://open.toronto.ca/dataset/municipal-licensing-and-standards-business-licences-and-permits/
SISTERS ONION CAKES,Baker or dessert vendor,Cakes and desserts,,6476178999,B50-4970959,TAKE-OUT OR RETAIL FOOD ESTABLISHMENT,2026-07-14,Business name suggests bakery/desserts; event orders unverified,low,Needs business and event-service verification; do not publish as approved,https://open.toronto.ca/dataset/municipal-licensing-and-standards-business-licences-and-permits/
SOLERO BAKERY CAFE & GROCERY,Baker or dessert vendor,Cakes and desserts,,,B50-5594314,TAKE-OUT OR RETAIL FOOD ESTABLISHMENT,2026-03-24,Business name suggests bakery/desserts; event orders unverified,low,Needs business and event-service verification; do not publish as approved,https://open.toronto.ca/dataset/municipal-licensing-and-standards-business-licences-and-permits/
SOMAR PATISSERIE,Baker or dessert vendor,Cakes and desserts,,,B50-5228677,TAKE-OUT OR RETAIL FOOD ESTABLISHMENT,2026-09-15,Business name suggests bakery/desserts; event orders unverified,low,Needs business and event-service verification; do not publish as approved,https://open.toronto.ca/dataset/municipal-licensing-and-standards-business-licences-and-permits/
SOUL MADE PATISSERIE & CAFE,Baker or dessert vendor,Cakes and desserts,,,B50-5237156,TAKE-OUT OR RETAIL FOOD ESTABLISHMENT,2025-12-05,Business name suggests bakery/desserts; event orders unverified,low,Needs business and event-service verification; do not publish as approved,https://open.toronto.ca/dataset/municipal-licensing-and-standards-business-licences-and-permits/
ST CLAIR BAKERY CAFE,Baker or dessert vendor,Cakes and desserts,,4166562444,B71-4747761,EATING OR DRINKING ESTABLISHMENT,2025-10-22,Business name suggests bakery/desserts; event orders unverified,low,Needs business and event-service verification; do not publish as approved,https://open.toronto.ca/dataset/municipal-licensing-and-standards-business-licences-and-permits/
ST URBAIN BAGEL BAKERY LTD,Baker or dessert vendor,Cakes and desserts,,4167262706,B50-0230027,TAKE-OUT OR RETAIL FOOD ESTABLISHMENT,2026-03-13,Business name suggests bakery/desserts; event orders unverified,low,Needs business and event-service verification; do not publish as approved,https://open.toronto.ca/dataset/municipal-licensing-and-standards-business-licences-and-permits/
STEELES BAKERY,Baker or dessert vendor,Cakes and desserts,,4162238776,B50-5653933,TAKE-OUT OR RETAIL FOOD ESTABLISHMENT,2026-07-24,Business name suggests bakery/desserts; event orders unverified,low,Needs business and event-service verification; do not publish as approved,https://open.toronto.ca/dataset/municipal-licensing-and-standards-business-licences-and-permits/
SUFI'S DESSERTS,Baker or dessert vendor,Cakes and desserts,,,B50-5650947,TAKE-OUT OR RETAIL FOOD ESTABLISHMENT,2026-09-15,Business name suggests bakery/desserts; event orders unverified,low,Needs business and event-service verification; do not publish as approved,https://open.toronto.ca/dataset/municipal-licensing-and-standards-business-licences-and-permits/
SUN VIEW BAKERY,Baker or dessert vendor,Cakes and desserts,,4162938897,B50-3473771,TAKE-OUT OR RETAIL FOOD ESTABLISHMENT,2025-11-18,Business name suggests bakery/desserts; event orders unverified,low,Needs business and event-service verification; do not publish as approved,https://open.toronto.ca/dataset/municipal-licensing-and-standards-business-licences-and-permits/
SUNKRIS DESSERT PALACE,Baker or dessert vendor,Cakes and desserts,,,B50-5113773; B50-5428476,TAKE-OUT OR RETAIL FOOD ESTABLISHMENT,2026-06-05,Business name suggests bakery/desserts; event orders unverified,low,Needs business and event-service verification; do not publish as approved,https://open.toronto.ca/dataset/municipal-licensing-and-standards-business-licences-and-permits/
SWEET BAKERY,Baker or dessert vendor,Cakes and desserts,,4167621487,B50-0007038,TAKE-OUT OR RETAIL FOOD ESTABLISHMENT,2026-02-13,Business name suggests bakery/desserts; event orders unverified,low,Needs business and event-service verification; do not publish as approved,https://open.toronto.ca/dataset/municipal-licensing-and-standards-business-licences-and-permits/
SWEETNUTHIN'S DESSERT SHOPPE,Baker or dessert vendor,Cakes and desserts,,,B50-5487726,TAKE-OUT OR RETAIL FOOD ESTABLISHMENT,2026-01-02,Business name suggests bakery/desserts; event orders unverified,low,Needs business and event-service verification; do not publish as approved,https://open.toronto.ca/dataset/municipal-licensing-and-standards-business-licences-and-permits/
SWISS BAKERY & FAST FOOD,Baker or dessert vendor,Cakes and desserts,,4166906053,B71-3607394,EATING OR DRINKING ESTABLISHMENT,2026-04-24,Business name suggests bakery/desserts; event orders unverified,low,Needs business and event-service verification; do not publish as approved,https://open.toronto.ca/dataset/municipal-licensing-and-standards-business-licences-and-permits/
TEO'S BAKERY,Baker or dessert vendor,Cakes and desserts,,4168314610,B50-4994922,TAKE-OUT OR RETAIL FOOD ESTABLISHMENT,2025-12-05,Business name suggests bakery/desserts; event orders unverified,low,Needs business and event-service verification; do not publish as approved,https://open.toronto.ca/dataset/municipal-licensing-and-standards-business-licences-and-permits/
THE CUPCAKE SHOPPE,Baker or dessert vendor,Cakes and desserts,,4163226648,B50-5145505,TAKE-OUT OR RETAIL FOOD ESTABLISHMENT,2026-01-16,Business name suggests bakery/desserts; event orders unverified,low,Needs business and event-service verification; do not publish as approved,https://open.toronto.ca/dataset/municipal-licensing-and-standards-business-licences-and-permits/
THE FLOWER CAKE,Baker or dessert vendor,Cakes and desserts,,,B50-4970958,TAKE-OUT OR RETAIL FOOD ESTABLISHMENT,2026-08-11,Business name suggests bakery/desserts; event orders unverified,low,Needs business and event-service verification; do not publish as approved,https://open.toronto.ca/dataset/municipal-licensing-and-standards-business-licences-and-permits/
THE HOT OVEN BAKERY CAFE,Baker or dessert vendor,Cakes and desserts,,4167623036,B50-4308816; B71-4742100,EATING OR DRINKING ESTABLISHMENT; TAKE-OUT OR RETAIL FOOD ESTABLISHMENT,2026-09-25,Business name suggests bakery/desserts; event orders unverified,low,Needs business and event-service verification; do not publish as approved,https://open.toronto.ca/dataset/municipal-licensing-and-standards-business-licences-and-permits/
THE HOT OVEN BAKERY CAFE INC,Baker or dessert vendor,Cakes and desserts,,4167623036,B71-3951345,EATING OR DRINKING ESTABLISHMENT,2026-03-10,Business name suggests bakery/desserts; event orders unverified,low,Needs business and event-service verification; do not publish as approved,https://open.toronto.ca/dataset/municipal-licensing-and-standards-business-licences-and-permits/
THE SWEET ESCAPE PATISSERIE INC,Baker or dessert vendor,Cakes and desserts,,4162142253,B71-3836342,EATING OR DRINKING ESTABLISHMENT,2026-06-12,Business name suggests bakery/desserts; event orders unverified,low,Needs business and event-service verification; do not publish as approved,https://open.toronto.ca/dataset/municipal-licensing-and-standards-business-licences-and-permits/
TILAL BAKERY,Baker or dessert vendor,Cakes and desserts,,4167405222,B71-4537824,EATING OR DRINKING ESTABLISHMENT,2026-05-19,Business name suggests bakery/desserts; event orders unverified,low,Needs business and event-service verification; do not publish as approved,https://open.toronto.ca/dataset/municipal-licensing-and-standards-business-licences-and-permits/
TOKYO BAKERY,Baker or dessert vendor,Cakes and desserts,,4163355500,B50-4535788,TAKE-OUT OR RETAIL FOOD ESTABLISHMENT,2026-03-06,Business name suggests bakery/desserts; event orders unverified,low,Needs business and event-service verification; do not publish as approved,https://open.toronto.ca/dataset/municipal-licensing-and-standards-business-licences-and-permits/
TRADITIONAL KOREAN BAKERY,Baker or dessert vendor,Cakes and desserts,,,B50-4817745,TAKE-OUT OR RETAIL FOOD ESTABLISHMENT,2026-03-24,Business name suggests bakery/desserts; event orders unverified,low,Needs business and event-service verification; do not publish as approved,https://open.toronto.ca/dataset/municipal-licensing-and-standards-business-licences-and-permits/
TRE MARI BAKERY,Baker or dessert vendor,Cakes and desserts,,4166548960,B50-4064816; R57-55A4600,SIDEWALK CAFE; TAKE-OUT OR RETAIL FOOD ESTABLISHMENT,2026-02-27,Business name suggests bakery/desserts; event orders unverified,low,Needs business and event-service verification; do not publish as approved,https://open.toronto.ca/dataset/municipal-licensing-and-standards-business-licences-and-permits/
TREATS 'N EATS DESSERTS,Baker or dessert vendor,Cakes and desserts,,4167540786,B50-5220465,TAKE-OUT OR RETAIL FOOD ESTABLISHMENT,2026-09-09,Business name suggests bakery/desserts; event orders unverified,low,Needs business and event-service verification; do not publish as approved,https://open.toronto.ca/dataset/municipal-licensing-and-standards-business-licences-and-permits/
TREROSE BAKERY,Baker or dessert vendor,Cakes and desserts,,,B71-5611791,EATING OR DRINKING ESTABLISHMENT,2026-03-14,Business name suggests bakery/desserts; event orders unverified,low,Needs business and event-service verification; do not publish as approved,https://open.toronto.ca/dataset/municipal-licensing-and-standards-business-licences-and-permits/
TREROSE BAKERY LTD,Baker or dessert vendor,Cakes and desserts,,,B50-4814499,TAKE-OUT OR RETAIL FOOD ESTABLISHMENT,2026-01-02,Business name suggests bakery/desserts; event orders unverified,low,Needs business and event-service verification; do not publish as approved,https://open.toronto.ca/dataset/municipal-licensing-and-standards-business-licences-and-permits/
TUNG HING BAKERY,Baker or dessert vendor,Cakes and desserts,,4165939375,B50-3090064; B50-4802280,TAKE-OUT OR RETAIL FOOD ESTABLISHMENT,2026-03-10,Business name suggests bakery/desserts; event orders unverified,low,Needs business and event-service verification; do not publish as approved,https://open.toronto.ca/dataset/municipal-licensing-and-standards-business-licences-and-permits/
UJOY BEVERAGES & DESSERTS,Baker or dessert vendor,Cakes and desserts,,,B50-5590487,TAKE-OUT OR RETAIL FOOD ESTABLISHMENT,2026-09-11,Business name suggests bakery/desserts; event orders unverified,low,Needs business and event-service verification; do not publish as approved,https://open.toronto.ca/dataset/municipal-licensing-and-standards-business-licences-and-permits/
VAVA DESIGNER CAKES NORTH YORK,Baker or dessert vendor,Cakes and desserts,,,B50-5225270,TAKE-OUT OR RETAIL FOOD ESTABLISHMENT,2026-07-10,Business name suggests bakery/desserts; event orders unverified,low,Needs business and event-service verification; do not publish as approved,https://open.toronto.ca/dataset/municipal-licensing-and-standards-business-licences-and-permits/
VAVA DESIGNER CAKES TORONTO,Baker or dessert vendor,Cakes and desserts,,,B50-5481694,TAKE-OUT OR RETAIL FOOD ESTABLISHMENT,2026-09-15,Business name suggests bakery/desserts; event orders unverified,low,Needs business and event-service verification; do not publish as approved,https://open.toronto.ca/dataset/municipal-licensing-and-standards-business-licences-and-permits/
VELVET LANE CAKES,Baker or dessert vendor,Cakes and desserts,,,B71-5355685,EATING OR DRINKING ESTABLISHMENT,2025-10-03,Business name suggests bakery/desserts; event orders unverified,low,Needs business and event-service verification; do not publish as approved,https://open.toronto.ca/dataset/municipal-licensing-and-standards-business-licences-and-permits/
VENEZUELA BAKERY,Baker or dessert vendor,Cakes and desserts,,,B50-5663769,TAKE-OUT OR RETAIL FOOD ESTABLISHMENT,2026-09-23,Business name suggests bakery/desserts; event orders unverified,low,Needs business and event-service verification; do not publish as approved,https://open.toronto.ca/dataset/municipal-licensing-and-standards-business-licences-and-permits/
VENUS BAKERY & CAKE,Baker or dessert vendor,Cakes and desserts,,,B50-5202951,TAKE-OUT OR RETAIL FOOD ESTABLISHMENT,2026-02-13,Business name suggests bakery/desserts; event orders unverified,low,Needs business and event-service verification; do not publish as approved,https://open.toronto.ca/dataset/municipal-licensing-and-standards-business-licences-and-permits/
VLAD BAKERY & PASTRY,Baker or dessert vendor,Cakes and desserts,,,B50-5130676,TAKE-OUT OR RETAIL FOOD ESTABLISHMENT,2026-07-14,Business name suggests bakery/desserts; event orders unverified,low,Needs business and event-service verification; do not publish as approved,https://open.toronto.ca/dataset/municipal-licensing-and-standards-business-licences-and-permits/
WHISKED GLUTEN-FREE BAKERY,Baker or dessert vendor,Cakes and desserts,,,B50-5656934,TAKE-OUT OR RETAIL FOOD ESTABLISHMENT,2026-08-04,Business name suggests bakery/desserts; event orders unverified,low,Needs business and event-service verification; do not publish as approved,https://open.toronto.ca/dataset/municipal-licensing-and-standards-business-licences-and-permits/
WHISKFUL THINKING BAKERY,Baker or dessert vendor,Cakes and desserts,,,B50-5379768,TAKE-OUT OR RETAIL FOOD ESTABLISHMENT,2026-01-13,Business name suggests bakery/desserts; event orders unverified,low,Needs business and event-service verification; do not publish as approved,https://open.toronto.ca/dataset/municipal-licensing-and-standards-business-licences-and-permits/
WILD BLUE BAKERY,Baker or dessert vendor,Cakes and desserts,,,B50-5343058,TAKE-OUT OR RETAIL FOOD ESTABLISHMENT,2026-07-10,Business name suggests bakery/desserts; event orders unverified,low,Needs business and event-service verification; do not publish as approved,https://open.toronto.ca/dataset/municipal-licensing-and-standards-business-licences-and-permits/
XIANG DE ZHAI BAKERY,Baker or dessert vendor,Cakes and desserts,,,B50-5377831,TAKE-OUT OR RETAIL FOOD ESTABLISHMENT,2025-10-24,Business name suggests bakery/desserts; event orders unverified,low,Needs business and event-service verification; do not publish as approved,https://open.toronto.ca/dataset/municipal-licensing-and-standards-business-licences-and-permits/
XUAN BAKERY,Baker or dessert vendor,Cakes and desserts,,,B50-5494024,TAKE-OUT OR RETAIL FOOD ESTABLISHMENT,2025-10-21,Business name suggests bakery/desserts; event orders unverified,low,Needs business and event-service verification; do not publish as approved,https://open.toronto.ca/dataset/municipal-licensing-and-standards-business-licences-and-permits/
YAARL CAKE HOUSE INC,Baker or dessert vendor,Cakes and desserts,,4164316604,B50-4292226,TAKE-OUT OR RETAIL FOOD ESTABLISHMENT,2026-04-08,Business name suggests bakery/desserts; event orders unverified,low,Needs business and event-service verification; do not publish as approved,https://open.toronto.ca/dataset/municipal-licensing-and-standards-business-licences-and-permits/
YOYO CAKE,Baker or dessert vendor,Cakes and desserts,,,B50-5581196,TAKE-OUT OR RETAIL FOOD ESTABLISHMENT,2026-09-15,Business name suggests bakery/desserts; event orders unverified,low,Needs business and event-service verification; do not publish as approved,https://open.toronto.ca/dataset/municipal-licensing-and-standards-business-licences-and-permits/
ZAINS BAKERY,Baker or dessert vendor,Cakes and desserts,,4164646741,B50-5350374,TAKE-OUT OR RETAIL FOOD ESTABLISHMENT,2026-07-07,Business name suggests bakery/desserts; event orders unverified,low,Needs business and event-service verification; do not publish as approved,https://open.toronto.ca/dataset/municipal-licensing-and-standards-business-licences-and-permits/
ZELDEN'S DELI AND DESSERTS,Baker or dessert vendor,Cakes and desserts,,,B71-5017862; R58-5517862,CURB LANE CAFE; EATING OR DRINKING ESTABLISHMENT,2026-04-28,Business name suggests bakery/desserts; event orders unverified,low,Needs business and event-service verification; do not publish as approved,https://open.toronto.ca/dataset/municipal-licensing-and-standards-business-licences-and-permits/
01 TO GO CATERING,Caterer or chef,Catering and private dining,,,B50-5588468,TAKE-OUT OR RETAIL FOOD ESTABLISHMENT,2025-10-07,Business name mentions catering/chef,medium,Needs business and event-service verification; do not publish as approved,https://open.toronto.ca/dataset/municipal-licensing-and-standards-business-licences-and-permits/
501 CATERING,Caterer or chef,Catering and private dining,,,B71-5344296,EATING OR DRINKING ESTABLISHMENT,2026-05-19,Business name mentions catering/chef,medium,Needs business and event-service verification; do not publish as approved,https://open.toronto.ca/dataset/municipal-licensing-and-standards-business-licences-and-permits/
AKHIGBE NIGERIAN CATERERS,Caterer or chef,Catering and private dining,,,B71-5523306,EATING OR DRINKING ESTABLISHMENT,2026-04-10,Business name mentions catering/chef,medium,Needs business and event-service verification; do not publish as approved,https://open.toronto.ca/dataset/municipal-licensing-and-standards-business-licences-and-permits/
ALO CATERING GP,Caterer or chef,Catering and private dining,,,B71-5244521,EATING OR DRINKING ESTABLISHMENT,2025-11-21,Business name mentions catering/chef,medium,Needs business and event-service verification; do not publish as approved,https://open.toronto.ca/dataset/municipal-licensing-and-standards-business-licences-and-permits/
BABU TAKE OUT & CATERING,Caterer or chef,Catering and private dining,,4162982228,B71-3837180,EATING OR DRINKING ESTABLISHMENT,2026-07-28,Business name mentions catering/chef,medium,Needs business and event-service verification; do not publish as approved,https://open.toronto.ca/dataset/municipal-licensing-and-standards-business-licences-and-permits/
CANADIAN CARIBBEAN CATERING,Caterer or chef,Catering and private dining,,4165406749,B71-0002991,EATING OR DRINKING ESTABLISHMENT,2026-02-05,Business name mentions catering/chef,medium,Needs business and event-service verification; do not publish as approved,https://open.toronto.ca/dataset/municipal-licensing-and-standards-business-licences-and-permits/
CARNITAS CATERING,Caterer or chef,Catering and private dining,,,V27-5643584,NON-MOTORIZED REFRESHMENT VEHICLE OWNER,2026-06-15,Business name mentions catering/chef,medium,Needs business and event-service verification; do not publish as approved,https://open.toronto.ca/dataset/municipal-licensing-and-standards-business-licences-and-permits/
CARPATHIA EUROPEAN FOOD CATERING,Caterer or chef,Catering and private dining,,,B71-5631922,EATING OR DRINKING ESTABLISHMENT,2026-05-06,Business name mentions catering/chef,medium,Needs business and event-service verification; do not publish as approved,https://open.toronto.ca/dataset/municipal-licensing-and-standards-business-licences-and-permits/
CASHEW AND CLIVE CATERING CORP,Caterer or chef,Catering and private dining,,9053262969,B50-4422989,TAKE-OUT OR RETAIL FOOD ESTABLISHMENT,2026-05-29,Business name mentions catering/chef,medium,Needs business and event-service verification; do not publish as approved,https://open.toronto.ca/dataset/municipal-licensing-and-standards-business-licences-and-permits/
CATERED BREAKS RESTAURANT AND CAFE,Caterer or chef,Catering and private dining,,,B50-5660765,TAKE-OUT OR RETAIL FOOD ESTABLISHMENT,2026-09-04,Business name mentions catering/chef,medium,Needs business and event-service verification; do not publish as approved,https://open.toronto.ca/dataset/municipal-licensing-and-standards-business-licences-and-permits/
CATERING BY NIKOS,Caterer or chef,Catering and private dining,,,B50-5112575,TAKE-OUT OR RETAIL FOOD ESTABLISHMENT,2026-04-21,Business name mentions catering/chef,medium,Needs business and event-service verification; do not publish as approved,https://open.toronto.ca/dataset/municipal-licensing-and-standards-business-licences-and-permits/
CHAUHAN'S INDIAN EXPRESS TAKE OUT & CATERING,Caterer or chef,Catering and private dining,,4169889518,B50-5116321,TAKE-OUT OR RETAIL FOOD ESTABLISHMENT,2026-05-15,Business name mentions catering/chef,medium,Needs business and event-service verification; do not publish as approved,https://open.toronto.ca/dataset/municipal-licensing-and-standards-business-licences-and-permits/
CHEFRY'S GLOBAL KITCHEN & CATERING,Caterer or chef,Catering and private dining,,6478731814,B71-5652874,EATING OR DRINKING ESTABLISHMENT,2026-07-20,Business name mentions catering/chef,medium,Needs business and event-service verification; do not publish as approved,https://open.toronto.ca/dataset/municipal-licensing-and-standards-business-licences-and-permits/
CITY WIDE CATERING SERVICE,Caterer or chef,Catering and private dining,,,V15-2009745,MOTORIZED REFRESHMENT VEHICLE OWNER,2025-09-25,Business name mentions catering/chef,medium,Needs business and event-service verification; do not publish as approved,https://open.toronto.ca/dataset/municipal-licensing-and-standards-business-licences-and-permits/
CORBIN CATERING & FOODS,Caterer or chef,Catering and private dining,,,B50-5137819,TAKE-OUT OR RETAIL FOOD ESTABLISHMENT,2026-08-25,Business name mentions catering/chef,medium,Needs business and event-service verification; do not publish as approved,https://open.toronto.ca/dataset/municipal-licensing-and-standards-business-licences-and-permits/
COVE SUPERMARKET AND CATERING,Caterer or chef,Catering and private dining,,4166382318,B50-4974049,TAKE-OUT OR RETAIL FOOD ESTABLISHMENT,2026-09-04,Business name mentions catering/chef,medium,Needs business and event-service verification; do not publish as approved,https://open.toronto.ca/dataset/municipal-licensing-and-standards-business-licences-and-permits/
CRISPY MEAT AND CATERING,Caterer or chef,Catering and private dining,,,B50-5568367,TAKE-OUT OR RETAIL FOOD ESTABLISHMENT,2026-07-28,Business name mentions catering/chef,medium,Needs business and event-service verification; do not publish as approved,https://open.toronto.ca/dataset/municipal-licensing-and-standards-business-licences-and-permits/
CURED CATERING,Caterer or chef,Catering and private dining,,,B50-55A6287,TAKE-OUT OR RETAIL FOOD ESTABLISHMENT,2026-01-30,Business name mentions catering/chef,medium,Needs business and event-service verification; do not publish as approved,https://open.toronto.ca/dataset/municipal-licensing-and-standards-business-licences-and-permits/
D AND M CATERING,Caterer or chef,Catering and private dining,,4169085131,R55-2399849; V15-3727881,CURBLANE VENDING; MOTORIZED REFRESHMENT VEHICLE OWNER,2026-08-17,Business name mentions catering/chef,medium,Needs business and event-service verification; do not publish as approved,https://open.toronto.ca/dataset/municipal-licensing-and-standards-business-licences-and-permits/
DAAWAT TAKE OUT AND CATERING,Caterer or chef,Catering and private dining,,6479897664,B50-4683448,TAKE-OUT OR RETAIL FOOD ESTABLISHMENT,2026-09-11,Business name mentions catering/chef,medium,Needs business and event-service verification; do not publish as approved,https://open.toronto.ca/dataset/municipal-licensing-and-standards-business-licences-and-permits/
DANIEL ET DANIEL CATERING,Caterer or chef,Catering and private dining,,4169689275,B71-5545749,EATING OR DRINKING ESTABLISHMENT,2026-05-22,Business name mentions catering/chef,medium,Needs business and event-service verification; do not publish as approved,https://open.toronto.ca/dataset/municipal-licensing-and-standards-business-licences-and-permits/
DIRTY FOOD CATERING,Caterer or chef,Catering and private dining,,4166558123,B71-4645090,EATING OR DRINKING ESTABLISHMENT,2025-12-19,Business name mentions catering/chef,medium,Needs business and event-service verification; do not publish as approved,https://open.toronto.ca/dataset/municipal-licensing-and-standards-business-licences-and-permits/
DN CATERING,Caterer or chef,Catering and private dining,,4162849253,B71-3960172,EATING OR DRINKING ESTABLISHMENT,2026-02-27,Business name mentions catering/chef,medium,Needs business and event-service verification; do not publish as approved,https://open.toronto.ca/dataset/municipal-licensing-and-standards-business-licences-and-permits/
EN VILLE EVENT DESIGN AND CATERING,Caterer or chef,Catering and private dining,,4165338800,B50-4857317,TAKE-OUT OR RETAIL FOOD ESTABLISHMENT,2026-07-10,Business name mentions catering/chef,medium,Needs business and event-service verification; do not publish as approved,https://open.toronto.ca/dataset/municipal-licensing-and-standards-business-licences-and-permits/
EPIPHANY FOODS & CATERING SERVICES,Caterer or chef,Catering and private dining,,4168024077,B71-5559135,EATING OR DRINKING ESTABLISHMENT,2025-06-30,Business name mentions catering/chef,medium,Needs business and event-service verification; do not publish as approved,https://open.toronto.ca/dataset/municipal-licensing-and-standards-business-licences-and-permits/
ERAA CATERING & BAKERY,Caterer or chef,Catering and private dining,,4162932622,B50-4202846,TAKE-OUT OR RETAIL FOOD ESTABLISHMENT,2025-10-24,Business name mentions catering/chef,medium,Needs business and event-service verification; do not publish as approved,https://open.toronto.ca/dataset/municipal-licensing-and-standards-business-licences-and-permits/
EUROPA CATERING,Caterer or chef,Catering and private dining,,4165345520,B70-0002959,ENTERTAINMENT PLACE OF ASSEMBLY,2026-03-27,Business name mentions catering/chef,medium,Needs business and event-service verification; do not publish as approved,https://open.toronto.ca/dataset/municipal-licensing-and-standards-business-licences-and-permits/
FDR CATERING SERVICES,Caterer or chef,Catering and private dining,,4168866940,B71-4313120; B71-4926537,EATING OR DRINKING ESTABLISHMENT,2026-08-25,Business name mentions catering/chef,medium,Needs business and event-service verification; do not publish as approved,https://open.toronto.ca/dataset/municipal-licensing-and-standards-business-licences-and-permits/
GHAREEB NAWAZ CATERING,Caterer or chef,Catering and private dining,,4162612882,B50-5605707,TAKE-OUT OR RETAIL FOOD ESTABLISHMENT,2026-01-23,Business name mentions catering/chef,medium,Needs business and event-service verification; do not publish as approved,https://open.toronto.ca/dataset/municipal-licensing-and-standards-business-licences-and-permits/
GOLDEN SCOOP CAFE & CATERING,Caterer or chef,Catering and private dining,,,B50-5618197,TAKE-OUT OR RETAIL FOOD ESTABLISHMENT,2026-03-19,Business name mentions catering/chef,medium,Needs business and event-service verification; do not publish as approved,https://open.toronto.ca/dataset/municipal-licensing-and-standards-business-licences-and-permits/
GOOD BRO CATERING,Caterer or chef,Catering and private dining,,,B71-5037463,EATING OR DRINKING ESTABLISHMENT,2026-08-28,Business name mentions catering/chef,medium,Needs business and event-service verification; do not publish as approved,https://open.toronto.ca/dataset/municipal-licensing-and-standards-business-licences-and-permits/
GOONG FINEST CATERING,Caterer or chef,Catering and private dining,,,B71-5004050,EATING OR DRINKING ESTABLISHMENT,2026-01-06,Business name mentions catering/chef,medium,Needs business and event-service verification; do not publish as approved,https://open.toronto.ca/dataset/municipal-licensing-and-standards-business-licences-and-permits/
GREEK MANSION TAKE-OUT AND CATERING,Caterer or chef,Catering and private dining,,,B50-5639450,TAKE-OUT OR RETAIL FOOD ESTABLISHMENT,2026-06-19,Business name mentions catering/chef,medium,Needs business and event-service verification; do not publish as approved,https://open.toronto.ca/dataset/municipal-licensing-and-standards-business-licences-and-permits/
HEARTY CATERING,Caterer or chef,Catering and private dining,,4164102928,B50-5014761,TAKE-OUT OR RETAIL FOOD ESTABLISHMENT,2026-01-27,Business name mentions catering/chef,medium,Needs business and event-service verification; do not publish as approved,https://open.toronto.ca/dataset/municipal-licensing-and-standards-business-licences-and-permits/
HEROES CATERING,Caterer or chef,Catering and private dining,,,B50-5103245,TAKE-OUT OR RETAIL FOOD ESTABLISHMENT,2026-02-10,Business name mentions catering/chef,medium,Needs business and event-service verification; do not publish as approved,https://open.toronto.ca/dataset/municipal-licensing-and-standards-business-licences-and-permits/
HOT POT CATERING SERVIES,Caterer or chef,Catering and private dining,,4372237541,B71-5241337,EATING OR DRINKING ESTABLISHMENT,2026-01-09,Business name mentions catering/chef,medium,Needs business and event-service verification; do not publish as approved,https://open.toronto.ca/dataset/municipal-licensing-and-standards-business-licences-and-permits/
HUTCHIE CATERING AND CARIBBEAN RESTAURANT,Caterer or chef,Catering and private dining,,,B71-5307615,EATING OR DRINKING ESTABLISHMENT,2026-02-05,Business name mentions catering/chef,medium,Needs business and event-service verification; do not publish as approved,https://open.toronto.ca/dataset/municipal-licensing-and-standards-business-licences-and-permits/
INNOVATION CASA DO SABOR TAKE AWAY & CATERING INC,Caterer or chef,Catering and private dining,,,B71-5618213,EATING OR DRINKING ESTABLISHMENT,2026-03-24,Business name mentions catering/chef,medium,Needs business and event-service verification; do not publish as approved,https://open.toronto.ca/dataset/municipal-licensing-and-standards-business-licences-and-permits/
IO CATERING,Caterer or chef,Catering and private dining,,4166151079,B71-5358361,EATING OR DRINKING ESTABLISHMENT,2026-09-25,Business name mentions catering/chef,medium,Needs business and event-service verification; do not publish as approved,https://open.toronto.ca/dataset/municipal-licensing-and-standards-business-licences-and-permits/
ISLAND CATERING AND TAKE OUT,Caterer or chef,Catering and private dining,,4162651212,B50-5201150,TAKE-OUT OR RETAIL FOOD ESTABLISHMENT,2025-12-16,Business name mentions catering/chef,medium,Needs business and event-service verification; do not publish as approved,https://open.toronto.ca/dataset/municipal-licensing-and-standards-business-licences-and-permits/
JAKYLYNNE'S CATERING AND TAKE-OUT,Caterer or chef,Catering and private dining,,4162935121,B50-5136242,TAKE-OUT OR RETAIL FOOD ESTABLISHMENT,2026-08-21,Business name mentions catering/chef,medium,Needs business and event-service verification; do not publish as approved,https://open.toronto.ca/dataset/municipal-licensing-and-standards-business-licences-and-permits/
JAYNE'S GOURMET CATERING,Caterer or chef,Catering and private dining,,4164064500,B71-4427152; R57-5415387,EATING OR DRINKING ESTABLISHMENT; SIDEWALK CAFE,2026-09-10,Business name mentions catering/chef,medium,Needs business and event-service verification; do not publish as approved,https://open.toronto.ca/dataset/municipal-licensing-and-standards-business-licences-and-permits/
JC'S BANQUET & CATERING,Caterer or chef,Catering and private dining,,,B70-4427176,ENTERTAINMENT PLACE OF ASSEMBLY,2026-07-20,Business name mentions catering/chef,medium,Needs business and event-service verification; do not publish as approved,https://open.toronto.ca/dataset/municipal-licensing-and-standards-business-licences-and-permits/
JEFF THE CHEF CATERING,Caterer or chef,Catering and private dining,,4163059879,B71-4178829,EATING OR DRINKING ESTABLISHMENT,2026-09-01,Business name mentions catering/chef,medium,Needs business and event-service verification; do not publish as approved,https://open.toronto.ca/dataset/municipal-licensing-and-standards-business-licences-and-permits/
JJ'S CATERING,Caterer or chef,Catering and private dining,,,V27-5323563,NON-MOTORIZED REFRESHMENT VEHICLE OWNER,2026-05-28,Business name mentions catering/chef,medium,Needs business and event-service verification; do not publish as approved,https://open.toronto.ca/dataset/municipal-licensing-and-standards-business-licences-and-permits/
JUST CATERING FOOD SERVICES,Caterer or chef,Catering and private dining,,4163935540,B50-5220457; B50-5220459; B50-5307641,TAKE-OUT OR RETAIL FOOD ESTABLISHMENT,2026-06-30,Business name mentions catering/chef,medium,Needs business and event-service verification; do not publish as approved,https://open.toronto.ca/dataset/municipal-licensing-and-standards-business-licences-and-permits/
JUST CATERING FOODS,Caterer or chef,Catering and private dining,,,B50-5201919; B50-5201921; B50-5201923; B50-5201924; B50-5201925; B50-5201929; B50-5201930; B50-5214065; B50-5358376,TAKE-OUT OR RETAIL FOOD ESTABLISHMENT,2026-09-22,Business name mentions catering/chef,medium,Needs business and event-service verification; do not publish as approved,https://open.toronto.ca/dataset/municipal-licensing-and-standards-business-licences-and-permits/
JUST CATERING FOODS SERVICES,Caterer or chef,Catering and private dining,,4163935540,B50-5316005; B50-5316007,TAKE-OUT OR RETAIL FOOD ESTABLISHMENT,2026-05-22,Business name mentions catering/chef,medium,Needs business and event-service verification; do not publish as approved,https://open.toronto.ca/dataset/municipal-licensing-and-standards-business-licences-and-permits/
JUST SOUPS TAKE OUT & CATERING,Caterer or chef,Catering and private dining,,4164546072,B50-4293574,TAKE-OUT OR RETAIL FOOD ESTABLISHMENT,2026-02-27,Business name mentions catering/chef,medium,Needs business and event-service verification; do not publish as approved,https://open.toronto.ca/dataset/municipal-licensing-and-standards-business-licences-and-permits/
KANSAS CATERING,Caterer or chef,Catering and private dining,,,V27-5563038,NON-MOTORIZED REFRESHMENT VEHICLE OWNER,2026-07-08,Business name mentions catering/chef,medium,Needs business and event-service verification; do not publish as approved,https://open.toronto.ca/dataset/municipal-licensing-and-standards-business-licences-and-permits/
KITCHEN KING JAMAICAN RESTAURANT & CATERING SERVICES,Caterer or chef,Catering and private dining,,4162980330,B71-4817121,EATING OR DRINKING ESTABLISHMENT,2026-05-15,Business name mentions catering/chef,medium,Needs business and event-service verification; do not publish as approved,https://open.toronto.ca/dataset/municipal-licensing-and-standards-business-licences-and-permits/
KUSINA TOWN CATERING,Caterer or chef,Catering and private dining,,,B50-5631579,TAKE-OUT OR RETAIL FOOD ESTABLISHMENT,2026-05-12,Business name mentions catering/chef,medium,Needs business and event-service verification; do not publish as approved,https://open.toronto.ca/dataset/municipal-licensing-and-standards-business-licences-and-permits/
LA FIESTA CATERING,Caterer or chef,Catering and private dining,,,V15-4651410,MOTORIZED REFRESHMENT VEHICLE OWNER,2026-07-29,Business name mentions catering/chef,medium,Needs business and event-service verification; do not publish as approved,https://open.toronto.ca/dataset/municipal-licensing-and-standards-business-licences-and-permits/
LOLA'S CATERING,Caterer or chef,Catering and private dining,,6474274773,B71-3835680; B71-4980505,EATING OR DRINKING ESTABLISHMENT,2026-03-06,Business name mentions catering/chef,medium,Needs business and event-service verification; do not publish as approved,https://open.toronto.ca/dataset/municipal-licensing-and-standards-business-licences-and-permits/
LUXMY TAKEOUT & CATERING,Caterer or chef,Catering and private dining,,4162888177,B71-3120299,EATING OR DRINKING ESTABLISHMENT,2026-06-05,Business name mentions catering/chef,medium,Needs business and event-service verification; do not publish as approved,https://open.toronto.ca/dataset/municipal-licensing-and-standards-business-licences-and-permits/
M HALPERT CATERING,Caterer or chef,Catering and private dining,,4166567199,B50-0021245,TAKE-OUT OR RETAIL FOOD ESTABLISHMENT,2026-01-27,Business name mentions catering/chef,medium,Needs business and event-service verification; do not publish as approved,https://open.toronto.ca/dataset/municipal-licensing-and-standards-business-licences-and-permits/
MALAR CATERING AND TAKE OUT,Caterer or chef,Catering and private dining,,,B50-5301211,TAKE-OUT OR RETAIL FOOD ESTABLISHMENT,2026-01-27,Business name mentions catering/chef,medium,Needs business and event-service verification; do not publish as approved,https://open.toronto.ca/dataset/municipal-licensing-and-standards-business-licences-and-permits/
MASTER'S BUFFETERIA CATERING,Caterer or chef,Catering and private dining,,4169247651,B71-3608870,EATING OR DRINKING ESTABLISHMENT,2026-05-15,Business name mentions catering/chef,medium,Needs business and event-service verification; do not publish as approved,https://open.toronto.ca/dataset/municipal-licensing-and-standards-business-licences-and-permits/
MORELLINA'S: CATERING ITALIAN STYLE,Caterer or chef,Catering and private dining,,4166597044,B71-4868579,EATING OR DRINKING ESTABLISHMENT,2026-03-20,Business name mentions catering/chef,medium,Needs business and event-service verification; do not publish as approved,https://open.toronto.ca/dataset/municipal-licensing-and-standards-business-licences-and-permits/
NANTHA CATERS,Caterer or chef,Catering and private dining,,4169370990,B50-4429813,TAKE-OUT OR RETAIL FOOD ESTABLISHMENT,2025-10-31,Business name mentions catering/chef,medium,Needs business and event-service verification; do not publish as approved,https://open.toronto.ca/dataset/municipal-licensing-and-standards-business-licences-and-permits/
NANTHA DINE IN CATERING & TAKEOUT,Caterer or chef,Catering and private dining,,4169370990,B71-5211403,EATING OR DRINKING ESTABLISHMENT,2026-07-07,Business name mentions catering/chef,medium,Needs business and event-service verification; do not publish as approved,https://open.toronto.ca/dataset/municipal-licensing-and-standards-business-licences-and-permits/
NEW CASA ABRIL REATAURANT $ CATERING,Caterer or chef,Catering and private dining,,4169533960,B71-5203670,EATING OR DRINKING ESTABLISHMENT,2026-03-13,Business name mentions catering/chef,medium,Needs business and event-service verification; do not publish as approved,https://open.toronto.ca/dataset/municipal-licensing-and-standards-business-licences-and-permits/
NEW JEYAM CATERING,Caterer or chef,Catering and private dining,,,B50-5200840,TAKE-OUT OR RETAIL FOOD ESTABLISHMENT,2026-01-23,Business name mentions catering/chef,medium,Needs business and event-service verification; do not publish as approved,https://open.toronto.ca/dataset/municipal-licensing-and-standards-business-licences-and-permits/
NEW KALYANI TAKE OUT & CATERING INC,Caterer or chef,Catering and private dining,,4166131888,B50-4540562; B71-4540562,EATING OR DRINKING ESTABLISHMENT; TAKE-OUT OR RETAIL FOOD ESTABLISHMENT,2026-09-02,Business name mentions catering/chef,medium,Needs business and event-service verification; do not publish as approved,https://open.toronto.ca/dataset/municipal-licensing-and-standards-business-licences-and-permits/
"NEW SPICELAND TAKE OUT,CATERING AND BAKERY",Caterer or chef,Catering and private dining,,4164325759,B50-4068111,TAKE-OUT OR RETAIL FOOD ESTABLISHMENT,2026-04-10,Business name mentions catering/chef,medium,Needs business and event-service verification; do not publish as approved,https://open.toronto.ca/dataset/municipal-licensing-and-standards-business-licences-and-permits/
OLA RESTAURANT AND CATERING SERVICES,Caterer or chef,Catering and private dining,,4166146521,B71-4066262,EATING OR DRINKING ESTABLISHMENT,2026-04-24,Business name mentions catering/chef,medium,Needs business and event-service verification; do not publish as approved,https://open.toronto.ca/dataset/municipal-licensing-and-standards-business-licences-and-permits/
PANTRY FOODS AND CATERING,Caterer or chef,Catering and private dining,,4167850996,B50-4660305,TAKE-OUT OR RETAIL FOOD ESTABLISHMENT,2025-12-09,Business name mentions catering/chef,medium,Needs business and event-service verification; do not publish as approved,https://open.toronto.ca/dataset/municipal-licensing-and-standards-business-licences-and-permits/
PAT'S CATERING SERVICES,Caterer or chef,Catering and private dining,,,V15-3611250,MOTORIZED REFRESHMENT VEHICLE OWNER,2026-09-17,Business name mentions catering/chef,medium,Needs business and event-service verification; do not publish as approved,https://open.toronto.ca/dataset/municipal-licensing-and-standards-business-licences-and-permits/
PAT'S CATERING SERVICES LTD,Caterer or chef,Catering and private dining,,,V15-3611672,MOTORIZED REFRESHMENT VEHICLE OWNER,2025-06-19,Business name mentions catering/chef,medium,Needs business and event-service verification; do not publish as approved,https://open.toronto.ca/dataset/municipal-licensing-and-standards-business-licences-and-permits/
PICNIC CAFE & CATERING,Caterer or chef,Catering and private dining,,4169191066,B71-4184462,EATING OR DRINKING ESTABLISHMENT,2026-08-21,Business name mentions catering/chef,medium,Needs business and event-service verification; do not publish as approved,https://open.toronto.ca/dataset/municipal-licensing-and-standards-business-licences-and-permits/
PUMPERNICKEL'S CATERING,Caterer or chef,Catering and private dining,,,B50-4703128; B71-4647868; B71-5013551; B71-5635562,EATING OR DRINKING ESTABLISHMENT; TAKE-OUT OR RETAIL FOOD ESTABLISHMENT,2026-05-26,Business name mentions catering/chef,medium,Needs business and event-service verification; do not publish as approved,https://open.toronto.ca/dataset/municipal-licensing-and-standards-business-licences-and-permits/
PUMPERNICKEL'S DELI AND CATERING,Caterer or chef,Catering and private dining,,,B50-5351102,TAKE-OUT OR RETAIL FOOD ESTABLISHMENT,2026-08-14,Business name mentions catering/chef,medium,Needs business and event-service verification; do not publish as approved,https://open.toronto.ca/dataset/municipal-licensing-and-standards-business-licences-and-permits/
PUMPERNICKLE'S CATERING,Caterer or chef,Catering and private dining,,,B50-5024149,TAKE-OUT OR RETAIL FOOD ESTABLISHMENT,2026-05-12,Business name mentions catering/chef,medium,Needs business and event-service verification; do not publish as approved,https://open.toronto.ca/dataset/municipal-licensing-and-standards-business-licences-and-permits/
QUEEN VICTORIS'S PUB & CATERING,Caterer or chef,Catering and private dining,,6473471141,B71-3954421,EATING OR DRINKING ESTABLISHMENT,2026-08-11,Business name mentions catering/chef,medium,Needs business and event-service verification; do not publish as approved,https://open.toronto.ca/dataset/municipal-licensing-and-standards-business-licences-and-permits/
RAGING SPOON CATERING,Caterer or chef,Catering and private dining,,4165041693,B50-5556015,TAKE-OUT OR RETAIL FOOD ESTABLISHMENT,2026-08-21,Business name mentions catering/chef,medium,Needs business and event-service verification; do not publish as approved,https://open.toronto.ca/dataset/municipal-licensing-and-standards-business-licences-and-permits/
RAJAH RAM CATERING SERVICES,Caterer or chef,Catering and private dining,,4162995200,B50-3955192,TAKE-OUT OR RETAIL FOOD ESTABLISHMENT,2026-07-10,Business name mentions catering/chef,medium,Needs business and event-service verification; do not publish as approved,https://open.toronto.ca/dataset/municipal-licensing-and-standards-business-licences-and-permits/
RCT CATERING,Caterer or chef,Catering and private dining,,,V15-5625093,MOTORIZED REFRESHMENT VEHICLE OWNER,2026-04-14,Business name mentions catering/chef,medium,Needs business and event-service verification; do not publish as approved,https://open.toronto.ca/dataset/municipal-licensing-and-standards-business-licences-and-permits/
REMBRANDT BANQUET HALLS & CATERING SERVICES,Caterer or chef,Catering and private dining,,,B70-5200570,ENTERTAINMENT PLACE OF ASSEMBLY,2026-02-10,Business name mentions catering/chef,medium,Needs business and event-service verification; do not publish as approved,https://open.toronto.ca/dataset/municipal-licensing-and-standards-business-licences-and-permits/
ROAST AND BEYOND CATERING,Caterer or chef,Catering and private dining,,,B71-55B1049,EATING OR DRINKING ESTABLISHMENT,2025-12-29,Business name mentions catering/chef,medium,Needs business and event-service verification; do not publish as approved,https://open.toronto.ca/dataset/municipal-licensing-and-standards-business-licences-and-permits/
RONG MEAL CATERING,Caterer or chef,Catering and private dining,,,B50-5663487,TAKE-OUT OR RETAIL FOOD ESTABLISHMENT,2026-09-11,Business name mentions catering/chef,medium,Needs business and event-service verification; do not publish as approved,https://open.toronto.ca/dataset/municipal-licensing-and-standards-business-licences-and-permits/
"ROTI KING TAKEOUT, CATERING & BAKERY",Caterer or chef,Catering and private dining,,,B50-55A4334,TAKE-OUT OR RETAIL FOOD ESTABLISHMENT,2025-12-04,Business name mentions catering/chef,medium,Needs business and event-service verification; do not publish as approved,https://open.toronto.ca/dataset/municipal-licensing-and-standards-business-licences-and-permits/
RUTH'S CATERING & TAKEOUT,Caterer or chef,Catering and private dining,,6473507111,B50-4848662; B50-5364037,TAKE-OUT OR RETAIL FOOD ESTABLISHMENT,2026-08-10,Business name mentions catering/chef,medium,Needs business and event-service verification; do not publish as approved,https://open.toronto.ca/dataset/municipal-licensing-and-standards-business-licences-and-permits/
SAISONS RESTAURANT & CATERING/CAFE MODA,Caterer or chef,Catering and private dining,,4167034789,B71-5014162,EATING OR DRINKING ESTABLISHMENT,2026-01-20,Business name mentions catering/chef,medium,Needs business and event-service verification; do not publish as approved,https://open.toronto.ca/dataset/municipal-licensing-and-standards-business-licences-and-permits/
SILVERDALE CATERING SERVICES,Caterer or chef,Catering and private dining,,,B71-5309162,EATING OR DRINKING ESTABLISHMENT,2026-01-09,Business name mentions catering/chef,medium,Needs business and event-service verification; do not publish as approved,https://open.toronto.ca/dataset/municipal-licensing-and-standards-business-licences-and-permits/
STACYS ISLAND FLAVOR RESTAURANT AND CATERERS,Caterer or chef,Catering and private dining,,,B50-5244606,TAKE-OUT OR RETAIL FOOD ESTABLISHMENT,2025-12-23,Business name mentions catering/chef,medium,Needs business and event-service verification; do not publish as approved,https://open.toronto.ca/dataset/municipal-licensing-and-standards-business-licences-and-permits/
SUNRISE PASTRIES & CATERING SERVICES INC,Caterer or chef,Catering and private dining,,4162997771,B50-4540171,TAKE-OUT OR RETAIL FOOD ESTABLISHMENT,2025-07-22,Business name mentions catering/chef,medium,Needs business and event-service verification; do not publish as approved,https://open.toronto.ca/dataset/municipal-licensing-and-standards-business-licences-and-permits/
SUNSET CARIBBEAN TAKE OUT AND CATERING,Caterer or chef,Catering and private dining,,,B50-4423385,TAKE-OUT OR RETAIL FOOD ESTABLISHMENT,2026-06-30,Business name mentions catering/chef,medium,Needs business and event-service verification; do not publish as approved,https://open.toronto.ca/dataset/municipal-licensing-and-standards-business-licences-and-permits/
TABRIZ CATERING,Caterer or chef,Catering and private dining,,,B50-5546117,TAKE-OUT OR RETAIL FOOD ESTABLISHMENT,2026-05-15,Business name mentions catering/chef,medium,Needs business and event-service verification; do not publish as approved,https://open.toronto.ca/dataset/municipal-licensing-and-standards-business-licences-and-permits/
TASTE & SEE AFRICAN FOOD AND CATERING,Caterer or chef,Catering and private dining,,,B50-5227107,TAKE-OUT OR RETAIL FOOD ESTABLISHMENT,2026-08-25,Business name mentions catering/chef,medium,Needs business and event-service verification; do not publish as approved,https://open.toronto.ca/dataset/municipal-licensing-and-standards-business-licences-and-permits/
TEHRANTO RESTAURANT & CATERING,Caterer or chef,Catering and private dining,,,B71-5377664; R58-5577664,CURB LANE CAFE; EATING OR DRINKING ESTABLISHMENT,2026-02-26,Business name mentions catering/chef,medium,Needs business and event-service verification; do not publish as approved,https://open.toronto.ca/dataset/municipal-licensing-and-standards-business-licences-and-permits/
THE FOOD DUDE CATERING LTD,Caterer or chef,Catering and private dining,,,V15-3124743,MOTORIZED REFRESHMENT VEHICLE OWNER,2025-07-17,Business name mentions catering/chef,medium,Needs business and event-service verification; do not publish as approved,https://open.toronto.ca/dataset/municipal-licensing-and-standards-business-licences-and-permits/
THE SALT & PEPPER CATERING CO.,Caterer or chef,Catering and private dining,,,B71-5240744,EATING OR DRINKING ESTABLISHMENT,2026-09-26,Business name mentions catering/chef,medium,Needs business and event-service verification; do not publish as approved,https://open.toronto.ca/dataset/municipal-licensing-and-standards-business-licences-and-permits/
TORONTO FOOD CATERING & TAKEOUT EXPRESS,Caterer or chef,Catering and private dining,,,B50-55A7847,TAKE-OUT OR RETAIL FOOD ESTABLISHMENT,2026-01-07,Business name mentions catering/chef,medium,Needs business and event-service verification; do not publish as approved,https://open.toronto.ca/dataset/municipal-licensing-and-standards-business-licences-and-permits/
UPALI CATERS INC,Caterer or chef,Catering and private dining,,,B50-5521830,TAKE-OUT OR RETAIL FOOD ESTABLISHMENT,2026-02-25,Business name mentions catering/chef,medium,Needs business and event-service verification; do not publish as approved,https://open.toronto.ca/dataset/municipal-licensing-and-standards-business-licences-and-permits/
URBAN FARE CATERING,Caterer or chef,Catering and private dining,,4165321010,B50-5202140,TAKE-OUT OR RETAIL FOOD ESTABLISHMENT,2026-02-10,Business name mentions catering/chef,medium,Needs business and event-service verification; do not publish as approved,https://open.toronto.ca/dataset/municipal-licensing-and-standards-business-licences-and-permits/
VEERAR TAKEOUT & CATERING,Caterer or chef,Catering and private dining,,,B50-5044208,TAKE-OUT OR RETAIL FOOD ESTABLISHMENT,2025-09-26,Business name mentions catering/chef,medium,Needs business and event-service verification; do not publish as approved,https://open.toronto.ca/dataset/municipal-licensing-and-standards-business-licences-and-permits/
VELOUTE CATERING,Caterer or chef,Catering and private dining,,4166967392,B71-5203708,EATING OR DRINKING ESTABLISHMENT,2026-03-03,Business name mentions catering/chef,medium,Needs business and event-service verification; do not publish as approved,https://open.toronto.ca/dataset/municipal-licensing-and-standards-business-licences-and-permits/
VERY FAIR CATERING AND TAKE OUT,Caterer or chef,Catering and private dining,,,B50-5552134,TAKE-OUT OR RETAIL FOOD ESTABLISHMENT,2026-04-21,Business name mentions catering/chef,medium,Needs business and event-service verification; do not publish as approved,https://open.toronto.ca/dataset/municipal-licensing-and-standards-business-licences-and-permits/
VINCENT CATERING SERVICES,Caterer or chef,Catering and private dining,,,V15-3107333,MOTORIZED REFRESHMENT VEHICLE OWNER,2026-07-02,Business name mentions catering/chef,medium,Needs business and event-service verification; do not publish as approved,https://open.toronto.ca/dataset/municipal-licensing-and-standards-business-licences-and-permits/
VINCI CATERING & EVENT PLANNING,Caterer or chef,Catering and private dining,,,B50-5211509,TAKE-OUT OR RETAIL FOOD ESTABLISHMENT,2026-06-23,Business name mentions catering/chef,medium,Needs business and event-service verification; do not publish as approved,https://open.toronto.ca/dataset/municipal-licensing-and-standards-business-licences-and-permits/
VOZARA CATERING & TAKEOUT,Caterer or chef,Catering and private dining,,,B71-5551624,EATING OR DRINKING ESTABLISHMENT,2026-04-10,Business name mentions catering/chef,medium,Needs business and event-service verification; do not publish as approved,https://open.toronto.ca/dataset/municipal-licensing-and-standards-business-licences-and-permits/
WE CATER - FOOD ON WHEELS 1986,Caterer or chef,Catering and private dining,,,V15-5583505; V15-5638911; V15-5649293,MOTORIZED REFRESHMENT VEHICLE OWNER,2026-07-06,Business name mentions catering/chef,medium,Needs business and event-service verification; do not publish as approved,https://open.toronto.ca/dataset/municipal-licensing-and-standards-business-licences-and-permits/
YORK MILLS GALLERY CATERTRENDZ,Caterer or chef,Catering and private dining,,4163861086,B70-4429556,ENTERTAINMENT PLACE OF ASSEMBLY,2026-01-16,Business name mentions catering/chef,medium,Needs business and event-service verification; do not publish as approved,https://open.toronto.ca/dataset/municipal-licensing-and-standards-business-licences-and-permits/
EN VILLE EVENT DESIGN AND CATERING,Decorator,Event decor and styling,,4165338800,B50-4857317,TAKE-OUT OR RETAIL FOOD ESTABLISHMENT,2026-07-10,Business name mentions event decor/design/styling,low,Needs business and event-service verification; do not publish as approved,https://open.toronto.ca/dataset/municipal-licensing-and-standards-business-licences-and-permits/
VINCI CATERING & EVENT PLANNING,Planner,Event planning and coordination,,,B50-5211509,TAKE-OUT OR RETAIL FOOD ESTABLISHMENT,2026-06-23,Business name mentions event planning/coordination,low,Needs business and event-service verification; do not publish as approved,https://open.toronto.ca/dataset/municipal-licensing-and-standards-business-licences-and-permits/
1000712922 ONTARIO INC,Venue,Event venues,,,B70-5454997,ENTERTAINMENT PLACE OF ASSEMBLY,2026-08-19,City licence category: assembly/nightclub,medium,Needs business and event-service verification; do not publish as approved,https://open.toronto.ca/dataset/municipal-licensing-and-standards-business-licences-and-permits/
ALBION CINEMAS,Venue,Event venues,,,B70-5200168,ENTERTAINMENT PLACE OF ASSEMBLY,2025-12-15,City licence category: assembly/nightclub,medium,Needs business and event-service verification; do not publish as approved,https://open.toronto.ca/dataset/municipal-licensing-and-standards-business-licences-and-permits/
ALBUM STUDIOS,Venue,Event venues,,,B70-5513514; B70-5542350,ENTERTAINMENT PLACE OF ASSEMBLY,2026-03-27,City licence category: assembly/nightclub,medium,Needs business and event-service verification; do not publish as approved,https://open.toronto.ca/dataset/municipal-licensing-and-standards-business-licences-and-permits/
ALLIANCE BANQUET HALL & EVENT VENUE,Venue,Event venues,,,B70-4758735,ENTERTAINMENT PLACE OF ASSEMBLY,2025-12-16,City licence category: assembly/nightclub,medium,Needs business and event-service verification; do not publish as approved,https://open.toronto.ca/dataset/municipal-licensing-and-standards-business-licences-and-permits/
AMULET RESTAURANT AND BANQUET HALL,Venue,Event venues,,4166637820,B70-5106133,ENTERTAINMENT PLACE OF ASSEMBLY,2026-01-23,City licence category: assembly/nightclub,medium,Needs business and event-service verification; do not publish as approved,https://open.toronto.ca/dataset/municipal-licensing-and-standards-business-licences-and-permits/
ARCHIVE STUDIOS TORONTO,Venue,Event venues,,,B70-5605695,ENTERTAINMENT PLACE OF ASSEMBLY,2026-02-06,City licence category: assembly/nightclub,medium,Needs business and event-service verification; do not publish as approved,https://open.toronto.ca/dataset/municipal-licensing-and-standards-business-licences-and-permits/
ARTA GALLERY,Venue,Event venues,,4163642782,B70-4813859,ENTERTAINMENT PLACE OF ASSEMBLY,2026-01-23,City licence category: assembly/nightclub,medium,Needs business and event-service verification; do not publish as approved,https://open.toronto.ca/dataset/municipal-licensing-and-standards-business-licences-and-permits/
ARTHUBS TORONTO,Venue,Event venues,,6476966962,B70-5423368,ENTERTAINMENT PLACE OF ASSEMBLY,2026-03-20,City licence category: assembly/nightclub,medium,Needs business and event-service verification; do not publish as approved,https://open.toronto.ca/dataset/municipal-licensing-and-standards-business-licences-and-permits/
BABA BANQUET HALL,Venue,Event venues,,4163355684,B70-3484172,ENTERTAINMENT PLACE OF ASSEMBLY,2025-11-11,City licence category: assembly/nightclub,medium,Needs business and event-service verification; do not publish as approved,https://open.toronto.ca/dataset/municipal-licensing-and-standards-business-licences-and-permits/
BABY POINT LOUNGE,Venue,Event venues,,4167672623,B70-0001571,ENTERTAINMENT PLACE OF ASSEMBLY,2025-12-23,City licence category: assembly/nightclub,medium,Needs business and event-service verification; do not publish as approved,https://open.toronto.ca/dataset/municipal-licensing-and-standards-business-licences-and-permits/
BAR + MUSIC STUDIO,Venue,Event venues,,,B70-3608825,ENTERTAINMENT PLACE OF ASSEMBLY,2026-06-08,City licence category: assembly/nightclub,medium,Needs business and event-service verification; do not publish as approved,https://open.toronto.ca/dataset/municipal-licensing-and-standards-business-licences-and-permits/
BAR 404,Venue,Event venues,,,B95-5237690,EXPANDED ENTERTAINMENT PLACE OF ASSEMBLY,2026-08-25,City licence category: assembly/nightclub,medium,Needs business and event-service verification; do not publish as approved,https://open.toronto.ca/dataset/municipal-licensing-and-standards-business-licences-and-permits/
BAR ZUNKO,Venue,Event venues,,,B95-5448568,EXPANDED ENTERTAINMENT PLACE OF ASSEMBLY,2026-08-26,City licence category: assembly/nightclub,medium,Needs business and event-service verification; do not publish as approved,https://open.toronto.ca/dataset/municipal-licensing-and-standards-business-licences-and-permits/
BELLAMY VENUE,Venue,Event venues,,6478607401,B70-5320759,ENTERTAINMENT PLACE OF ASSEMBLY,2026-04-10,City licence category: assembly/nightclub,medium,Needs business and event-service verification; do not publish as approved,https://open.toronto.ca/dataset/municipal-licensing-and-standards-business-licences-and-permits/
BELMONT EVENT SPACE,Venue,Event venues,,,B95-5608541,EXPANDED ENTERTAINMENT PLACE OF ASSEMBLY,2026-03-06,City licence category: assembly/nightclub,medium,Needs business and event-service verification; do not publish as approved,https://open.toronto.ca/dataset/municipal-licensing-and-standards-business-licences-and-permits/
BLACK CREEK ASSEMBLY,Venue,Event venues,,,B70-5635510,ENTERTAINMENT PLACE OF ASSEMBLY,2026-05-26,City licence category: assembly/nightclub,medium,Needs business and event-service verification; do not publish as approved,https://open.toronto.ca/dataset/municipal-licensing-and-standards-business-licences-and-permits/
BLACK EAGLE,Venue,Event venues,,,B97-5604702,ENTERTAINMENT ESTABLISHMENT/NIGHTCLUB,2026-05-27,City licence category: assembly/nightclub,medium,Needs business and event-service verification; do not publish as approved,https://open.toronto.ca/dataset/municipal-licensing-and-standards-business-licences-and-permits/
BRANCH #10,Venue,Event venues,,4164253070,B70-0000110,ENTERTAINMENT PLACE OF ASSEMBLY,2025-12-26,City licence category: assembly/nightclub,medium,Needs business and event-service verification; do not publish as approved,https://open.toronto.ca/dataset/municipal-licensing-and-standards-business-licences-and-permits/
BRASS RAIL TAVERN,Venue,Event venues,,4169241241,B70-0002488,ENTERTAINMENT PLACE OF ASSEMBLY,2025-12-12,City licence category: assembly/nightclub,medium,Needs business and event-service verification; do not publish as approved,https://open.toronto.ca/dataset/municipal-licensing-and-standards-business-licences-and-permits/
BRIGHTON CONVENTION CENTRE,Venue,Event venues,,,B70-5227057,ENTERTAINMENT PLACE OF ASSEMBLY,2026-09-22,City licence category: assembly/nightclub,medium,Needs business and event-service verification; do not publish as approved,https://open.toronto.ca/dataset/municipal-licensing-and-standards-business-licences-and-permits/
BUNKER,Venue,Event venues,,,B97-5606241,ENTERTAINMENT ESTABLISHMENT/NIGHTCLUB,2026-09-01,City licence category: assembly/nightclub,medium,Needs business and event-service verification; do not publish as approved,https://open.toronto.ca/dataset/municipal-licensing-and-standards-business-licences-and-permits/
CAFE TWISTER,Venue,Event venues,,4162252465,B70-3002878,ENTERTAINMENT PLACE OF ASSEMBLY,2026-09-25,City licence category: assembly/nightclub,medium,Needs business and event-service verification; do not publish as approved,https://open.toronto.ca/dataset/municipal-licensing-and-standards-business-licences-and-permits/
CAFETERIA,Venue,Event venues,,,B95-5411369,EXPANDED ENTERTAINMENT PLACE OF ASSEMBLY,2026-08-24,City licence category: assembly/nightclub,medium,Needs business and event-service verification; do not publish as approved,https://open.toronto.ca/dataset/municipal-licensing-and-standards-business-licences-and-permits/
CAKE CABARET,Venue,Event venues,,,B70-5625368,ENTERTAINMENT PLACE OF ASSEMBLY,2026-04-21,City licence category: assembly/nightclub,medium,Needs business and event-service verification; do not publish as approved,https://open.toronto.ca/dataset/municipal-licensing-and-standards-business-licences-and-permits/
CANADIAN TENNIS ASSOCIATION,Venue,Event venues,,,B70-5663319,ENTERTAINMENT PLACE OF ASSEMBLY,2026-09-08,City licence category: assembly/nightclub,medium,Needs business and event-service verification; do not publish as approved,https://open.toronto.ca/dataset/municipal-licensing-and-standards-business-licences-and-permits/
CANADIANA RESTAURANT AND BANQUET HALL,Venue,Event venues,,4162391114,B96-3098262,EXPANDED EATING/DRINKING ESTABLISHMENT,2026-07-22,Business name and food licence suggest event venue,medium,Needs business and event-service verification; do not publish as approved,https://open.toronto.ca/dataset/municipal-licensing-and-standards-business-licences-and-permits/
CAPOEIRA BAMBA,Venue,Event venues,,,B70-5661238,ENTERTAINMENT PLACE OF ASSEMBLY,2026-08-25,City licence category: assembly/nightclub,medium,Needs business and event-service verification; do not publish as approved,https://open.toronto.ca/dataset/municipal-licensing-and-standards-business-licences-and-permits/
CARLTON CINEMA,Venue,Event venues,,7804821611,B70-4069208,ENTERTAINMENT PLACE OF ASSEMBLY,2025-11-07,City licence category: assembly/nightclub,medium,Needs business and event-service verification; do not publish as approved,https://open.toronto.ca/dataset/municipal-licensing-and-standards-business-licences-and-permits/
CASA DELUZ BANQUET HALL,Venue,Event venues,,,B71-5235939,EATING OR DRINKING ESTABLISHMENT,2025-09-19,Business name and food licence suggest event venue,medium,Needs business and event-service verification; do not publish as approved,https://open.toronto.ca/dataset/municipal-licensing-and-standards-business-licences-and-permits/
CASA LOMA,Venue,Event venues,,4165423789,B70-4418437,ENTERTAINMENT PLACE OF ASSEMBLY,2025-12-12,City licence category: assembly/nightclub,medium,Needs business and event-service verification; do not publish as approved,https://open.toronto.ca/dataset/municipal-licensing-and-standards-business-licences-and-permits/
CASA RICCA BANQUET HALL,Venue,Event venues,,4167443339,B71-4751412,EATING OR DRINKING ESTABLISHMENT,2026-04-20,Business name and food licence suggest event venue,medium,Needs business and event-service verification; do not publish as approved,https://open.toronto.ca/dataset/municipal-licensing-and-standards-business-licences-and-permits/
CASSIUS CUCINA CONTEMPORANEA,Venue,Event venues,,,B97-5645621,ENTERTAINMENT ESTABLISHMENT/NIGHTCLUB,2026-08-19,City licence category: assembly/nightclub,medium,Needs business and event-service verification; do not publish as approved,https://open.toronto.ca/dataset/municipal-licensing-and-standards-business-licences-and-permits/
CELEBRATION BANQUET HALL,Venue,Event venues,,,B70-5540044,ENTERTAINMENT PLACE OF ASSEMBLY,2026-04-07,City licence category: assembly/nightclub,medium,Needs business and event-service verification; do not publish as approved,https://open.toronto.ca/dataset/municipal-licensing-and-standards-business-licences-and-permits/
CENTURY,Venue,Event venues,,,B97-5145437,ENTERTAINMENT ESTABLISHMENT/NIGHTCLUB,2026-03-31,City licence category: assembly/nightclub,medium,Needs business and event-service verification; do not publish as approved,https://open.toronto.ca/dataset/municipal-licensing-and-standards-business-licences-and-permits/
CINEPLEX CINEMAS EMPRESS WALK,Venue,Event venues,,4163236600,B95-5559929,EXPANDED ENTERTAINMENT PLACE OF ASSEMBLY,2026-08-17,City licence category: assembly/nightclub,medium,Needs business and event-service verification; do not publish as approved,https://open.toronto.ca/dataset/municipal-licensing-and-standards-business-licences-and-permits/
CINEPLEX CINEMAS FAIRVIEW MALL,Venue,Event venues,,4163236600,B95-5518092,EXPANDED ENTERTAINMENT PLACE OF ASSEMBLY,2026-05-22,City licence category: assembly/nightclub,medium,Needs business and event-service verification; do not publish as approved,https://open.toronto.ca/dataset/municipal-licensing-and-standards-business-licences-and-permits/
CINEPLEX CINEMAS QUEENSWAY AND VIP,Venue,Event venues,,4163236600,B95-5654631,EXPANDED ENTERTAINMENT PLACE OF ASSEMBLY,2026-09-11,City licence category: assembly/nightclub,medium,Needs business and event-service verification; do not publish as approved,https://open.toronto.ca/dataset/municipal-licensing-and-standards-business-licences-and-permits/
CINEPLEX CINEMAS SCARBOROUGH,Venue,Event venues,,4163236600,B95-5657396,EXPANDED ENTERTAINMENT PLACE OF ASSEMBLY,2026-09-09,City licence category: assembly/nightclub,medium,Needs business and event-service verification; do not publish as approved,https://open.toronto.ca/dataset/municipal-licensing-and-standards-business-licences-and-permits/
CINEPLEX CINEMAS VARSITY AND VIP,Venue,Event venues,,4163236600,B95-5518085,EXPANDED ENTERTAINMENT PLACE OF ASSEMBLY,2026-09-09,City licence category: assembly/nightclub,medium,Needs business and event-service verification; do not publish as approved,https://open.toronto.ca/dataset/municipal-licensing-and-standards-business-licences-and-permits/
CINEPLEX CINEMAS YONGE-DUNDAS AND VIP,Venue,Event venues,,4163236600,B95-5562204,EXPANDED ENTERTAINMENT PLACE OF ASSEMBLY,2026-08-17,City licence category: assembly/nightclub,medium,Needs business and event-service verification; do not publish as approved,https://open.toronto.ca/dataset/municipal-licensing-and-standards-business-licences-and-permits/
CINEPLEX CINEMAS YONGE-EGLINTON AND VIP,Venue,Event venues,,4163236600,B95-5654668,EXPANDED ENTERTAINMENT PLACE OF ASSEMBLY,2026-09-09,City licence category: assembly/nightclub,medium,Needs business and event-service verification; do not publish as approved,https://open.toronto.ca/dataset/municipal-licensing-and-standards-business-licences-and-permits/
CINEPLEX CINEMAS YORKDALE,Venue,Event venues,,4163236600,B95-5654626,EXPANDED ENTERTAINMENT PLACE OF ASSEMBLY,2026-09-09,City licence category: assembly/nightclub,medium,Needs business and event-service verification; do not publish as approved,https://open.toronto.ca/dataset/municipal-licensing-and-standards-business-licences-and-permits/
CINEPLEX ODEON EGLINTON TOWN CENTRE CINEMAS,Venue,Event venues,,4163236600,B95-5654617,EXPANDED ENTERTAINMENT PLACE OF ASSEMBLY,2026-09-11,City licence category: assembly/nightclub,medium,Needs business and event-service verification; do not publish as approved,https://open.toronto.ca/dataset/municipal-licensing-and-standards-business-licences-and-permits/
CINEPLEX ODEON MORNINGSIDE CINEMAS,Venue,Event venues,,4163236600,B95-5654440,EXPANDED ENTERTAINMENT PLACE OF ASSEMBLY,2026-08-07,City licence category: assembly/nightclub,medium,Needs business and event-service verification; do not publish as approved,https://open.toronto.ca/dataset/municipal-licensing-and-standards-business-licences-and-permits/
CINEPLEX VIP CINEMAS DON MILLS,Venue,Event venues,,4163236600,B95-5601630,EXPANDED ENTERTAINMENT PLACE OF ASSEMBLY,2026-06-11,City licence category: assembly/nightclub,medium,Needs business and event-service verification; do not publish as approved,https://open.toronto.ca/dataset/municipal-licensing-and-standards-business-licences-and-permits/
CINESTARZ DELUXE WOODBINE,Venue,Event venues,,4166749641,B70-5405416,ENTERTAINMENT PLACE OF ASSEMBLY,2026-01-16,City licence category: assembly/nightclub,medium,Needs business and event-service verification; do not publish as approved,https://open.toronto.ca/dataset/municipal-licensing-and-standards-business-licences-and-permits/
CLAIREPORT PLACE BANQUET & CONVENTION CENTRE,Venue,Event venues,,4166757700,B70-3134869,ENTERTAINMENT PLACE OF ASSEMBLY,2025-12-26,City licence category: assembly/nightclub,medium,Needs business and event-service verification; do not publish as approved,https://open.toronto.ca/dataset/municipal-licensing-and-standards-business-licences-and-permits/
CLUBHOUSE EVENTSPACE,Venue,Event venues,,4166747773,B95-5613142,EXPANDED ENTERTAINMENT PLACE OF ASSEMBLY,2026-03-20,City licence category: assembly/nightclub,medium,Needs business and event-service verification; do not publish as approved,https://open.toronto.ca/dataset/municipal-licensing-and-standards-business-licences-and-permits/
CODA,Venue,Event venues,,4169133488,B97-5653194,ENTERTAINMENT ESTABLISHMENT/NIGHTCLUB,2026-08-19,City licence category: assembly/nightclub,medium,Needs business and event-service verification; do not publish as approved,https://open.toronto.ca/dataset/municipal-licensing-and-standards-business-licences-and-permits/
COMPASS GROUP CANADA,Venue,Event venues,,8005079394,B70-4180498,ENTERTAINMENT PLACE OF ASSEMBLY,2026-02-27,City licence category: assembly/nightclub,medium,Needs business and event-service verification; do not publish as approved,https://open.toronto.ca/dataset/municipal-licensing-and-standards-business-licences-and-permits/
COMPLEX19,Venue,Event venues,,,B97-5638720,ENTERTAINMENT ESTABLISHMENT/NIGHTCLUB,2026-06-05,City licence category: assembly/nightclub,medium,Needs business and event-service verification; do not publish as approved,https://open.toronto.ca/dataset/municipal-licensing-and-standards-business-licences-and-permits/
CROWN PRINCE FINE DINING AND BANQUET,Venue,Event venues,,4164908893,B71-3957300; B96-3957300,EATING OR DRINKING ESTABLISHMENT; EXPANDED EATING/DRINKING ESTABLISHMENT,2026-06-02,Business name and food licence suggest event venue,medium,Needs business and event-service verification; do not publish as approved,https://open.toronto.ca/dataset/municipal-licensing-and-standards-business-licences-and-permits/
DEMOROOM,Venue,Event venues,,,B95-5613138,EXPANDED ENTERTAINMENT PLACE OF ASSEMBLY,2026-03-19,City licence category: assembly/nightclub,medium,Needs business and event-service verification; do not publish as approved,https://open.toronto.ca/dataset/municipal-licensing-and-standards-business-licences-and-permits/
DOLPHIN KARAOKE,Venue,Event venues,,4165126092,B70-4917703,ENTERTAINMENT PLACE OF ASSEMBLY,2026-08-21,City licence category: assembly/nightclub,medium,Needs business and event-service verification; do not publish as approved,https://open.toronto.ca/dataset/municipal-licensing-and-standards-business-licences-and-permits/
DONALDA CLUB,Venue,Event venues,,4164475575,B70-4315031,ENTERTAINMENT PLACE OF ASSEMBLY,2026-08-06,City licence category: assembly/nightclub,medium,Needs business and event-service verification; do not publish as approved,https://open.toronto.ca/dataset/municipal-licensing-and-standards-business-licences-and-permits/
DPRTMNT,Venue,Event venues,,,B97-5138080,ENTERTAINMENT ESTABLISHMENT/NIGHTCLUB,2026-09-01,City licence category: assembly/nightclub,medium,Needs business and event-service verification; do not publish as approved,https://open.toronto.ca/dataset/municipal-licensing-and-standards-business-licences-and-permits/
EDESSA BANQUET,Venue,Event venues,,4166757886,B70-5560745,ENTERTAINMENT PLACE OF ASSEMBLY,2026-06-05,City licence category: assembly/nightclub,medium,Needs business and event-service verification; do not publish as approved,https://open.toronto.ca/dataset/municipal-licensing-and-standards-business-licences-and-permits/
ELITE BANQUET HALLS AND CONVENTION CENTER,Venue,Event venues,,4166740036,B95-5545728,EXPANDED ENTERTAINMENT PLACE OF ASSEMBLY,2026-05-05,City licence category: assembly/nightclub,medium,Needs business and event-service verification; do not publish as approved,https://open.toronto.ca/dataset/municipal-licensing-and-standards-business-licences-and-permits/
EMERALD BANQUET HALL,Venue,Event venues,,,B70-5346934,ENTERTAINMENT PLACE OF ASSEMBLY,2026-09-16,City licence category: assembly/nightclub,medium,Needs business and event-service verification; do not publish as approved,https://open.toronto.ca/dataset/municipal-licensing-and-standards-business-licences-and-permits/
EUROPA CATERING,Venue,Event venues,,4165345520,B70-0002959,ENTERTAINMENT PLACE OF ASSEMBLY,2026-03-27,City licence category: assembly/nightclub,medium,Needs business and event-service verification; do not publish as approved,https://open.toronto.ca/dataset/municipal-licensing-and-standards-business-licences-and-permits/
FICTION NIGHTCLUB,Venue,Event venues,,4168055486,B97-4423265,ENTERTAINMENT ESTABLISHMENT/NIGHTCLUB,2025-10-10,City licence category: assembly/nightclub,medium,Needs business and event-service verification; do not publish as approved,https://open.toronto.ca/dataset/municipal-licensing-and-standards-business-licences-and-permits/
FIFTH SOCIAL CLUB,Venue,Event venues,,4169793852,B97-5589819,ENTERTAINMENT ESTABLISHMENT/NIGHTCLUB,2026-05-29,City licence category: assembly/nightclub,medium,Needs business and event-service verification; do not publish as approved,https://open.toronto.ca/dataset/municipal-licensing-and-standards-business-licences-and-permits/
FLOGA ESTIATORIO AND EVENT SPACE,Venue,Event venues,,4163354123,B71-4710688; B96-4710688,EATING OR DRINKING ESTABLISHMENT; EXPANDED EATING/DRINKING ESTABLISHMENT,2026-06-03,Business name and food licence suggest event venue,medium,Needs business and event-service verification; do not publish as approved,https://open.toronto.ca/dataset/municipal-licensing-and-standards-business-licences-and-permits/
FOX THEATRE,Venue,Event venues,,4166917335,B70-5545228,ENTERTAINMENT PLACE OF ASSEMBLY,2026-04-14,City licence category: assembly/nightclub,medium,Needs business and event-service verification; do not publish as approved,https://open.toronto.ca/dataset/municipal-licensing-and-standards-business-licences-and-permits/
FUSION RESTAURANT &  LOUNGE,Venue,Event venues,,4162652122,B97-5663852,ENTERTAINMENT ESTABLISHMENT/NIGHTCLUB,2026-09-22,City licence category: assembly/nightclub,medium,Needs business and event-service verification; do not publish as approved,https://open.toronto.ca/dataset/municipal-licensing-and-standards-business-licences-and-permits/
FUTURE SOCIAL,Venue,Event venues,,,B97-5597855,ENTERTAINMENT ESTABLISHMENT/NIGHTCLUB,2026-01-29,City licence category: assembly/nightclub,medium,Needs business and event-service verification; do not publish as approved,https://open.toronto.ca/dataset/municipal-licensing-and-standards-business-licences-and-permits/
GONO KARAOKE,Venue,Event venues,,,B70-5556771,ENTERTAINMENT PLACE OF ASSEMBLY,2026-05-15,City licence category: assembly/nightclub,medium,Needs business and event-service verification; do not publish as approved,https://open.toronto.ca/dataset/municipal-licensing-and-standards-business-licences-and-permits/
GONO KARAOKE PLUS,Venue,Event venues,,,B70-5656956,ENTERTAINMENT PLACE OF ASSEMBLY,2026-08-07,City licence category: assembly/nightclub,medium,Needs business and event-service verification; do not publish as approved,https://open.toronto.ca/dataset/municipal-licensing-and-standards-business-licences-and-permits/
GORHEGORHE,Venue,Event venues,,6476540821,B95-3723280,EXPANDED ENTERTAINMENT PLACE OF ASSEMBLY,2026-09-09,City licence category: assembly/nightclub,medium,Needs business and event-service verification; do not publish as approved,https://open.toronto.ca/dataset/municipal-licensing-and-standards-business-licences-and-permits/
GRACE O'MALLEY'S IRISH PUB AND RESTAURANT,Venue,Event venues,,4165961444,B97-5210896,ENTERTAINMENT ESTABLISHMENT/NIGHTCLUB,2025-07-25,City licence category: assembly/nightclub,medium,Needs business and event-service verification; do not publish as approved,https://open.toronto.ca/dataset/municipal-licensing-and-standards-business-licences-and-permits/
GRAND BIZARRE/FYE ULTRA CLUB,Venue,Event venues,,4165959998,B97-3846271,ENTERTAINMENT ESTABLISHMENT/NIGHTCLUB,2026-06-09,City licence category: assembly/nightclub,medium,Needs business and event-service verification; do not publish as approved,https://open.toronto.ca/dataset/municipal-licensing-and-standards-business-licences-and-permits/
GRAND CINNAMON BANQUET AND CONVENTION CENTRE,Venue,Event venues,,4165263029,B70-5661221,ENTERTAINMENT PLACE OF ASSEMBLY,2026-08-20,City licence category: assembly/nightclub,medium,Needs business and event-service verification; do not publish as approved,https://open.toronto.ca/dataset/municipal-licensing-and-standards-business-licences-and-permits/
GRANITE CLUB,Venue,Event venues,,4164498713,B70-4540653,ENTERTAINMENT PLACE OF ASSEMBLY,2026-07-10,City licence category: assembly/nightclub,medium,Needs business and event-service verification; do not publish as approved,https://open.toronto.ca/dataset/municipal-licensing-and-standards-business-licences-and-permits/
GRETA YYZ,Venue,Event venues,,,B97-5430312,ENTERTAINMENT ESTABLISHMENT/NIGHTCLUB,2026-09-09,City licence category: assembly/nightclub,medium,Needs business and event-service verification; do not publish as approved,https://open.toronto.ca/dataset/municipal-licensing-and-standards-business-licences-and-permits/
HISTORY,Venue,Event venues,,,B70-5136122; B97-5614782,ENTERTAINMENT ESTABLISHMENT/NIGHTCLUB; ENTERTAINMENT PLACE OF ASSEMBLY,2026-09-22,City licence category: assembly/nightclub,medium,Needs business and event-service verification; do not publish as approved,https://open.toronto.ca/dataset/municipal-licensing-and-standards-business-licences-and-permits/
HOT DOCS,Venue,Event venues,,,B70-5610315,ENTERTAINMENT PLACE OF ASSEMBLY,2026-02-17,City licence category: assembly/nightclub,medium,Needs business and event-service verification; do not publish as approved,https://open.toronto.ca/dataset/municipal-licensing-and-standards-business-licences-and-permits/
HUGH'S ROOM LIVE,Venue,Event venues,,4165335483,B70-5613765,ENTERTAINMENT PLACE OF ASSEMBLY,2026-03-27,City licence category: assembly/nightclub,medium,Needs business and event-service verification; do not publish as approved,https://open.toronto.ca/dataset/municipal-licensing-and-standards-business-licences-and-permits/
HYVE ENTERTAINMENT,Venue,Event venues,,,B97-5618210,ENTERTAINMENT ESTABLISHMENT/NIGHTCLUB,2026-05-01,City licence category: assembly/nightclub,medium,Needs business and event-service verification; do not publish as approved,https://open.toronto.ca/dataset/municipal-licensing-and-standards-business-licences-and-permits/
JAPANESE CANADIAN CULTURAL CENTRE,Venue,Event venues,,,B70-5623579,ENTERTAINMENT PLACE OF ASSEMBLY,2026-04-17,City licence category: assembly/nightclub,medium,Needs business and event-service verification; do not publish as approved,https://open.toronto.ca/dataset/municipal-licensing-and-standards-business-licences-and-permits/
JAY JAY,Venue,Event venues,,2898891818,B95-5014363,EXPANDED ENTERTAINMENT PLACE OF ASSEMBLY,2026-06-19,City licence category: assembly/nightclub,medium,Needs business and event-service verification; do not publish as approved,https://open.toronto.ca/dataset/municipal-licensing-and-standards-business-licences-and-permits/
JC'S BANQUET & CATERING,Venue,Event venues,,,B70-4427176,ENTERTAINMENT PLACE OF ASSEMBLY,2026-07-20,City licence category: assembly/nightclub,medium,Needs business and event-service verification; do not publish as approved,https://open.toronto.ca/dataset/municipal-licensing-and-standards-business-licences-and-permits/
JEAN DARLENE PIANO ROOM,Venue,Event venues,,4168589446,B95-5026727,EXPANDED ENTERTAINMENT PLACE OF ASSEMBLY,2026-07-24,City licence category: assembly/nightclub,medium,Needs business and event-service verification; do not publish as approved,https://open.toronto.ca/dataset/municipal-licensing-and-standards-business-licences-and-permits/
JJ BEST WESTERN BANQUET HALL,Venue,Event venues,,,B70-5308332,ENTERTAINMENT PLACE OF ASSEMBLY,2026-05-13,City licence category: assembly/nightclub,medium,Needs business and event-service verification; do not publish as approved,https://open.toronto.ca/dataset/municipal-licensing-and-standards-business-licences-and-permits/
KENNEDY CONVENTION CENTRE & BANQUET,Venue,Event venues,,4164026666,B70-4534959,ENTERTAINMENT PLACE OF ASSEMBLY,2026-02-27,City licence category: assembly/nightclub,medium,Needs business and event-service verification; do not publish as approved,https://open.toronto.ca/dataset/municipal-licensing-and-standards-business-licences-and-permits/
KENSINGTON STUDIOS,Venue,Event venues,,,B70-5474252,ENTERTAINMENT PLACE OF ASSEMBLY,2026-08-31,City licence category: assembly/nightclub,medium,Needs business and event-service verification; do not publish as approved,https://open.toronto.ca/dataset/municipal-licensing-and-standards-business-licences-and-permits/
KEYS COMEDY CLUB,Venue,Event venues,,,B70-5636118,ENTERTAINMENT PLACE OF ASSEMBLY,2026-05-27,City licence category: assembly/nightclub,medium,Needs business and event-service verification; do not publish as approved,https://open.toronto.ca/dataset/municipal-licensing-and-standards-business-licences-and-permits/
LA LIGA INDOOR SOCCER INC,Venue,Event venues,,4166651107,B97-4986808,ENTERTAINMENT ESTABLISHMENT/NIGHTCLUB,2025-11-18,City licence category: assembly/nightclub,medium,Needs business and event-service verification; do not publish as approved,https://open.toronto.ca/dataset/municipal-licensing-and-standards-business-licences-and-permits/
LAMBTON HOUSE,Venue,Event venues,,4167666642,B70-3085362,ENTERTAINMENT PLACE OF ASSEMBLY,2026-09-01,City licence category: assembly/nightclub,medium,Needs business and event-service verification; do not publish as approved,https://open.toronto.ca/dataset/municipal-licensing-and-standards-business-licences-and-permits/
LAST CALL COCKTAIL CLUB,Venue,Event venues,,,B97-5647522,ENTERTAINMENT ESTABLISHMENT/NIGHTCLUB,2026-08-31,City licence category: assembly/nightclub,medium,Needs business and event-service verification; do not publish as approved,https://open.toronto.ca/dataset/municipal-licensing-and-standards-business-licences-and-permits/
LEE'S PALACE,Venue,Event venues,,,B95-5611107,EXPANDED ENTERTAINMENT PLACE OF ASSEMBLY,2026-02-27,City licence category: assembly/nightclub,medium,Needs business and event-service verification; do not publish as approved,https://open.toronto.ca/dataset/municipal-licensing-and-standards-business-licences-and-permits/
LIBERTY GRAND ENTERTAINMENT,Venue,Event venues,,,B97-4067051,ENTERTAINMENT ESTABLISHMENT/NIGHTCLUB,2026-02-20,City licence category: assembly/nightclub,medium,Needs business and event-service verification; do not publish as approved,https://open.toronto.ca/dataset/municipal-licensing-and-standards-business-licences-and-permits/
LIBERTY GRAND ENTERTAINMENT COMPLEX INC,Venue,Event venues,,,B95-5579264,EXPANDED ENTERTAINMENT PLACE OF ASSEMBLY,2026-07-14,City licence category: assembly/nightclub,medium,Needs business and event-service verification; do not publish as approved,https://open.toronto.ca/dataset/municipal-licensing-and-standards-business-licences-and-permits/
LIMELIGHT COMEDY CLUB,Venue,Event venues,,,B70-5664977,ENTERTAINMENT PLACE OF ASSEMBLY,2026-09-08,City licence category: assembly/nightclub,medium,Needs business and event-service verification; do not publish as approved,https://open.toronto.ca/dataset/municipal-licensing-and-standards-business-licences-and-permits/
LITHUANIAN COMMUNITY ASSOCIATION OF TORONTO,Venue,Event venues,,4165323311,B70-4655812,ENTERTAINMENT PLACE OF ASSEMBLY,2026-07-31,City licence category: assembly/nightclub,medium,Needs business and event-service verification; do not publish as approved,https://open.toronto.ca/dataset/municipal-licensing-and-standards-business-licences-and-permits/
LORRAINE KIMSA THEATRE FOR YOUNG PEOPLE,Venue,Event venues,,4163635131,B70-0001811,ENTERTAINMENT PLACE OF ASSEMBLY,2025-12-16,City licence category: assembly/nightclub,medium,Needs business and event-service verification; do not publish as approved,https://open.toronto.ca/dataset/municipal-licensing-and-standards-business-licences-and-permits/
LOST AND FOUND,Venue,Event venues,,,B97-5327333,ENTERTAINMENT ESTABLISHMENT/NIGHTCLUB,2026-09-11,City licence category: assembly/nightclub,medium,Needs business and event-service verification; do not publish as approved,https://open.toronto.ca/dataset/municipal-licensing-and-standards-business-licences-and-permits/
LULA LOUNGE,Venue,Event venues,,,B95-5618202,EXPANDED ENTERTAINMENT PLACE OF ASSEMBLY,2026-05-08,City licence category: assembly/nightclub,medium,Needs business and event-service verification; do not publish as approved,https://open.toronto.ca/dataset/municipal-licensing-and-standards-business-licences-and-permits/
MAAYA/MIA,Venue,Event venues,,,B97-5458795,ENTERTAINMENT ESTABLISHMENT/NIGHTCLUB,2026-08-04,City licence category: assembly/nightclub,medium,Needs business and event-service verification; do not publish as approved,https://open.toronto.ca/dataset/municipal-licensing-and-standards-business-licences-and-permits/
MALAPARTE,Venue,Event venues,,4164858047,B70-5580595,ENTERTAINMENT PLACE OF ASSEMBLY,2026-07-03,City licence category: assembly/nightclub,medium,Needs business and event-service verification; do not publish as approved,https://open.toronto.ca/dataset/municipal-licensing-and-standards-business-licences-and-permits/
MAPLE LEAF SPORTS & ENTERTAINMENT,Venue,Event venues,,,B70-3722015,ENTERTAINMENT PLACE OF ASSEMBLY,2026-08-10,City licence category: assembly/nightclub,medium,Needs business and event-service verification; do not publish as approved,https://open.toronto.ca/dataset/municipal-licensing-and-standards-business-licences-and-permits/
MAPLE LEAF SPORTS & ENTERTAINMENT LTD,Venue,Event venues,,,B70-3089719; B70-4307912,ENTERTAINMENT PLACE OF ASSEMBLY,2026-08-06,City licence category: assembly/nightclub,medium,Needs business and event-service verification; do not publish as approved,https://open.toronto.ca/dataset/municipal-licensing-and-standards-business-licences-and-permits/
MARDI GRAS BANQUET HALL,Venue,Event venues,,,B70-5343062; B71-5343060,EATING OR DRINKING ESTABLISHMENT; ENTERTAINMENT PLACE OF ASSEMBLY,2025-07-11,Business name and food licence suggest event venue; City licence category: assembly/nightclub,medium,Needs business and event-service verification; do not publish as approved,https://open.toronto.ca/dataset/municipal-licensing-and-standards-business-licences-and-permits/
MARKHAM CONVENTION CENTRE,Venue,Event venues,,4164010003,B70-4736041,ENTERTAINMENT PLACE OF ASSEMBLY,2026-09-18,City licence category: assembly/nightclub,medium,Needs business and event-service verification; do not publish as approved,https://open.toronto.ca/dataset/municipal-licensing-and-standards-business-licences-and-permits/
MECHANICS HALL MANAGMENT,Venue,Event venues,,9058455491,B70-4316898,ENTERTAINMENT PLACE OF ASSEMBLY,2025-11-11,City licence category: assembly/nightclub,medium,Needs business and event-service verification; do not publish as approved,https://open.toronto.ca/dataset/municipal-licensing-and-standards-business-licences-and-permits/
MEDIEVAL TIMES DINNER & TOURNAMENT,Venue,Event venues,,4162601170,B70-4660242,ENTERTAINMENT PLACE OF ASSEMBLY,2026-09-15,City licence category: assembly/nightclub,medium,Needs business and event-service verification; do not publish as approved,https://open.toronto.ca/dataset/municipal-licensing-and-standards-business-licences-and-permits/
METROPOLITAN TORONTO CONVENTION CENTRE,Venue,Event venues,,4165858147,B70-3126403,ENTERTAINMENT PLACE OF ASSEMBLY,2026-09-22,City licence category: assembly/nightclub,medium,Needs business and event-service verification; do not publish as approved,https://open.toronto.ca/dataset/municipal-licensing-and-standards-business-licences-and-permits/
MIRAGE BANQUET AND CONVENTION CENTRE,Venue,Event venues,,,B95-5561900,EXPANDED ENTERTAINMENT PLACE OF ASSEMBLY,2026-07-09,City licence category: assembly/nightclub,medium,Needs business and event-service verification; do not publish as approved,https://open.toronto.ca/dataset/municipal-licensing-and-standards-business-licences-and-permits/
MISTER C,Venue,Event venues,,,B95-55A4333,EXPANDED ENTERTAINMENT PLACE OF ASSEMBLY,2025-12-04,City licence category: assembly/nightclub,medium,Needs business and event-service verification; do not publish as approved,https://open.toronto.ca/dataset/municipal-licensing-and-standards-business-licences-and-permits/
MONTECASSINO,Venue,Event venues,,4166363734,B70-0003114,ENTERTAINMENT PLACE OF ASSEMBLY,2026-03-03,City licence category: assembly/nightclub,medium,Needs business and event-service verification; do not publish as approved,https://open.toronto.ca/dataset/municipal-licensing-and-standards-business-licences-and-permits/
MOOI,Venue,Event venues,,,B70-5525899,ENTERTAINMENT PLACE OF ASSEMBLY,2026-06-09,City licence category: assembly/nightclub,medium,Needs business and event-service verification; do not publish as approved,https://open.toronto.ca/dataset/municipal-licensing-and-standards-business-licences-and-permits/
MYTH,Venue,Event venues,,4167032800,B97-4648054,ENTERTAINMENT ESTABLISHMENT/NIGHTCLUB,2026-09-10,City licence category: assembly/nightclub,medium,Needs business and event-service verification; do not publish as approved,https://open.toronto.ca/dataset/municipal-licensing-and-standards-business-licences-and-permits/
NAMASTE PAVILION RESTAURANT,Venue,Event venues,,6473294255,B95-55A4345,EXPANDED ENTERTAINMENT PLACE OF ASSEMBLY,2026-03-24,City licence category: assembly/nightclub,medium,Needs business and event-service verification; do not publish as approved,https://open.toronto.ca/dataset/municipal-licensing-and-standards-business-licences-and-permits/
NORTH TORONTO GREEK ORTHODOX PARISH,Venue,Event venues,,4162214611,B70-4316920,ENTERTAINMENT PLACE OF ASSEMBLY,2026-02-17,City licence category: assembly/nightclub,medium,Needs business and event-service verification; do not publish as approved,https://open.toronto.ca/dataset/municipal-licensing-and-standards-business-licences-and-permits/
NORTH YORK BANQUET HALL,Venue,Event venues,,,B71-5430386,EATING OR DRINKING ESTABLISHMENT,2026-04-21,Business name and food licence suggest event venue,medium,Needs business and event-service verification; do not publish as approved,https://open.toronto.ca/dataset/municipal-licensing-and-standards-business-licences-and-permits/
NUVO LOUNGE,Venue,Event venues,,9056333793,B97-4931779,ENTERTAINMENT ESTABLISHMENT/NIGHTCLUB,2025-08-26,City licence category: assembly/nightclub,medium,Needs business and event-service verification; do not publish as approved,https://open.toronto.ca/dataset/municipal-licensing-and-standards-business-licences-and-permits/
OAKRIDGE BRANCH 73,Venue,Event venues,,4166914763,B70-0000169,ENTERTAINMENT PLACE OF ASSEMBLY,2026-04-10,City licence category: assembly/nightclub,medium,Needs business and event-service verification; do not publish as approved,https://open.toronto.ca/dataset/municipal-licensing-and-standards-business-licences-and-permits/
OB IVEY FCP LTD,Venue,Event venues,,,B70-5616322,ENTERTAINMENT PLACE OF ASSEMBLY,2026-03-13,City licence category: assembly/nightclub,medium,Needs business and event-service verification; do not publish as approved,https://open.toronto.ca/dataset/municipal-licensing-and-standards-business-licences-and-permits/
OBR FCP EVENTS - 100QQ,Venue,Event venues,,,B70-5223387,ENTERTAINMENT PLACE OF ASSEMBLY,2026-06-12,City licence category: assembly/nightclub,medium,Needs business and event-service verification; do not publish as approved,https://open.toronto.ca/dataset/municipal-licensing-and-standards-business-licences-and-permits/
OFFICE PRO SPACE/YORKVILLE LOUNGE,Venue,Event venues,,,B70-5565161,ENTERTAINMENT PLACE OF ASSEMBLY,2026-07-14,City licence category: assembly/nightclub,medium,Needs business and event-service verification; do not publish as approved,https://open.toronto.ca/dataset/municipal-licensing-and-standards-business-licences-and-permits/
PAINT CABIN,Venue,Event venues,,6472868882,B70-5618396,ENTERTAINMENT PLACE OF ASSEMBLY,2026-03-27,City licence category: assembly/nightclub,medium,Needs business and event-service verification; do not publish as approved,https://open.toronto.ca/dataset/municipal-licensing-and-standards-business-licences-and-permits/
PALAIS ROYALE,Venue,Event venues,,4165333553,B70-3955469,ENTERTAINMENT PLACE OF ASSEMBLY,2026-07-07,City licence category: assembly/nightclub,medium,Needs business and event-service verification; do not publish as approved,https://open.toronto.ca/dataset/municipal-licensing-and-standards-business-licences-and-permits/
PANEMONTE BANQUET & CONVENTION CENTRE,Venue,Event venues,,4167980060,B70-4916602,ENTERTAINMENT PLACE OF ASSEMBLY,2026-02-03,City licence category: assembly/nightclub,medium,Needs business and event-service verification; do not publish as approved,https://open.toronto.ca/dataset/municipal-licensing-and-standards-business-licences-and-permits/
PARADISE THEATRE,Venue,Event venues,,4165377040,B70-4982120,ENTERTAINMENT PLACE OF ASSEMBLY,2025-09-16,City licence category: assembly/nightclub,medium,Needs business and event-service verification; do not publish as approved,https://open.toronto.ca/dataset/municipal-licensing-and-standards-business-licences-and-permits/
PARKVIEW MANOR,Venue,Event venues,,4163915888,B70-4645050,ENTERTAINMENT PLACE OF ASSEMBLY,2025-12-12,City licence category: assembly/nightclub,medium,Needs business and event-service verification; do not publish as approved,https://open.toronto.ca/dataset/municipal-licensing-and-standards-business-licences-and-permits/
PINE POINT BANQUET HALL INC,Venue,Event venues,,,B70-5484039,ENTERTAINMENT PLACE OF ASSEMBLY,2026-09-25,City licence category: assembly/nightclub,medium,Needs business and event-service verification; do not publish as approved,https://open.toronto.ca/dataset/municipal-licensing-and-standards-business-licences-and-permits/
POOL ACADEMY,Venue,Event venues,,,B70-5635553,ENTERTAINMENT PLACE OF ASSEMBLY,2026-06-18,City licence category: assembly/nightclub,medium,Needs business and event-service verification; do not publish as approved,https://open.toronto.ca/dataset/municipal-licensing-and-standards-business-licences-and-permits/
QSSIS BANQUET HALL,Venue,Event venues,,4169135218,B70-5658247,ENTERTAINMENT PLACE OF ASSEMBLY,2026-08-14,City licence category: assembly/nightclub,medium,Needs business and event-service verification; do not publish as approved,https://open.toronto.ca/dataset/municipal-licensing-and-standards-business-licences-and-permits/
QUEEN PALACE,Venue,Event venues,,,B70-5310788,ENTERTAINMENT PLACE OF ASSEMBLY,2026-02-13,City licence category: assembly/nightclub,medium,Needs business and event-service verification; do not publish as approved,https://open.toronto.ca/dataset/municipal-licensing-and-standards-business-licences-and-permits/
RAINBOW CENTRE CINEMA,Venue,Event venues,,7804821611,B70-3362847,ENTERTAINMENT PLACE OF ASSEMBLY,2026-06-30,City licence category: assembly/nightclub,medium,Needs business and event-service verification; do not publish as approved,https://open.toronto.ca/dataset/municipal-licensing-and-standards-business-licences-and-permits/
RAMA GAMING HOUSE - TORONTO EAST,Venue,Event venues,,9058217821,B70-5005617,ENTERTAINMENT PLACE OF ASSEMBLY,2026-01-09,City licence category: assembly/nightclub,medium,Needs business and event-service verification; do not publish as approved,https://open.toronto.ca/dataset/municipal-licensing-and-standards-business-licences-and-permits/
RBC AMPHITHEATRE,Venue,Event venues,,,B70-5616102,ENTERTAINMENT PLACE OF ASSEMBLY,2026-04-15,City licence category: assembly/nightclub,medium,Needs business and event-service verification; do not publish as approved,https://open.toronto.ca/dataset/municipal-licensing-and-standards-business-licences-and-permits/
RCHIVE,Venue,Event venues,,,B70-5606251,ENTERTAINMENT PLACE OF ASSEMBLY,2026-04-28,City licence category: assembly/nightclub,medium,Needs business and event-service verification; do not publish as approved,https://open.toronto.ca/dataset/municipal-licensing-and-standards-business-licences-and-permits/
RCM,Venue,Event venues,,4164082824,B70-5634717,ENTERTAINMENT PLACE OF ASSEMBLY,2026-05-26,City licence category: assembly/nightclub,medium,Needs business and event-service verification; do not publish as approved,https://open.toronto.ca/dataset/municipal-licensing-and-standards-business-licences-and-permits/
REBEL CABANA,Venue,Event venues,,,B97-4309376,ENTERTAINMENT ESTABLISHMENT/NIGHTCLUB,2026-09-17,City licence category: assembly/nightclub,medium,Needs business and event-service verification; do not publish as approved,https://open.toronto.ca/dataset/municipal-licensing-and-standards-business-licences-and-permits/
REMBRANDT BANQUET HALLS & CATERING SERVICES,Venue,Event venues,,,B70-5200570,ENTERTAINMENT PLACE OF ASSEMBLY,2026-02-10,City licence category: assembly/nightclub,medium,Needs business and event-service verification; do not publish as approved,https://open.toronto.ca/dataset/municipal-licensing-and-standards-business-licences-and-permits/
REVIVAL,Venue,Event venues,,,B70-5107529,ENTERTAINMENT PLACE OF ASSEMBLY,2026-01-30,City licence category: assembly/nightclub,medium,Needs business and event-service verification; do not publish as approved,https://open.toronto.ca/dataset/municipal-licensing-and-standards-business-licences-and-permits/
RHYTHM,Venue,Event venues,,,B70-5648904,ENTERTAINMENT PLACE OF ASSEMBLY,2026-07-09,City licence category: assembly/nightclub,medium,Needs business and event-service verification; do not publish as approved,https://open.toronto.ca/dataset/municipal-licensing-and-standards-business-licences-and-permits/
ROCK'N'HORSE SALOON,Venue,Event venues,,6476280902,B97-4535813,ENTERTAINMENT ESTABLISHMENT/NIGHTCLUB,2026-04-10,City licence category: assembly/nightclub,medium,Needs business and event-service verification; do not publish as approved,https://open.toronto.ca/dataset/municipal-licensing-and-standards-business-licences-and-permits/
ROGERS STADIUM,Venue,Event venues,,,B70-5617596,ENTERTAINMENT PLACE OF ASSEMBLY,2026-04-15,City licence category: assembly/nightclub,medium,Needs business and event-service verification; do not publish as approved,https://open.toronto.ca/dataset/municipal-licensing-and-standards-business-licences-and-permits/
ROYAL CANADIAN LEGION,Venue,Event venues,,4162926125,B70-4538407; B70-4712688,ENTERTAINMENT PLACE OF ASSEMBLY,2026-07-03,City licence category: assembly/nightclub,medium,Needs business and event-service verification; do not publish as approved,https://open.toronto.ca/dataset/municipal-licensing-and-standards-business-licences-and-permits/
ROYAL KING EVENT CENTRE,Venue,Event venues,,,B70-5237598,ENTERTAINMENT PLACE OF ASSEMBLY,2026-02-13,City licence category: assembly/nightclub,medium,Needs business and event-service verification; do not publish as approved,https://open.toronto.ca/dataset/municipal-licensing-and-standards-business-licences-and-permits/
RUI PEREIRA KINGSWAY THEATRE CAFE,Venue,Event venues,,4162321939,B70-5631918,ENTERTAINMENT PLACE OF ASSEMBLY,2026-05-26,City licence category: assembly/nightclub,medium,Needs business and event-service verification; do not publish as approved,https://open.toronto.ca/dataset/municipal-licensing-and-standards-business-licences-and-permits/
SCARBOROUGH CONVENTION CENTRE,Venue,Event venues,,,B70-5487689,ENTERTAINMENT PLACE OF ASSEMBLY,2026-09-22,City licence category: assembly/nightclub,medium,Needs business and event-service verification; do not publish as approved,https://open.toronto.ca/dataset/municipal-licensing-and-standards-business-licences-and-permits/
SCARBOROUGH EVENT CENTRE,Venue,Event venues,,4169993408,B70-5444378,ENTERTAINMENT PLACE OF ASSEMBLY,2024-12-31,City licence category: assembly/nightclub,medium,Needs business and event-service verification; do not publish as approved,https://open.toronto.ca/dataset/municipal-licensing-and-standards-business-licences-and-permits/
SCOTIABANK THEATRE TORONTO,Venue,Event venues,,4163236600,B95-5654629,EXPANDED ENTERTAINMENT PLACE OF ASSEMBLY,2026-08-25,City licence category: assembly/nightclub,medium,Needs business and event-service verification; do not publish as approved,https://open.toronto.ca/dataset/municipal-licensing-and-standards-business-licences-and-permits/
SIMON SAYS,Venue,Event venues,,,B97-5348142,ENTERTAINMENT ESTABLISHMENT/NIGHTCLUB,2026-09-09,City licence category: assembly/nightclub,medium,Needs business and event-service verification; do not publish as approved,https://open.toronto.ca/dataset/municipal-licensing-and-standards-business-licences-and-permits/
SIXTYEIGHT,Venue,Event venues,,4164858047,B70-5545194,ENTERTAINMENT PLACE OF ASSEMBLY,2026-06-05,City licence category: assembly/nightclub,medium,Needs business and event-service verification; do not publish as approved,https://open.toronto.ca/dataset/municipal-licensing-and-standards-business-licences-and-permits/
SOUND MACHINE PERFORMANCE AND EVENT VENUE,Venue,Event venues,,,B95-5631614,EXPANDED ENTERTAINMENT PLACE OF ASSEMBLY,2026-05-15,City licence category: assembly/nightclub,medium,Needs business and event-service verification; do not publish as approved,https://open.toronto.ca/dataset/municipal-licensing-and-standards-business-licences-and-permits/
SOUTHSIDE JOHNNY'S BAR AND GRILL,Venue,Event venues,,,B95-5620811,EXPANDED ENTERTAINMENT PLACE OF ASSEMBLY,2026-04-30,City licence category: assembly/nightclub,medium,Needs business and event-service verification; do not publish as approved,https://open.toronto.ca/dataset/municipal-licensing-and-standards-business-licences-and-permits/
SPORTING CLUBE PORTUGUES DE TORONTO,Venue,Event venues,,,B70-5629387,ENTERTAINMENT PLACE OF ASSEMBLY,2026-04-24,City licence category: assembly/nightclub,medium,Needs business and event-service verification; do not publish as approved,https://open.toronto.ca/dataset/municipal-licensing-and-standards-business-licences-and-permits/
ST ANDREW'S CLUB & CONFERENCE CENTRE,Venue,Event venues,,4163664228,B70-3248854,ENTERTAINMENT PLACE OF ASSEMBLY,2026-09-15,City licence category: assembly/nightclub,medium,Needs business and event-service verification; do not publish as approved,https://open.toronto.ca/dataset/municipal-licensing-and-standards-business-licences-and-permits/
STORY TORONTO,Venue,Event venues,,,B97-5582979,ENTERTAINMENT ESTABLISHMENT/NIGHTCLUB,2025-11-21,City licence category: assembly/nightclub,medium,Needs business and event-service verification; do not publish as approved,https://open.toronto.ca/dataset/municipal-licensing-and-standards-business-licences-and-permits/
SU KARAOKE,Venue,Event venues,,,B95-5030640,EXPANDED ENTERTAINMENT PLACE OF ASSEMBLY,2026-08-27,City licence category: assembly/nightclub,medium,Needs business and event-service verification; do not publish as approved,https://open.toronto.ca/dataset/municipal-licensing-and-standards-business-licences-and-permits/
SUNRISE FORGIVES,Venue,Event venues,,,B97-55A3666,ENTERTAINMENT ESTABLISHMENT/NIGHTCLUB,2026-02-11,City licence category: assembly/nightclub,medium,Needs business and event-service verification; do not publish as approved,https://open.toronto.ca/dataset/municipal-licensing-and-standards-business-licences-and-permits/
THE AXIS CLUB,Venue,Event venues,,,B97-5127193,ENTERTAINMENT ESTABLISHMENT/NIGHTCLUB,2025-10-06,City licence category: assembly/nightclub,medium,Needs business and event-service verification; do not publish as approved,https://open.toronto.ca/dataset/municipal-licensing-and-standards-business-licences-and-permits/
THE BABY G,Venue,Event venues,,4168201832,B95-5302006,EXPANDED ENTERTAINMENT PLACE OF ASSEMBLY,2026-05-05,City licence category: assembly/nightclub,medium,Needs business and event-service verification; do not publish as approved,https://open.toronto.ca/dataset/municipal-licensing-and-standards-business-licences-and-permits/
THE BEST KEPT SECRET SOCIAL CLUB,Venue,Event venues,,4167838333,B70-4180469,ENTERTAINMENT PLACE OF ASSEMBLY,2026-03-13,City licence category: assembly/nightclub,medium,Needs business and event-service verification; do not publish as approved,https://open.toronto.ca/dataset/municipal-licensing-and-standards-business-licences-and-permits/
THE CARLU CORP,Venue,Event venues,,4164858047,B70-4731793,ENTERTAINMENT PLACE OF ASSEMBLY,2026-06-12,City licence category: assembly/nightclub,medium,Needs business and event-service verification; do not publish as approved,https://open.toronto.ca/dataset/municipal-licensing-and-standards-business-licences-and-permits/
THE COMFORT ZONE,Venue,Event venues,,,B70-5663167,ENTERTAINMENT PLACE OF ASSEMBLY,2026-08-28,City licence category: assembly/nightclub,medium,Needs business and event-service verification; do not publish as approved,https://open.toronto.ca/dataset/municipal-licensing-and-standards-business-licences-and-permits/
THE CORP OF MASSEY HALL AND ROY THOMSON HALL,Venue,Event venues,,4165934822,B70-5130658,ENTERTAINMENT PLACE OF ASSEMBLY,2026-08-14,City licence category: assembly/nightclub,medium,Needs business and event-service verification; do not publish as approved,https://open.toronto.ca/dataset/municipal-licensing-and-standards-business-licences-and-permits/
THE EGLINTON EVENT VENUE INC,Venue,Event venues,,4162608000,B70-3479397,ENTERTAINMENT PLACE OF ASSEMBLY,2026-03-27,City licence category: assembly/nightclub,medium,Needs business and event-service verification; do not publish as approved,https://open.toronto.ca/dataset/municipal-licensing-and-standards-business-licences-and-permits/
THE EL MOCAMBO,Venue,Event venues,,,B97-5032780,ENTERTAINMENT ESTABLISHMENT/NIGHTCLUB,2025-07-25,City licence category: assembly/nightclub,medium,Needs business and event-service verification; do not publish as approved,https://open.toronto.ca/dataset/municipal-licensing-and-standards-business-licences-and-permits/
THE ESTATE BANQUET & EVENT CENTRE,Venue,Event venues,,4162939292,B70-4657645,ENTERTAINMENT PLACE OF ASSEMBLY,2026-09-02,City licence category: assembly/nightclub,medium,Needs business and event-service verification; do not publish as approved,https://open.toronto.ca/dataset/municipal-licensing-and-standards-business-licences-and-permits/
THE FLORIST'S LOFT,Venue,Event venues,,6472105645,B70-5144911,ENTERTAINMENT PLACE OF ASSEMBLY,2025-11-12,City licence category: assembly/nightclub,medium,Needs business and event-service verification; do not publish as approved,https://open.toronto.ca/dataset/municipal-licensing-and-standards-business-licences-and-permits/
THE GARRISON,Venue,Event venues,,4165199439,B95-5302005,EXPANDED ENTERTAINMENT PLACE OF ASSEMBLY,2026-07-09,City licence category: assembly/nightclub,medium,Needs business and event-service verification; do not publish as approved,https://open.toronto.ca/dataset/municipal-licensing-and-standards-business-licences-and-permits/
THE GREAT HALL,Venue,Event venues,,4165536661,B95-5611943,EXPANDED ENTERTAINMENT PLACE OF ASSEMBLY,2026-03-11,City licence category: assembly/nightclub,medium,Needs business and event-service verification; do not publish as approved,https://open.toronto.ca/dataset/municipal-licensing-and-standards-business-licences-and-permits/
THE IMPERIAL EVENT SPACE INC,Venue,Event venues,,,B95-5558249,EXPANDED ENTERTAINMENT PLACE OF ASSEMBLY,2026-05-07,City licence category: assembly/nightclub,medium,Needs business and event-service verification; do not publish as approved,https://open.toronto.ca/dataset/municipal-licensing-and-standards-business-licences-and-permits/
THE K KARAOKE,Venue,Event venues,,6476297117,B70-5018345,ENTERTAINMENT PLACE OF ASSEMBLY,2026-08-27,City licence category: assembly/nightclub,medium,Needs business and event-service verification; do not publish as approved,https://open.toronto.ca/dataset/municipal-licensing-and-standards-business-licences-and-permits/
THE MAGNOLIA EVENT BOUTIQUE,Venue,Event venues,,4167471977,B70-5145166,ENTERTAINMENT PLACE OF ASSEMBLY,2025-12-19,City licence category: assembly/nightclub,medium,Needs business and event-service verification; do not publish as approved,https://open.toronto.ca/dataset/municipal-licensing-and-standards-business-licences-and-permits/
THE MOD CLUB,Venue,Event venues,,,B70-5620563,ENTERTAINMENT PLACE OF ASSEMBLY,2026-04-14,City licence category: assembly/nightclub,medium,Needs business and event-service verification; do not publish as approved,https://open.toronto.ca/dataset/municipal-licensing-and-standards-business-licences-and-permits/
THE MUSIC HALL,Venue,Event venues,,4167788163,B70-4186446,ENTERTAINMENT PLACE OF ASSEMBLY,2026-08-28,City licence category: assembly/nightclub,medium,Needs business and event-service verification; do not publish as approved,https://open.toronto.ca/dataset/municipal-licensing-and-standards-business-licences-and-permits/
THE OLD MILL,Venue,Event venues,,4168845250,B70-4539182,ENTERTAINMENT PLACE OF ASSEMBLY,2026-08-19,City licence category: assembly/nightclub,medium,Needs business and event-service verification; do not publish as approved,https://open.toronto.ca/dataset/municipal-licensing-and-standards-business-licences-and-permits/
THE OLD SPAGHETTI FACTORY,Venue,Event venues,,,B97-5650575,ENTERTAINMENT ESTABLISHMENT/NIGHTCLUB,2026-09-09,City licence category: assembly/nightclub,medium,Needs business and event-service verification; do not publish as approved,https://open.toronto.ca/dataset/municipal-licensing-and-standards-business-licences-and-permits/
THE OPERA HOUSE,Venue,Event venues,,,B70-5608530,ENTERTAINMENT PLACE OF ASSEMBLY,2026-02-25,City licence category: assembly/nightclub,medium,Needs business and event-service verification; do not publish as approved,https://open.toronto.ca/dataset/municipal-licensing-and-standards-business-licences-and-permits/
THE PEARL,Venue,Event venues,,,B97-5223600,ENTERTAINMENT ESTABLISHMENT/NIGHTCLUB,2026-08-28,City licence category: assembly/nightclub,medium,Needs business and event-service verification; do not publish as approved,https://open.toronto.ca/dataset/municipal-licensing-and-standards-business-licences-and-permits/
THE PHOENIX CONCERT THEATRE,Venue,Event venues,,4163231251,B97-4536502,ENTERTAINMENT ESTABLISHMENT/NIGHTCLUB,2025-09-30,City licence category: assembly/nightclub,medium,Needs business and event-service verification; do not publish as approved,https://open.toronto.ca/dataset/municipal-licensing-and-standards-business-licences-and-permits/
THE ROYAL ALEXANDRA THEATRE,Venue,Event venues,,4165930351,B95-5664967,EXPANDED ENTERTAINMENT PLACE OF ASSEMBLY,2026-09-22,City licence category: assembly/nightclub,medium,Needs business and event-service verification; do not publish as approved,https://open.toronto.ca/dataset/municipal-licensing-and-standards-business-licences-and-permits/
THE ROYAL THEATRE,Venue,Event venues,,4164664400,B70-5558387,ENTERTAINMENT PLACE OF ASSEMBLY,2025-07-18,City licence category: assembly/nightclub,medium,Needs business and event-service verification; do not publish as approved,https://open.toronto.ca/dataset/municipal-licensing-and-standards-business-licences-and-permits/
THE TERMINAL THEATRE,Venue,Event venues,,,B95-5614360,EXPANDED ENTERTAINMENT PLACE OF ASSEMBLY,2026-03-31,City licence category: assembly/nightclub,medium,Needs business and event-service verification; do not publish as approved,https://open.toronto.ca/dataset/municipal-licensing-and-standards-business-licences-and-permits/
THE THEATRE,Venue,Event venues,,,B70-5620780,ENTERTAINMENT PLACE OF ASSEMBLY,2026-04-01,City licence category: assembly/nightclub,medium,Needs business and event-service verification; do not publish as approved,https://open.toronto.ca/dataset/municipal-licensing-and-standards-business-licences-and-permits/
THE THEATRE CENTRE,Venue,Event venues,,4165349261,B70-4821748,ENTERTAINMENT PLACE OF ASSEMBLY,2026-05-12,City licence category: assembly/nightclub,medium,Needs business and event-service verification; do not publish as approved,https://open.toronto.ca/dataset/municipal-licensing-and-standards-business-licences-and-permits/
THE THORNTON-SMITH EVENT COMPANY,Venue,Event venues,,,B70-5379772,ENTERTAINMENT PLACE OF ASSEMBLY,2025-12-19,City licence category: assembly/nightclub,medium,Needs business and event-service verification; do not publish as approved,https://open.toronto.ca/dataset/municipal-licensing-and-standards-business-licences-and-permits/
THE VATICAN GIFT SHOP,Venue,Event venues,,,B97-5581540,ENTERTAINMENT ESTABLISHMENT/NIGHTCLUB,2026-08-05,City licence category: assembly/nightclub,medium,Needs business and event-service verification; do not publish as approved,https://open.toronto.ca/dataset/municipal-licensing-and-standards-business-licences-and-permits/
THE VUE,Venue,Event venues,,4162139788,B95-55A8813,EXPANDED ENTERTAINMENT PLACE OF ASSEMBLY,2026-01-09,City licence category: assembly/nightclub,medium,Needs business and event-service verification; do not publish as approved,https://open.toronto.ca/dataset/municipal-licensing-and-standards-business-licences-and-permits/
THE WELCOME MARKET,Venue,Event venues,,,B70-5614756,ENTERTAINMENT PLACE OF ASSEMBLY,2026-03-09,City licence category: assembly/nightclub,medium,Needs business and event-service verification; do not publish as approved,https://open.toronto.ca/dataset/municipal-licensing-and-standards-business-licences-and-permits/
TORONTO CONGRESS CENTRE,Venue,Event venues,,4162455000,B70-4203308,ENTERTAINMENT PLACE OF ASSEMBLY,2025-10-24,City licence category: assembly/nightclub,medium,Needs business and event-service verification; do not publish as approved,https://open.toronto.ca/dataset/municipal-licensing-and-standards-business-licences-and-permits/
TORONTO GRAND CONVENTION CENTRE,Venue,Event venues,,4167404040,B70-4868566,ENTERTAINMENT PLACE OF ASSEMBLY,2025-09-23,City licence category: assembly/nightclub,medium,Needs business and event-service verification; do not publish as approved,https://open.toronto.ca/dataset/municipal-licensing-and-standards-business-licences-and-permits/
TRANSMISSION STUDIOS,Venue,Event venues,,,B70-5629836,ENTERTAINMENT PLACE OF ASSEMBLY,2026-05-11,City licence category: assembly/nightclub,medium,Needs business and event-service verification; do not publish as approved,https://open.toronto.ca/dataset/municipal-licensing-and-standards-business-licences-and-permits/
TWIST GALLERY,Venue,Event venues,,,B95-5609250,EXPANDED ENTERTAINMENT PLACE OF ASSEMBLY,2026-03-02,City licence category: assembly/nightclub,medium,Needs business and event-service verification; do not publish as approved,https://open.toronto.ca/dataset/municipal-licensing-and-standards-business-licences-and-permits/
TWO CATS,Venue,Event venues,,4169389532,B97-4200983,ENTERTAINMENT ESTABLISHMENT/NIGHTCLUB,2026-09-04,City licence category: assembly/nightclub,medium,Needs business and event-service verification; do not publish as approved,https://open.toronto.ca/dataset/municipal-licensing-and-standards-business-licences-and-permits/
ULTRAVIOLET,Venue,Event venues,,,B95-5222971,EXPANDED ENTERTAINMENT PLACE OF ASSEMBLY,2026-08-18,City licence category: assembly/nightclub,medium,Needs business and event-service verification; do not publish as approved,https://open.toronto.ca/dataset/municipal-licensing-and-standards-business-licences-and-permits/
VAUGHAN ESTATE AT SUNNYBROOK,Venue,Event venues,,4164858047,B70-5524739,ENTERTAINMENT PLACE OF ASSEMBLY,2026-02-06,City licence category: assembly/nightclub,medium,Needs business and event-service verification; do not publish as approved,https://open.toronto.ca/dataset/municipal-licensing-and-standards-business-licences-and-permits/
VERTIGO TORONTO,Venue,Event venues,,4163626060,B97-5588730,ENTERTAINMENT ESTABLISHMENT/NIGHTCLUB,2026-02-05,City licence category: assembly/nightclub,medium,Needs business and event-service verification; do not publish as approved,https://open.toronto.ca/dataset/municipal-licensing-and-standards-business-licences-and-permits/
VILLAGE LOFT,Venue,Event venues,,4164858047,B70-4837121,ENTERTAINMENT PLACE OF ASSEMBLY,2026-06-05,City licence category: assembly/nightclub,medium,Needs business and event-service verification; do not publish as approved,https://open.toronto.ca/dataset/municipal-licensing-and-standards-business-licences-and-permits/
WOODBINE BANQUET & CONVENTION CENTRE,Venue,Event venues,,4167430003,B70-4717855,ENTERTAINMENT PLACE OF ASSEMBLY,2026-03-20,City licence category: assembly/nightclub,medium,Needs business and event-service verification; do not publish as approved,https://open.toronto.ca/dataset/municipal-licensing-and-standards-business-licences-and-permits/
WOODSIDE SQUARE CINEMAS,Venue,Event venues,,,B70-5200181,ENTERTAINMENT PLACE OF ASSEMBLY,2026-03-26,City licence category: assembly/nightclub,medium,Needs business and event-service verification; do not publish as approved,https://open.toronto.ca/dataset/municipal-licensing-and-standards-business-licences-and-permits/
YONGE KARAOKE,Venue,Event venues,,,B70-5225467,ENTERTAINMENT PLACE OF ASSEMBLY,2026-09-25,City licence category: assembly/nightclub,medium,Needs business and event-service verification; do not publish as approved,https://open.toronto.ca/dataset/municipal-licensing-and-standards-business-licences-and-permits/
YORK MILLS GALLERY CATERTRENDZ,Venue,Event venues,,4163861086,B70-4429556,ENTERTAINMENT PLACE OF ASSEMBLY,2026-01-16,City licence category: assembly/nightclub,medium,Needs business and event-service verification; do not publish as approved,https://open.toronto.ca/dataset/municipal-licensing-and-standards-business-licences-and-permits/
YORK STUDIOS EVENT SPACE,Venue,Event venues,,,B70-4974088,ENTERTAINMENT PLACE OF ASSEMBLY,2025-08-12,City licence category: assembly/nightclub,medium,Needs business and event-service verification; do not publish as approved,https://open.toronto.ca/dataset/municipal-licensing-and-standards-business-licences-and-permits/
ZUNYAN FINE DINING&BANQUET,Venue,Event venues,,,B71-5645009,EATING OR DRINKING ESTABLISHMENT,2026-06-18,Business name and food licence suggest event venue,medium,Needs business and event-service verification; do not publish as approved,https://open.toronto.ca/dataset/municipal-licensing-and-standards-business-licences-and-permits/
BALKH KITCHEN CONVENIENCE FLOWERS,Florist,Flowers and florals,,,B50-5427311,TAKE-OUT OR RETAIL FOOD ESTABLISHMENT,2026-03-10,Business name suggests flowers; event florals unverified,low,Needs business and event-service verification; do not publish as approved,https://open.toronto.ca/dataset/municipal-licensing-and-standards-business-licences-and-permits/
EASTOWN SMOKE GIFTS & FLOWERS,Florist,Flowers and florals,,4162644435,B50-4304991,TAKE-OUT OR RETAIL FOOD ESTABLISHMENT,2025-12-19,Business name suggests flowers; event florals unverified,low,Needs business and event-service verification; do not publish as approved,https://open.toronto.ca/dataset/municipal-licensing-and-standards-business-licences-and-permits/
FANFARE FLOWERS,Florist,Flowers and florals,,4164888732,B50-3090322,TAKE-OUT OR RETAIL FOOD ESTABLISHMENT,2025-12-23,Business name suggests flowers; event florals unverified,low,Needs business and event-service verification; do not publish as approved,https://open.toronto.ca/dataset/municipal-licensing-and-standards-business-licences-and-permits/
FARID FLOWERS,Florist,Flowers and florals,,,T23-5586624,HAWKER/PEDLAR ON FOOT,2026-08-05,Business name suggests flowers; event florals unverified,low,Needs business and event-service verification; do not publish as approved,https://open.toronto.ca/dataset/municipal-licensing-and-standards-business-licences-and-permits/
HARMAIN FLOWERS WALKIN,Florist,Flowers and florals,,,T23-55A1452,HAWKER/PEDLAR ON FOOT,2025-11-19,Business name suggests flowers; event florals unverified,low,Needs business and event-service verification; do not publish as approved,https://open.toronto.ca/dataset/municipal-licensing-and-standards-business-licences-and-permits/
KENSINGTON VEGETABLES & FLOWERS,Florist,Flowers and florals,,,B50-5594989,TAKE-OUT OR RETAIL FOOD ESTABLISHMENT,2025-11-18,Business name suggests flowers; event florals unverified,low,Needs business and event-service verification; do not publish as approved,https://open.toronto.ca/dataset/municipal-licensing-and-standards-business-licences-and-permits/
NADIA FLOWERS AND BALLOONS,Florist,Flowers and florals,,,T23-5641459,HAWKER/PEDLAR ON FOOT,2026-06-24,Business name suggests flowers; event florals unverified,low,Needs business and event-service verification; do not publish as approved,https://open.toronto.ca/dataset/municipal-licensing-and-standards-business-licences-and-permits/
NENE FLOWERS,Florist,Flowers and florals,,,T23-3475431,HAWKER/PEDLAR ON FOOT,2026-04-21,Business name suggests flowers; event florals unverified,low,Needs business and event-service verification; do not publish as approved,https://open.toronto.ca/dataset/municipal-licensing-and-standards-business-licences-and-permits/
SUMMER'S BEST FRUITS & FLOWERS CO,Florist,Flowers and florals,,4164882932,B50-5128564,TAKE-OUT OR RETAIL FOOD ESTABLISHMENT,2026-07-14,Business name suggests flowers; event florals unverified,low,Needs business and event-service verification; do not publish as approved,https://open.toronto.ca/dataset/municipal-licensing-and-standards-business-licences-and-permits/
TINA'S 4EVER FLOWERS,Florist,Flowers and florals,,,B50-5623861,TAKE-OUT OR RETAIL FOOD ESTABLISHMENT,2026-04-13,Business name suggests flowers; event florals unverified,low,Needs business and event-service verification; do not publish as approved,https://open.toronto.ca/dataset/municipal-licensing-and-standards-business-licences-and-permits/
YEN'S FLOWER SHOP,Florist,Flowers and florals,,4166581288,B50-3590292,TAKE-OUT OR RETAIL FOOD ESTABLISHMENT,2026-01-16,Business name suggests flowers; event florals unverified,low,Needs business and event-service verification; do not publish as approved,https://open.toronto.ca/dataset/municipal-licensing-and-standards-business-licences-and-permits/
ALI FLAVOUR HOUSE,Food provider,Food trucks and mobile catering,,,R54-5652145,MOBILE VENDING (FOOD TRUCK),2026-07-15,City licence category: mobile vending,medium,Needs business and event-service verification; do not publish as approved,https://open.toronto.ca/dataset/municipal-licensing-and-standards-business-licences-and-permits/
ALI'S WRAPS,Food provider,Food trucks and mobile catering,,,R54-5123830; R54-5564927,MOBILE VENDING (FOOD TRUCK),2026-08-13,City licence category: mobile vending,medium,Needs business and event-service verification; do not publish as approved,https://open.toronto.ca/dataset/municipal-licensing-and-standards-business-licences-and-permits/
ANYWAY FRUITS,Food provider,Food trucks and mobile catering,,,R54-5623873; R54-5636184,MOBILE VENDING (FOOD TRUCK),2026-05-28,City licence category: mobile vending,medium,Needs business and event-service verification; do not publish as approved,https://open.toronto.ca/dataset/municipal-licensing-and-standards-business-licences-and-permits/
BANJARA INDIAN CUISINE,Food provider,Food trucks and mobile catering,,,R54-5659071,MOBILE VENDING (FOOD TRUCK),2026-08-17,City licence category: mobile vending,medium,Needs business and event-service verification; do not publish as approved,https://open.toronto.ca/dataset/municipal-licensing-and-standards-business-licences-and-permits/
CHILL DELIGHTS ICE CREAM,Food provider,Food trucks and mobile catering,,,R56-5471513,MOBILE VENDING (ICE CREAM TRUCK),2025-09-02,City licence category: mobile vending,medium,Needs business and event-service verification; do not publish as approved,https://open.toronto.ca/dataset/municipal-licensing-and-standards-business-licences-and-permits/
CHILL DELIGHTS ICE CREAM LTD,Food provider,Food trucks and mobile catering,,,R56-5579256,MOBILE VENDING (ICE CREAM TRUCK),2025-09-02,City licence category: mobile vending,medium,Needs business and event-service verification; do not publish as approved,https://open.toronto.ca/dataset/municipal-licensing-and-standards-business-licences-and-permits/
CHIT CHAAT,Food provider,Food trucks and mobile catering,,,R54-5632255,MOBILE VENDING (FOOD TRUCK),2026-05-14,City licence category: mobile vending,medium,Needs business and event-service verification; do not publish as approved,https://open.toronto.ca/dataset/municipal-licensing-and-standards-business-licences-and-permits/
CREAM TEAM INC,Food provider,Food trucks and mobile catering,,,R56-5625082,MOBILE VENDING (ICE CREAM TRUCK),2026-04-14,City licence category: mobile vending,medium,Needs business and event-service verification; do not publish as approved,https://open.toronto.ca/dataset/municipal-licensing-and-standards-business-licences-and-permits/
DAIRY BELLE,Food provider,Food trucks and mobile catering,,,R56-5631567,MOBILE VENDING (ICE CREAM TRUCK),2026-05-04,City licence category: mobile vending,medium,Needs business and event-service verification; do not publish as approved,https://open.toronto.ca/dataset/municipal-licensing-and-standards-business-licences-and-permits/
DAIRY EXPRESS,Food provider,Food trucks and mobile catering,,,R56-5641445,MOBILE VENDING (ICE CREAM TRUCK),2026-06-04,City licence category: mobile vending,medium,Needs business and event-service verification; do not publish as approved,https://open.toronto.ca/dataset/municipal-licensing-and-standards-business-licences-and-permits/
DAMN DAWG INC,Food provider,Food trucks and mobile catering,,,R54-5643792,MOBILE VENDING (FOOD TRUCK),2026-06-16,City licence category: mobile vending,medium,Needs business and event-service verification; do not publish as approved,https://open.toronto.ca/dataset/municipal-licensing-and-standards-business-licences-and-permits/
DONKEY KONE,Food provider,Food trucks and mobile catering,,,R54-5646253; R56-5623845; R56-5625052; R56-5625978; R56-5626706; R56-5626711; R56-5626715; R56-5626854; R56-5627363; R56-5630721; R56-5631888; R56-5632240; R56-5632292; R56-5632294; R56-5632589,MOBILE VENDING (FOOD TRUCK); MOBILE VENDING (ICE CREAM TRUCK),2026-08-05,City licence category: mobile vending,medium,Needs business and event-service verification; do not publish as approved,https://open.toronto.ca/dataset/municipal-licensing-and-standards-business-licences-and-permits/
ESKIMO BREEZE,Food provider,Food trucks and mobile catering,,,R56-5626285,MOBILE VENDING (ICE CREAM TRUCK),2026-04-24,City licence category: mobile vending,medium,Needs business and event-service verification; do not publish as approved,https://open.toronto.ca/dataset/municipal-licensing-and-standards-business-licences-and-permits/
FOOD FROM EAST EXPRESS,Food provider,Food trucks and mobile catering,,,R54-5539382,MOBILE VENDING (FOOD TRUCK),2026-07-18,City licence category: mobile vending,medium,Needs business and event-service verification; do not publish as approved,https://open.toronto.ca/dataset/municipal-licensing-and-standards-business-licences-and-permits/
FOOD FROM EAST SHAWARMA AND MORE,Food provider,Food trucks and mobile catering,,,R54-5626280,MOBILE VENDING (FOOD TRUCK),2026-04-17,City licence category: mobile vending,medium,Needs business and event-service verification; do not publish as approved,https://open.toronto.ca/dataset/municipal-licensing-and-standards-business-licences-and-permits/
FRESH LANE EATS AND DRINKS,Food provider,Food trucks and mobile catering,,,R54-5638744,MOBILE VENDING (FOOD TRUCK),2026-05-29,City licence category: mobile vending,medium,Needs business and event-service verification; do not publish as approved,https://open.toronto.ca/dataset/municipal-licensing-and-standards-business-licences-and-permits/
FURUSATO INTERNATIONAL,Food provider,Food trucks and mobile catering,,,R54-5379757,MOBILE VENDING (FOOD TRUCK),2026-07-14,City licence category: mobile vending,medium,Needs business and event-service verification; do not publish as approved,https://open.toronto.ca/dataset/municipal-licensing-and-standards-business-licences-and-permits/
FUSION XPRESS,Food provider,Food trucks and mobile catering,,,R54-5630238,MOBILE VENDING (FOOD TRUCK),2026-04-29,City licence category: mobile vending,medium,Needs business and event-service verification; do not publish as approved,https://open.toronto.ca/dataset/municipal-licensing-and-standards-business-licences-and-permits/
GYRO SHACK,Food provider,Food trucks and mobile catering,,,R54-5632618,MOBILE VENDING (FOOD TRUCK),2026-05-07,City licence category: mobile vending,medium,Needs business and event-service verification; do not publish as approved,https://open.toronto.ca/dataset/municipal-licensing-and-standards-business-licences-and-permits/
HABIBI SPOT SERVICES,Food provider,Food trucks and mobile catering,,,R54-5651644,MOBILE VENDING (FOOD TRUCK),2026-07-14,City licence category: mobile vending,medium,Needs business and event-service verification; do not publish as approved,https://open.toronto.ca/dataset/municipal-licensing-and-standards-business-licences-and-permits/
HAWAIIAN DAIRY,Food provider,Food trucks and mobile catering,,,R56-5625053,MOBILE VENDING (ICE CREAM TRUCK),2026-04-13,City licence category: mobile vending,medium,Needs business and event-service verification; do not publish as approved,https://open.toronto.ca/dataset/municipal-licensing-and-standards-business-licences-and-permits/
HOTSPOT BUBBLE TEA,Food provider,Food trucks and mobile catering,,,R56-5654638,MOBILE VENDING (ICE CREAM TRUCK),2026-07-28,City licence category: mobile vending,medium,Needs business and event-service verification; do not publish as approved,https://open.toronto.ca/dataset/municipal-licensing-and-standards-business-licences-and-permits/
HYDERABADI WRAPS,Food provider,Food trucks and mobile catering,,,R54-5339826,MOBILE VENDING (FOOD TRUCK),2026-08-28,City licence category: mobile vending,medium,Needs business and event-service verification; do not publish as approved,https://open.toronto.ca/dataset/municipal-licensing-and-standards-business-licences-and-permits/
ICE CREAM,Food provider,Food trucks and mobile catering,,,R56-5649295,MOBILE VENDING (ICE CREAM TRUCK),2026-07-06,City licence category: mobile vending,medium,Needs business and event-service verification; do not publish as approved,https://open.toronto.ca/dataset/municipal-licensing-and-standards-business-licences-and-permits/
ICE CREAM BROTHERS,Food provider,Food trucks and mobile catering,,,R56-5643595,MOBILE VENDING (ICE CREAM TRUCK),2026-06-15,City licence category: mobile vending,medium,Needs business and event-service verification; do not publish as approved,https://open.toronto.ca/dataset/municipal-licensing-and-standards-business-licences-and-permits/
ICEMASTER2,Food provider,Food trucks and mobile catering,,,R56-5638715,MOBILE VENDING (ICE CREAM TRUCK),2026-05-28,City licence category: mobile vending,medium,Needs business and event-service verification; do not publish as approved,https://open.toronto.ca/dataset/municipal-licensing-and-standards-business-licences-and-permits/
KING KONE,Food provider,Food trucks and mobile catering,,,R56-5652141,MOBILE VENDING (ICE CREAM TRUCK),2026-08-10,City licence category: mobile vending,medium,Needs business and event-service verification; do not publish as approved,https://open.toronto.ca/dataset/municipal-licensing-and-standards-business-licences-and-permits/
LEBANESE EXPRESS,Food provider,Food trucks and mobile catering,,,R54-5557768,MOBILE VENDING (FOOD TRUCK),2026-06-29,City licence category: mobile vending,medium,Needs business and event-service verification; do not publish as approved,https://open.toronto.ca/dataset/municipal-licensing-and-standards-business-licences-and-permits/
LUCHI RECIPE,Food provider,Food trucks and mobile catering,,,R54-5129996,MOBILE VENDING (FOOD TRUCK),2026-09-06,City licence category: mobile vending,medium,Needs business and event-service verification; do not publish as approved,https://open.toronto.ca/dataset/municipal-licensing-and-standards-business-licences-and-permits/
MASTER SOFT & DELIGHT DAIRY PRODUCTS,Food provider,Food trucks and mobile catering,,,R56-5642733,MOBILE VENDING (ICE CREAM TRUCK),2026-07-29,City licence category: mobile vending,medium,Needs business and event-service verification; do not publish as approved,https://open.toronto.ca/dataset/municipal-licensing-and-standards-business-licences-and-permits/
MOMO JUNCTION,Food provider,Food trucks and mobile catering,,,R54-5528694,MOBILE VENDING (FOOD TRUCK),2026-09-12,City licence category: mobile vending,medium,Needs business and event-service verification; do not publish as approved,https://open.toronto.ca/dataset/municipal-licensing-and-standards-business-licences-and-permits/
MR COOL SOFT ICE CREAM,Food provider,Food trucks and mobile catering,,,R56-5642062; R56-5642064; R56-5642065; R56-5642067; R56-5642068,MOBILE VENDING (ICE CREAM TRUCK),2026-06-08,City licence category: mobile vending,medium,Needs business and event-service verification; do not publish as approved,https://open.toronto.ca/dataset/municipal-licensing-and-standards-business-licences-and-permits/
MR COOL SOFT ICE CREAM INC,Food provider,Food trucks and mobile catering,,,R56-5642069,MOBILE VENDING (ICE CREAM TRUCK),2026-06-08,City licence category: mobile vending,medium,Needs business and event-service verification; do not publish as approved,https://open.toronto.ca/dataset/municipal-licensing-and-standards-business-licences-and-permits/
MR NICE CREAM,Food provider,Food trucks and mobile catering,,,R56-5632831,MOBILE VENDING (ICE CREAM TRUCK),2026-05-08,City licence category: mobile vending,medium,Needs business and event-service verification; do not publish as approved,https://open.toronto.ca/dataset/municipal-licensing-and-standards-business-licences-and-permits/
MR ZEN,Food provider,Food trucks and mobile catering,,,R56-5620755,MOBILE VENDING (ICE CREAM TRUCK),2026-04-01,City licence category: mobile vending,medium,Needs business and event-service verification; do not publish as approved,https://open.toronto.ca/dataset/municipal-licensing-and-standards-business-licences-and-permits/
MRS SOFTY,Food provider,Food trucks and mobile catering,,,R56-5651755; R56-5651758; R56-5652136; R56-5652890,MOBILE VENDING (ICE CREAM TRUCK),2026-08-10,City licence category: mobile vending,medium,Needs business and event-service verification; do not publish as approved,https://open.toronto.ca/dataset/municipal-licensing-and-standards-business-licences-and-permits/
MRS SOFTY INC,Food provider,Food trucks and mobile catering,,,R56-5652921,MOBILE VENDING (ICE CREAM TRUCK),2026-07-27,City licence category: mobile vending,medium,Needs business and event-service verification; do not publish as approved,https://open.toronto.ca/dataset/municipal-licensing-and-standards-business-licences-and-permits/
NIKOO FOOD,Food provider,Food trucks and mobile catering,,,R54-5594105,MOBILE VENDING (FOOD TRUCK),2026-09-15,City licence category: mobile vending,medium,Needs business and event-service verification; do not publish as approved,https://open.toronto.ca/dataset/municipal-licensing-and-standards-business-licences-and-permits/
OLEKSANDR ATAMANIUK,Food provider,Food trucks and mobile catering,,,R54-5638704,MOBILE VENDING (FOOD TRUCK),2026-05-28,City licence category: mobile vending,medium,Needs business and event-service verification; do not publish as approved,https://open.toronto.ca/dataset/municipal-licensing-and-standards-business-licences-and-permits/
OSMOW'S,Food provider,Food trucks and mobile catering,,,R54-5650558,MOBILE VENDING (FOOD TRUCK),2026-07-07,City licence category: mobile vending,medium,Needs business and event-service verification; do not publish as approved,https://open.toronto.ca/dataset/municipal-licensing-and-standards-business-licences-and-permits/
PAULS COFFEE LTD,Food provider,Food trucks and mobile catering,,,R54-5632604,MOBILE VENDING (FOOD TRUCK),2026-05-26,City licence category: mobile vending,medium,Needs business and event-service verification; do not publish as approved,https://open.toronto.ca/dataset/municipal-licensing-and-standards-business-licences-and-permits/
PITA EXPRESS,Food provider,Food trucks and mobile catering,,,R54-5603495,MOBILE VENDING (FOOD TRUCK),2026-01-15,City licence category: mobile vending,medium,Needs business and event-service verification; do not publish as approved,https://open.toronto.ca/dataset/municipal-licensing-and-standards-business-licences-and-permits/
PIZZA STREET,Food provider,Food trucks and mobile catering,,,R54-5643763,MOBILE VENDING (FOOD TRUCK),2026-06-16,City licence category: mobile vending,medium,Needs business and event-service verification; do not publish as approved,https://open.toronto.ca/dataset/municipal-licensing-and-standards-business-licences-and-permits/
POLAR BEAR ICE CREAM,Food provider,Food trucks and mobile catering,,,R56-5623977,MOBILE VENDING (ICE CREAM TRUCK),2026-04-17,City licence category: mobile vending,medium,Needs business and event-service verification; do not publish as approved,https://open.toronto.ca/dataset/municipal-licensing-and-standards-business-licences-and-permits/
RURU BAKED,Food provider,Food trucks and mobile catering,,,R54-5608332,MOBILE VENDING (FOOD TRUCK),2026-03-25,City licence category: mobile vending,medium,Needs business and event-service verification; do not publish as approved,https://open.toronto.ca/dataset/municipal-licensing-and-standards-business-licences-and-permits/
SAREMA ICEBERG INC,Food provider,Food trucks and mobile catering,,,R56-5661663,MOBILE VENDING (ICE CREAM TRUCK),2026-08-21,City licence category: mobile vending,medium,Needs business and event-service verification; do not publish as approved,https://open.toronto.ca/dataset/municipal-licensing-and-standards-business-licences-and-permits/
SHAFSHAKES,Food provider,Food trucks and mobile catering,,,R56-5564926,MOBILE VENDING (ICE CREAM TRUCK),2026-01-13,City licence category: mobile vending,medium,Needs business and event-service verification; do not publish as approved,https://open.toronto.ca/dataset/municipal-licensing-and-standards-business-licences-and-permits/
SHAWAFEL MIDTERRANEAN CUISINE,Food provider,Food trucks and mobile catering,,,R54-5453974,MOBILE VENDING (FOOD TRUCK),2026-07-08,City licence category: mobile vending,medium,Needs business and event-service verification; do not publish as approved,https://open.toronto.ca/dataset/municipal-licensing-and-standards-business-licences-and-permits/
SPRINTER CATES,Food provider,Food trucks and mobile catering,,,R54-5460474,MOBILE VENDING (FOOD TRUCK),2026-08-25,City licence category: mobile vending,medium,Needs business and event-service verification; do not publish as approved,https://open.toronto.ca/dataset/municipal-licensing-and-standards-business-licences-and-permits/
SUMMER SANTA ICE CREAM,Food provider,Food trucks and mobile catering,,,R54-5626930,MOBILE VENDING (FOOD TRUCK),2026-05-04,City licence category: mobile vending,medium,Needs business and event-service verification; do not publish as approved,https://open.toronto.ca/dataset/municipal-licensing-and-standards-business-licences-and-permits/
SWEET SUMMER SOFT ICE,Food provider,Food trucks and mobile catering,,,R56-5318647; R56-5318650,MOBILE VENDING (ICE CREAM TRUCK),2026-03-10,City licence category: mobile vending,medium,Needs business and event-service verification; do not publish as approved,https://open.toronto.ca/dataset/municipal-licensing-and-standards-business-licences-and-permits/
SWEET SUMMER SOFT ICECREAM,Food provider,Food trucks and mobile catering,,,R56-5318652,MOBILE VENDING (ICE CREAM TRUCK),2026-03-10,City licence category: mobile vending,medium,Needs business and event-service verification; do not publish as approved,https://open.toronto.ca/dataset/municipal-licensing-and-standards-business-licences-and-permits/
THE RED TRUCK,Food provider,Food trucks and mobile catering,,,R54-5553568,MOBILE VENDING (FOOD TRUCK),2026-06-04,City licence category: mobile vending,medium,Needs business and event-service verification; do not publish as approved,https://open.toronto.ca/dataset/municipal-licensing-and-standards-business-licences-and-permits/
TORONTO GRILLS JALIL DIZAJI,Food provider,Food trucks and mobile catering,,,R54-55A0754,MOBILE VENDING (FOOD TRUCK),2025-11-17,City licence category: mobile vending,medium,Needs business and event-service verification; do not publish as approved,https://open.toronto.ca/dataset/municipal-licensing-and-standards-business-licences-and-permits/
WRAP N WRAP,Food provider,Food trucks and mobile catering,,,R54-5575673,MOBILE VENDING (FOOD TRUCK),2026-08-17,City licence category: mobile vending,medium,Needs business and event-service verification; do not publish as approved,https://open.toronto.ca/dataset/municipal-licensing-and-standards-business-licences-and-permits/
ZAM ZAM SHAWARMA,Food provider,Food trucks and mobile catering,,,R54-5662197,MOBILE VENDING (FOOD TRUCK),2026-08-25,City licence category: mobile vending,medium,Needs business and event-service verification; do not publish as approved,https://open.toronto.ca/dataset/municipal-licensing-and-standards-business-licences-and-permits/
03 HAIR SALON,Hairstylist,Hair styling,,,B56-5599773,PERSONAL SERVICES SETTINGS,2026-02-03,Business name suggests hair/salon; event services unverified,low,Needs business and event-service verification; do not publish as approved,https://open.toronto.ca/dataset/municipal-licensing-and-standards-business-licences-and-permits/
4 HAUTE HAIR SALON,Hairstylist,Hair styling,,,B56-5505240,PERSONAL SERVICES SETTINGS,2026-02-06,Business name suggests hair/salon; event services unverified,low,Needs business and event-service verification; do not publish as approved,https://open.toronto.ca/dataset/municipal-licensing-and-standards-business-licences-and-permits/
A & A HAIR DESIGN,Hairstylist,Hair styling,,4162417418,B56-5145165,PERSONAL SERVICES SETTINGS,2026-02-20,Business name suggests hair/salon; event services unverified,low,Needs business and event-service verification; do not publish as approved,https://open.toronto.ca/dataset/municipal-licensing-and-standards-business-licences-and-permits/
A & I HAIR SALON,Hairstylist,Hair styling,,,B56-4902676,PERSONAL SERVICES SETTINGS,2025-12-12,Business name suggests hair/salon; event services unverified,low,Needs business and event-service verification; do not publish as approved,https://open.toronto.ca/dataset/municipal-licensing-and-standards-business-licences-and-permits/
A & S HAIR SALON,Hairstylist,Hair styling,,,B56-5553545,PERSONAL SERVICES SETTINGS,2026-04-14,Business name suggests hair/salon; event services unverified,low,Needs business and event-service verification; do not publish as approved,https://open.toronto.ca/dataset/municipal-licensing-and-standards-business-licences-and-permits/
A BOSS SALON,Hairstylist,Hair styling,,6473285858,B56-4843160,PERSONAL SERVICES SETTINGS,2026-06-05,Business name suggests hair/salon; event services unverified,low,Needs business and event-service verification; do not publish as approved,https://open.toronto.ca/dataset/municipal-licensing-and-standards-business-licences-and-permits/
A QIU HAIR SALON,Hairstylist,Hair styling,,,B56-5514428,PERSONAL SERVICES SETTINGS,2026-02-03,Business name suggests hair/salon; event services unverified,low,Needs business and event-service verification; do not publish as approved,https://open.toronto.ca/dataset/municipal-licensing-and-standards-business-licences-and-permits/
A TOUCH OF ELEGANCE SALON,Hairstylist,Hair styling,,,B56-5201569,PERSONAL SERVICES SETTINGS,2026-04-21,Business name suggests hair/salon; event services unverified,low,Needs business and event-service verification; do not publish as approved,https://open.toronto.ca/dataset/municipal-licensing-and-standards-business-licences-and-permits/
A&G BEAUTY SALON,Hairstylist,Hair styling,,,B56-5360757,PERSONAL SERVICES SETTINGS,2026-09-08,Business name suggests hair/salon; event services unverified,low,Needs business and event-service verification; do not publish as approved,https://open.toronto.ca/dataset/municipal-licensing-and-standards-business-licences-and-permits/
A&J HAIR SALON,Hairstylist,Hair styling,,4162890999,B56-5361864,PERSONAL SERVICES SETTINGS,2026-08-28,Business name suggests hair/salon; event services unverified,low,Needs business and event-service verification; do not publish as approved,https://open.toronto.ca/dataset/municipal-licensing-and-standards-business-licences-and-permits/
A-TOP HAIR CARE & ESTHETICS,Hairstylist,Hair styling,,9059650478,B56-4291224,PERSONAL SERVICES SETTINGS,2026-03-20,Business name suggests hair/salon; event services unverified,low,Needs business and event-service verification; do not publish as approved,https://open.toronto.ca/dataset/municipal-licensing-and-standards-business-licences-and-permits/
ABBY'S HAIR,Hairstylist,Hair styling,,4168397997,B56-4066440,PERSONAL SERVICES SETTINGS,2025-09-23,Business name suggests hair/salon; event services unverified,low,Needs business and event-service verification; do not publish as approved,https://open.toronto.ca/dataset/municipal-licensing-and-standards-business-licences-and-permits/
ABIRON BEAUTY SPA & SALON,Hairstylist,Hair styling,,,B56-5558247,PERSONAL SERVICES SETTINGS,2026-07-03,Business name suggests hair/salon; event services unverified,low,Needs business and event-service verification; do not publish as approved,https://open.toronto.ca/dataset/municipal-licensing-and-standards-business-licences-and-permits/
ABOVE & BEYOND NAIL & HAIR SALON,Hairstylist,Hair styling,,,B56-4294901,PERSONAL SERVICES SETTINGS,2026-03-27,Business name suggests hair/salon; event services unverified,low,Needs business and event-service verification; do not publish as approved,https://open.toronto.ca/dataset/municipal-licensing-and-standards-business-licences-and-permits/
ACE HAIR SALON,Hairstylist,Hair styling,,,B56-5201391,PERSONAL SERVICES SETTINGS,2026-02-10,Business name suggests hair/salon; event services unverified,low,Needs business and event-service verification; do not publish as approved,https://open.toronto.ca/dataset/municipal-licensing-and-standards-business-licences-and-permits/
ADELE HAIR AND BEAUTY,Hairstylist,Hair styling,,,B56-5476893,PERSONAL SERVICES SETTINGS,2026-08-14,Business name suggests hair/salon; event services unverified,low,Needs business and event-service verification; do not publish as approved,https://open.toronto.ca/dataset/municipal-licensing-and-standards-business-licences-and-permits/
ADELE HAIR AND BEAUTY DOWNTOWN,Hairstylist,Hair styling,,,B56-5610154,PERSONAL SERVICES SETTINGS,2026-03-03,Business name suggests hair/salon; event services unverified,low,Needs business and event-service verification; do not publish as approved,https://open.toronto.ca/dataset/municipal-licensing-and-standards-business-licences-and-permits/
ADORE SALON,Hairstylist,Hair styling,,,B56-5649301,PERSONAL SERVICES SETTINGS,2026-07-10,Business name suggests hair/salon; event services unverified,low,Needs business and event-service verification; do not publish as approved,https://open.toronto.ca/dataset/municipal-licensing-and-standards-business-licences-and-permits/
ADULIS HAIR SALON,Hairstylist,Hair styling,,,B56-5200530,PERSONAL SERVICES SETTINGS,2025-12-30,Business name suggests hair/salon; event services unverified,low,Needs business and event-service verification; do not publish as approved,https://open.toronto.ca/dataset/municipal-licensing-and-standards-business-licences-and-permits/
AFZAL4U HAIR SALON INC,Hairstylist,Hair styling,,,B56-5620575,PERSONAL SERVICES SETTINGS,2026-05-23,Business name suggests hair/salon; event services unverified,low,Needs business and event-service verification; do not publish as approved,https://open.toronto.ca/dataset/municipal-licensing-and-standards-business-licences-and-permits/
AHSIYA BEAUTY SALON,Hairstylist,Hair styling,,4164123330,B56-3837379,PERSONAL SERVICES SETTINGS,2026-03-31,Business name suggests hair/salon; event services unverified,low,Needs business and event-service verification; do not publish as approved,https://open.toronto.ca/dataset/municipal-licensing-and-standards-business-licences-and-permits/
AISHA HAIR EMPIRE,Hairstylist,Hair styling,,,B56-5518915,PERSONAL SERVICES SETTINGS,2026-03-06,Business name suggests hair/salon; event services unverified,low,Needs business and event-service verification; do not publish as approved,https://open.toronto.ca/dataset/municipal-licensing-and-standards-business-licences-and-permits/
AJ BARBERING SALON AND SPA,Hairstylist,Hair styling,,6476866470,B56-4911036,PERSONAL SERVICES SETTINGS,2026-01-09,Business name suggests hair/salon; event services unverified,low,Needs business and event-service verification; do not publish as approved,https://open.toronto.ca/dataset/municipal-licensing-and-standards-business-licences-and-permits/
ALA BEAUTIE SALON,Hairstylist,Hair styling,,4167696672,B56-3838107,PERSONAL SERVICES SETTINGS,2026-06-09,Business name suggests hair/salon; event services unverified,low,Needs business and event-service verification; do not publish as approved,https://open.toronto.ca/dataset/municipal-licensing-and-standards-business-licences-and-permits/
ALAN HAIR SALON,Hairstylist,Hair styling,,,B56-5436891,PERSONAL SERVICES SETTINGS,2026-06-27,Business name suggests hair/salon; event services unverified,low,Needs business and event-service verification; do not publish as approved,https://open.toronto.ca/dataset/municipal-licensing-and-standards-business-licences-and-permits/
ALBAIR HAIR PLUS,Hairstylist,Hair styling,,4167430133,B56-4418593,PERSONAL SERVICES SETTINGS,2026-02-10,Business name suggests hair/salon; event services unverified,low,Needs business and event-service verification; do not publish as approved,https://open.toronto.ca/dataset/municipal-licensing-and-standards-business-licences-and-permits/
ALBION 8 BELLS BEAUTY SALON UNISEX,Hairstylist,Hair styling,,4167419374,B56-3845942,PERSONAL SERVICES SETTINGS,2026-01-06,Business name suggests hair/salon; event services unverified,low,Needs business and event-service verification; do not publish as approved,https://open.toronto.ca/dataset/municipal-licensing-and-standards-business-licences-and-permits/
ALBION MALL HAIRSTYLING,Hairstylist,Hair styling,,4167417282,B56-4701730,PERSONAL SERVICES SETTINGS,2026-01-20,Business name suggests hair/salon; event services unverified,low,Needs business and event-service verification; do not publish as approved,https://open.toronto.ca/dataset/municipal-licensing-and-standards-business-licences-and-permits/
ALBUM HAIR,Hairstylist,Hair styling,,4167788892,B56-4820416,PERSONAL SERVICES SETTINGS,2026-06-09,Business name suggests hair/salon; event services unverified,low,Needs business and event-service verification; do not publish as approved,https://open.toronto.ca/dataset/municipal-licensing-and-standards-business-licences-and-permits/
ALCORN SALON INC,Hairstylist,Hair styling,,4169616097,B56-4678258,PERSONAL SERVICES SETTINGS,2026-09-11,Business name suggests hair/salon; event services unverified,low,Needs business and event-service verification; do not publish as approved,https://open.toronto.ca/dataset/municipal-licensing-and-standards-business-licences-and-permits/
ALESHA'S BEAUTY SALON & SPA,Hairstylist,Hair styling,,6474050169,B56-5300941; B56-5625088,PERSONAL SERVICES SETTINGS,2026-04-21,Business name suggests hair/salon; event services unverified,low,Needs business and event-service verification; do not publish as approved,https://open.toronto.ca/dataset/municipal-licensing-and-standards-business-licences-and-permits/
ALEX HAIR SALON,Hairstylist,Hair styling,,6478657724,B56-4534553,PERSONAL SERVICES SETTINGS,2026-04-28,Business name suggests hair/salon; event services unverified,low,Needs business and event-service verification; do not publish as approved,https://open.toronto.ca/dataset/municipal-licensing-and-standards-business-licences-and-permits/
ALEXANDRIA'S BEAUTY SALON,Hairstylist,Hair styling,,4163981401,B56-5201244,PERSONAL SERVICES SETTINGS,2026-04-21,Business name suggests hair/salon; event services unverified,low,Needs business and event-service verification; do not publish as approved,https://open.toronto.ca/dataset/municipal-licensing-and-standards-business-licences-and-permits/
ALEXIS EXPERTS CREATIVE HAIR STUDIO INC,Hairstylist,Hair styling,,4164833339,B56-4646419,PERSONAL SERVICES SETTINGS,2026-02-06,Business name suggests hair/salon; event services unverified,low,Needs business and event-service verification; do not publish as approved,https://open.toronto.ca/dataset/municipal-licensing-and-standards-business-licences-and-permits/
ALEXIS HAIR EXPERTS,Hairstylist,Hair styling,,4164833339,B56-5648649,PERSONAL SERVICES SETTINGS,2026-08-07,Business name suggests hair/salon; event services unverified,low,Needs business and event-service verification; do not publish as approved,https://open.toronto.ca/dataset/municipal-licensing-and-standards-business-licences-and-permits/
ALIBI HAIR INC,Hairstylist,Hair styling,,,B56-4710470,PERSONAL SERVICES SETTINGS,2026-04-28,Business name suggests hair/salon; event services unverified,low,Needs business and event-service verification; do not publish as approved,https://open.toronto.ca/dataset/municipal-licensing-and-standards-business-licences-and-permits/
ALICE HAIR SALON,Hairstylist,Hair styling,,4165938519,B56-5632838,PERSONAL SERVICES SETTINGS,2026-05-12,Business name suggests hair/salon; event services unverified,low,Needs business and event-service verification; do not publish as approved,https://open.toronto.ca/dataset/municipal-licensing-and-standards-business-licences-and-permits/
ALICIA'S BEAUTY SALON,Hairstylist,Hair styling,,,B56-3081655,PERSONAL SERVICES SETTINGS,2026-02-20,Business name suggests hair/salon; event services unverified,low,Needs business and event-service verification; do not publish as approved,https://open.toronto.ca/dataset/municipal-licensing-and-standards-business-licences-and-permits/
ALLEGRO HAIR DESIGN,Hairstylist,Hair styling,,,B56-5322527,PERSONAL SERVICES SETTINGS,2026-03-13,Business name suggests hair/salon; event services unverified,low,Needs business and event-service verification; do not publish as approved,https://open.toronto.ca/dataset/municipal-licensing-and-standards-business-licences-and-permits/
ALMA DE ALA UNISEX BEAUTY SALON,Hairstylist,Hair styling,,,B56-4308879,PERSONAL SERVICES SETTINGS,2026-05-22,Business name suggests hair/salon; event services unverified,low,Needs business and event-service verification; do not publish as approved,https://open.toronto.ca/dataset/municipal-licensing-and-standards-business-licences-and-permits/
AMAN'S BEAUTY SPA & SALON,Hairstylist,Hair styling,,9056049133,B56-4918679,PERSONAL SERVICES SETTINGS,2026-03-17,Business name suggests hair/salon; event services unverified,low,Needs business and event-service verification; do not publish as approved,https://open.toronto.ca/dataset/municipal-licensing-and-standards-business-licences-and-permits/
AMANDA'S HAIR ARTISTRY BAR,Hairstylist,Hair styling,,,B56-5329915,PERSONAL SERVICES SETTINGS,2026-06-26,Business name suggests hair/salon; event services unverified,low,Needs business and event-service verification; do not publish as approved,https://open.toronto.ca/dataset/municipal-licensing-and-standards-business-licences-and-permits/
AMANI HAIR COSMETIC,Hairstylist,Hair styling,,4169218381,B56-5328164,PERSONAL SERVICES SETTINGS,2026-08-14,Business name suggests hair/salon; event services unverified,low,Needs business and event-service verification; do not publish as approved,https://open.toronto.ca/dataset/municipal-licensing-and-standards-business-licences-and-permits/
AMANI HAIR STUDIO,Hairstylist,Hair styling,,4164401082,B56-55A1444,PERSONAL SERVICES SETTINGS,2025-11-19,Business name suggests hair/salon; event services unverified,low,Needs business and event-service verification; do not publish as approved,https://open.toronto.ca/dataset/municipal-licensing-and-standards-business-licences-and-permits/
AMBIANCE 2000 HAIR & BEAUTY,Hairstylist,Hair styling,,4167334727,B56-3722510,PERSONAL SERVICES SETTINGS,2026-04-14,Business name suggests hair/salon; event services unverified,low,Needs business and event-service verification; do not publish as approved,https://open.toronto.ca/dataset/municipal-licensing-and-standards-business-licences-and-permits/
AMELIA HAIR STYLING,Hairstylist,Hair styling,,4166536173,B56-4201797,PERSONAL SERVICES SETTINGS,2025-11-28,Business name suggests hair/salon; event services unverified,low,Needs business and event-service verification; do not publish as approved,https://open.toronto.ca/dataset/municipal-licensing-and-standards-business-licences-and-permits/
AMG HAIR PRO,Hairstylist,Hair styling,,,B56-4858749,PERSONAL SERVICES SETTINGS,2026-09-11,Business name suggests hair/salon; event services unverified,low,Needs business and event-service verification; do not publish as approved,https://open.toronto.ca/dataset/municipal-licensing-and-standards-business-licences-and-permits/
AMISHA BEAUTY SALON,Hairstylist,Hair styling,,4167430828,B56-5014145,PERSONAL SERVICES SETTINGS,2026-01-09,Business name suggests hair/salon; event services unverified,low,Needs business and event-service verification; do not publish as approved,https://open.toronto.ca/dataset/municipal-licensing-and-standards-business-licences-and-permits/
ANA MARIA'S HAIR SALON,Hairstylist,Hair styling,,4165320096,B56-3110950,PERSONAL SERVICES SETTINGS,2025-10-07,Business name suggests hair/salon; event services unverified,low,Needs business and event-service verification; do not publish as approved,https://open.toronto.ca/dataset/municipal-licensing-and-standards-business-licences-and-permits/
ANANEKE BEAUTY SALON AND SPAS,Hairstylist,Hair styling,,4163228893,B56-5239532,PERSONAL SERVICES SETTINGS,2026-09-08,Business name suggests hair/salon; event services unverified,low,Needs business and event-service verification; do not publish as approved,https://open.toronto.ca/dataset/municipal-licensing-and-standards-business-licences-and-permits/
ANASTASIA METRO HAIR DESIGNS,Hairstylist,Hair styling,,6472710665,B56-4418097,PERSONAL SERVICES SETTINGS,2026-03-20,Business name suggests hair/salon; event services unverified,low,Needs business and event-service verification; do not publish as approved,https://open.toronto.ca/dataset/municipal-licensing-and-standards-business-licences-and-permits/
ANDIE THOMSON HAIR SALON INC,Hairstylist,Hair styling,,,B56-5487667,PERSONAL SERVICES SETTINGS,2025-10-10,Business name suggests hair/salon; event services unverified,low,Needs business and event-service verification; do not publish as approved,https://open.toronto.ca/dataset/municipal-licensing-and-standards-business-licences-and-permits/
ANES HAIR & SPA,Hairstylist,Hair styling,,4165884895,B56-4702170,PERSONAL SERVICES SETTINGS,2025-12-19,Business name suggests hair/salon; event services unverified,low,Needs business and event-service verification; do not publish as approved,https://open.toronto.ca/dataset/municipal-licensing-and-standards-business-licences-and-permits/
ANGEL HAIR,Hairstylist,Hair styling,,4169616357,B56-3245906,PERSONAL SERVICES SETTINGS,2026-06-09,Business name suggests hair/salon; event services unverified,low,Needs business and event-service verification; do not publish as approved,https://open.toronto.ca/dataset/municipal-licensing-and-standards-business-licences-and-permits/
ANGEL SALON SPA,Hairstylist,Hair styling,,6477606540,B56-5200539,PERSONAL SERVICES SETTINGS,2026-02-13,Business name suggests hair/salon; event services unverified,low,Needs business and event-service verification; do not publish as approved,https://open.toronto.ca/dataset/municipal-licensing-and-standards-business-licences-and-permits/
ANGKOR NAIL SALON & SPA,Hairstylist,Hair styling,,4166358258,B56-4926528,PERSONAL SERVICES SETTINGS,2026-03-17,Business name suggests hair/salon; event services unverified,low,Needs business and event-service verification; do not publish as approved,https://open.toronto.ca/dataset/municipal-licensing-and-standards-business-licences-and-permits/
ANH NGUYEN SALON,Hairstylist,Hair styling,,4166043309,B56-4417309,PERSONAL SERVICES SETTINGS,2026-03-03,Business name suggests hair/salon; event services unverified,low,Needs business and event-service verification; do not publish as approved,https://open.toronto.ca/dataset/municipal-licensing-and-standards-business-licences-and-permits/
ANITA'S HAIR PALACE,Hairstylist,Hair styling,,4167513910,B56-4181340,PERSONAL SERVICES SETTINGS,2026-05-29,Business name suggests hair/salon; event services unverified,low,Needs business and event-service verification; do not publish as approved,https://open.toronto.ca/dataset/municipal-licensing-and-standards-business-licences-and-permits/
ANNA K HAIR DESIGN,Hairstylist,Hair styling,,4164826280,B56-4684944,PERSONAL SERVICES SETTINGS,2025-09-26,Business name suggests hair/salon; event services unverified,low,Needs business and event-service verification; do not publish as approved,https://open.toronto.ca/dataset/municipal-licensing-and-standards-business-licences-and-permits/
ANNA'S HAIR SALON,Hairstylist,Hair styling,,4164313295,B56-3617648,PERSONAL SERVICES SETTINGS,2025-12-16,Business name suggests hair/salon; event services unverified,low,Needs business and event-service verification; do not publish as approved,https://open.toronto.ca/dataset/municipal-licensing-and-standards-business-licences-and-permits/
ANSHIA BEAUTY SALON & VIDEO,Hairstylist,Hair styling,,4165466767,B56-4959848,PERSONAL SERVICES SETTINGS,2026-08-07,Business name suggests hair/salon; event services unverified,low,Needs business and event-service verification; do not publish as approved,https://open.toronto.ca/dataset/municipal-licensing-and-standards-business-licences-and-permits/
ANTHONY'S HAIR SALON,Hairstylist,Hair styling,,4167408978,B56-4311958,PERSONAL SERVICES SETTINGS,2025-12-09,Business name suggests hair/salon; event services unverified,low,Needs business and event-service verification; do not publish as approved,https://open.toronto.ca/dataset/municipal-licensing-and-standards-business-licences-and-permits/
AP HAIR SALON,Hairstylist,Hair styling,,,B56-5304759,PERSONAL SERVICES SETTINGS,2026-01-06,Business name suggests hair/salon; event services unverified,low,Needs business and event-service verification; do not publish as approved,https://open.toronto.ca/dataset/municipal-licensing-and-standards-business-licences-and-permits/
APOLLO BEAUTY SALON,Hairstylist,Hair styling,,4164699833,B56-4531709,PERSONAL SERVICES SETTINGS,2026-02-10,Business name suggests hair/salon; event services unverified,low,Needs business and event-service verification; do not publish as approved,https://open.toronto.ca/dataset/municipal-licensing-and-standards-business-licences-and-permits/
ARISTOTELIS HAIR STYLING,Hairstylist,Hair styling,,4165930856,B56-5654619,PERSONAL SERVICES SETTINGS,2026-07-28,Business name suggests hair/salon; event services unverified,low,Needs business and event-service verification; do not publish as approved,https://open.toronto.ca/dataset/municipal-licensing-and-standards-business-licences-and-permits/
AROMA SPA & NAIL SALON,Hairstylist,Hair styling,,6473509299,B56-5657406,PERSONAL SERVICES SETTINGS,2026-08-07,Business name suggests hair/salon; event services unverified,low,Needs business and event-service verification; do not publish as approved,https://open.toronto.ca/dataset/municipal-licensing-and-standards-business-licences-and-permits/
ARSHIA HAIR SALON SPA,Hairstylist,Hair styling,,4166162170,B56-4983324,PERSONAL SERVICES SETTINGS,2025-09-02,Business name suggests hair/salon; event services unverified,low,Needs business and event-service verification; do not publish as approved,https://open.toronto.ca/dataset/municipal-licensing-and-standards-business-licences-and-permits/
ARTE SALON & SPA,Hairstylist,Hair styling,,,B56-5202900,PERSONAL SERVICES SETTINGS,2026-03-13,Business name suggests hair/salon; event services unverified,low,Needs business and event-service verification; do not publish as approved,https://open.toronto.ca/dataset/municipal-licensing-and-standards-business-licences-and-permits/
ARTISTA SALON & SPA INC,Hairstylist,Hair styling,,4162445170,B56-5520013,PERSONAL SERVICES SETTINGS,2026-03-20,Business name suggests hair/salon; event services unverified,low,Needs business and event-service verification; do not publish as approved,https://open.toronto.ca/dataset/municipal-licensing-and-standards-business-licences-and-permits/
ARTISTIC HAIR LOUNGE INC,Hairstylist,Hair styling,,4168220904,B56-4540475,PERSONAL SERVICES SETTINGS,2025-09-12,Business name suggests hair/salon; event services unverified,low,Needs business and event-service verification; do not publish as approved,https://open.toronto.ca/dataset/municipal-licensing-and-standards-business-licences-and-permits/
ASIAN SALON,Hairstylist,Hair styling,,4167578002,B56-4711735,PERSONAL SERVICES SETTINGS,2026-01-23,Business name suggests hair/salon; event services unverified,low,Needs business and event-service verification; do not publish as approved,https://open.toronto.ca/dataset/municipal-licensing-and-standards-business-licences-and-permits/
ASTRA SALON,Hairstylist,Hair styling,,4169208091,B56-4312227,PERSONAL SERVICES SETTINGS,2025-10-17,Business name suggests hair/salon; event services unverified,low,Needs business and event-service verification; do not publish as approved,https://open.toronto.ca/dataset/municipal-licensing-and-standards-business-licences-and-permits/
AT HAIR SALON,Hairstylist,Hair styling,,,B56-5578311; B56-5667418,PERSONAL SERVICES SETTINGS,2026-09-14,Business name suggests hair/salon; event services unverified,low,Needs business and event-service verification; do not publish as approved,https://open.toronto.ca/dataset/municipal-licensing-and-standards-business-licences-and-permits/
ATTITUDES HAIR SALON,Hairstylist,Hair styling,,4164505230,B56-5209850,PERSONAL SERVICES SETTINGS,2026-06-09,Business name suggests hair/salon; event services unverified,low,Needs business and event-service verification; do not publish as approved,https://open.toronto.ca/dataset/municipal-licensing-and-standards-business-licences-and-permits/
ATTITUDES IN HAIR,Hairstylist,Hair styling,,4164839300,B56-4311315,PERSONAL SERVICES SETTINGS,2026-09-25,Business name suggests hair/salon; event services unverified,low,Needs business and event-service verification; do not publish as approved,https://open.toronto.ca/dataset/municipal-licensing-and-standards-business-licences-and-permits/
AVALON HAIR DESIGN,Hairstylist,Hair styling,,4169217970,B56-4541857,PERSONAL SERVICES SETTINGS,2025-12-30,Business name suggests hair/salon; event services unverified,low,Needs business and event-service verification; do not publish as approved,https://open.toronto.ca/dataset/municipal-licensing-and-standards-business-licences-and-permits/
AVOLA COLLEGE OF HAIRSTYLING AND ESTHETICS,Hairstylist,Hair styling,,4169671800,B56-3611053,PERSONAL SERVICES SETTINGS,2026-07-17,Business name suggests hair/salon; event services unverified,low,Needs business and event-service verification; do not publish as approved,https://open.toronto.ca/dataset/municipal-licensing-and-standards-business-licences-and-permits/
AYNUN'S HAIR FASHION,Hairstylist,Hair styling,,6473465553,B56-4989698,PERSONAL SERVICES SETTINGS,2025-10-24,Business name suggests hair/salon; event services unverified,low,Needs business and event-service verification; do not publish as approved,https://open.toronto.ca/dataset/municipal-licensing-and-standards-business-licences-and-permits/
AZITA BEAUTY SALON,Hairstylist,Hair styling,,,B56-5652914,PERSONAL SERVICES SETTINGS,2026-07-20,Business name suggests hair/salon; event services unverified,low,Needs business and event-service verification; do not publish as approved,https://open.toronto.ca/dataset/municipal-licensing-and-standards-business-licences-and-permits/
AZOHRA BEAUTY SALON,Hairstylist,Hair styling,,,B56-5632622,PERSONAL SERVICES SETTINGS,2026-05-15,Business name suggests hair/salon; event services unverified,low,Needs business and event-service verification; do not publish as approved,https://open.toronto.ca/dataset/municipal-licensing-and-standards-business-licences-and-permits/
B & M HAIR STUDIO & BARBERS,Hairstylist,Hair styling,,4163176589,B56-5513427,PERSONAL SERVICES SETTINGS,2026-01-20,Business name suggests hair/salon; event services unverified,low,Needs business and event-service verification; do not publish as approved,https://open.toronto.ca/dataset/municipal-licensing-and-standards-business-licences-and-permits/
B. SUITE SALON,Hairstylist,Hair styling,,4169538710,B56-4542403,PERSONAL SERVICES SETTINGS,2025-09-23,Business name suggests hair/salon; event services unverified,low,Needs business and event-service verification; do not publish as approved,https://open.toronto.ca/dataset/municipal-licensing-and-standards-business-licences-and-permits/
BAHAR SALON & SPA,Hairstylist,Hair styling,,4167927666,B56-5009390,PERSONAL SERVICES SETTINGS,2026-02-06,Business name suggests hair/salon; event services unverified,low,Needs business and event-service verification; do not publish as approved,https://open.toronto.ca/dataset/municipal-licensing-and-standards-business-licences-and-permits/
BAHI BHAI HAIR DRESSER,Hairstylist,Hair styling,,,B56-5202214,PERSONAL SERVICES SETTINGS,2026-02-13,Business name suggests hair/salon; event services unverified,low,Needs business and event-service verification; do not publish as approved,https://open.toronto.ca/dataset/municipal-licensing-and-standards-business-licences-and-permits/
BALANCE HAIR STUDIO,Hairstylist,Hair styling,,4167330152,B56-5217745,PERSONAL SERVICES SETTINGS,2026-06-12,Business name suggests hair/salon; event services unverified,low,Needs business and event-service verification; do not publish as approved,https://open.toronto.ca/dataset/municipal-licensing-and-standards-business-licences-and-permits/
BALTICA SALON,Hairstylist,Hair styling,,,B56-5498534,PERSONAL SERVICES SETTINGS,2025-12-30,Business name suggests hair/salon; event services unverified,low,Needs business and event-service verification; do not publish as approved,https://open.toronto.ca/dataset/municipal-licensing-and-standards-business-licences-and-permits/
BARBARAS SALON,Hairstylist,Hair styling,,4162564939,B56-3842931,PERSONAL SERVICES SETTINGS,2026-09-18,Business name suggests hair/salon; event services unverified,low,Needs business and event-service verification; do not publish as approved,https://open.toronto.ca/dataset/municipal-licensing-and-standards-business-licences-and-permits/
BARBERELLA SALON,Hairstylist,Hair styling,,4164080440,B56-4540641,PERSONAL SERVICES SETTINGS,2026-07-14,Business name suggests hair/salon; event services unverified,low,Needs business and event-service verification; do not publish as approved,https://open.toronto.ca/dataset/municipal-licensing-and-standards-business-licences-and-permits/
BAYSIDE SALON & SPA,Hairstylist,Hair styling,,,B56-5543570,PERSONAL SERVICES SETTINGS,2026-05-01,Business name suggests hair/salon; event services unverified,low,Needs business and event-service verification; do not publish as approved,https://open.toronto.ca/dataset/municipal-licensing-and-standards-business-licences-and-permits/
BAYVIEW HAIR PLACE,Hairstylist,Hair styling,,4162226071,B56-3731876,PERSONAL SERVICES SETTINGS,2026-02-03,Business name suggests hair/salon; event services unverified,low,Needs business and event-service verification; do not publish as approved,https://open.toronto.ca/dataset/municipal-licensing-and-standards-business-licences-and-permits/
BAYVIEW MALL CREATIVE HAIR DESIGN & BARBERING,Hairstylist,Hair styling,,4162212321,B56-3003725,PERSONAL SERVICES SETTINGS,2025-12-12,Business name suggests hair/salon; event services unverified,low,Needs business and event-service verification; do not publish as approved,https://open.toronto.ca/dataset/municipal-licensing-and-standards-business-licences-and-permits/
BB LASH & HAIR SPA,Hairstylist,Hair styling,,,B56-5668118,PERSONAL SERVICES SETTINGS,2026-09-22,Business name suggests hair/salon; event services unverified,low,Needs business and event-service verification; do not publish as approved,https://open.toronto.ca/dataset/municipal-licensing-and-standards-business-licences-and-permits/
BC HAIR SALON,Hairstylist,Hair styling,,4165765033,B56-5525132,PERSONAL SERVICES SETTINGS,2026-06-30,Business name suggests hair/salon; event services unverified,low,Needs business and event-service verification; do not publish as approved,https://open.toronto.ca/dataset/municipal-licensing-and-standards-business-licences-and-permits/
BEACHCOMBER HAIR ACADEMY,Hairstylist,Hair styling,,4166917086,B56-4424268,PERSONAL SERVICES SETTINGS,2026-07-31,Business name suggests hair/salon; event services unverified,low,Needs business and event-service verification; do not publish as approved,https://open.toronto.ca/dataset/municipal-licensing-and-standards-business-licences-and-permits/
BEAUTIFUL U BARBER & HAIR SALON,Hairstylist,Hair styling,,4166509212,B56-4979631,PERSONAL SERVICES SETTINGS,2025-11-11,Business name suggests hair/salon; event services unverified,low,Needs business and event-service verification; do not publish as approved,https://open.toronto.ca/dataset/municipal-licensing-and-standards-business-licences-and-permits/
BEAUTIFUL U HAIR DESIGN,Hairstylist,Hair styling,,4162850936,B56-4429100,PERSONAL SERVICES SETTINGS,2025-12-23,Business name suggests hair/salon; event services unverified,low,Needs business and event-service verification; do not publish as approved,https://open.toronto.ca/dataset/municipal-licensing-and-standards-business-licences-and-permits/
BEAUTY SALON 624,Hairstylist,Hair styling,,4166319777,B56-3955840,PERSONAL SERVICES SETTINGS,2026-08-18,Business name suggests hair/salon; event services unverified,low,Needs business and event-service verification; do not publish as approved,https://open.toronto.ca/dataset/municipal-licensing-and-standards-business-licences-and-permits/
BEC SALON,Hairstylist,Hair styling,,,B56-4857303,PERSONAL SERVICES SETTINGS,2026-08-04,Business name suggests hair/salon; event services unverified,low,Needs business and event-service verification; do not publish as approved,https://open.toronto.ca/dataset/municipal-licensing-and-standards-business-licences-and-permits/
BEGGS HAIR STUDIO/H&R BEAUTY SUPPLY,Hairstylist,Hair styling,,,B56-5422584,PERSONAL SERVICES SETTINGS,2026-03-27,Business name suggests hair/salon; event services unverified,low,Needs business and event-service verification; do not publish as approved,https://open.toronto.ca/dataset/municipal-licensing-and-standards-business-licences-and-permits/
BELLAJIN HAIR SALON,Hairstylist,Hair styling,,4162249411,B56-3594992,PERSONAL SERVICES SETTINGS,2026-05-29,Business name suggests hair/salon; event services unverified,low,Needs business and event-service verification; do not publish as approved,https://open.toronto.ca/dataset/municipal-licensing-and-standards-business-licences-and-permits/
BELLISSIMA HAIR SALON,Hairstylist,Hair styling,,4164858853,B56-4307709,PERSONAL SERVICES SETTINGS,2026-03-24,Business name suggests hair/salon; event services unverified,low,Needs business and event-service verification; do not publish as approved,https://open.toronto.ca/dataset/municipal-licensing-and-standards-business-licences-and-permits/
BELLISSIMO SALON,Hairstylist,Hair styling,,4162425345,B56-5044865,PERSONAL SERVICES SETTINGS,2025-12-19,Business name suggests hair/salon; event services unverified,low,Needs business and event-service verification; do not publish as approved,https://open.toronto.ca/dataset/municipal-licensing-and-standards-business-licences-and-permits/
BEN'S HAIRSTYLING FOR MEN AND WOMEN,Hairstylist,Hair styling,,4162517688,B56-4419902,PERSONAL SERVICES SETTINGS,2026-03-24,Business name suggests hair/salon; event services unverified,low,Needs business and event-service verification; do not publish as approved,https://open.toronto.ca/dataset/municipal-licensing-and-standards-business-licences-and-permits/
BEST NAILS SALON,Hairstylist,Hair styling,,4167483883,B56-4533561,PERSONAL SERVICES SETTINGS,2026-01-13,Business name suggests hair/salon; event services unverified,low,Needs business and event-service verification; do not publish as approved,https://open.toronto.ca/dataset/municipal-licensing-and-standards-business-licences-and-permits/
BETSY BEAUTY SALON,Hairstylist,Hair styling,,,B56-5545068,PERSONAL SERVICES SETTINGS,2026-03-17,Business name suggests hair/salon; event services unverified,low,Needs business and event-service verification; do not publish as approved,https://open.toronto.ca/dataset/municipal-licensing-and-standards-business-licences-and-permits/
BEVEL HAIR SALON,Hairstylist,Hair styling,,4162910574,B56-4719935,PERSONAL SERVICES SETTINGS,2026-05-05,Business name suggests hair/salon; event services unverified,low,Needs business and event-service verification; do not publish as approved,https://open.toronto.ca/dataset/municipal-licensing-and-standards-business-licences-and-permits/
BGR HAIR STUDIOS BARBERSHOP AND SALON,Hairstylist,Hair styling,,,B56-5485625,PERSONAL SERVICES SETTINGS,2025-10-24,Business name suggests hair/salon; event services unverified,low,Needs business and event-service verification; do not publish as approved,https://open.toronto.ca/dataset/municipal-licensing-and-standards-business-licences-and-permits/
BHABI'S BEAUTY SALON,Hairstylist,Hair styling,,,B56-5310660,PERSONAL SERVICES SETTINGS,2026-02-06,Business name suggests hair/salon; event services unverified,low,Needs business and event-service verification; do not publish as approved,https://open.toronto.ca/dataset/municipal-licensing-and-standards-business-licences-and-permits/
BINDIA BEAUTY SALON,Hairstylist,Hair styling,,,B56-5632610,PERSONAL SERVICES SETTINGS,2026-05-22,Business name suggests hair/salon; event services unverified,low,Needs business and event-service verification; do not publish as approved,https://open.toronto.ca/dataset/municipal-licensing-and-standards-business-licences-and-permits/
BING'S HAIR SALON,Hairstylist,Hair styling,,,B56-5613802,PERSONAL SERVICES SETTINGS,2026-03-20,Business name suggests hair/salon; event services unverified,low,Needs business and event-service verification; do not publish as approved,https://open.toronto.ca/dataset/municipal-licensing-and-standards-business-licences-and-permits/
BINGHAM NAILS SALON,Hairstylist,Hair styling,,6473492981,B56-4862048,PERSONAL SERVICES SETTINGS,2025-10-07,Business name suggests hair/salon; event services unverified,low,Needs business and event-service verification; do not publish as approved,https://open.toronto.ca/dataset/municipal-licensing-and-standards-business-licences-and-permits/
BIRO HAIR STUDIO,Hairstylist,Hair styling,,,B56-5341097,PERSONAL SERVICES SETTINGS,2026-07-10,Business name suggests hair/salon; event services unverified,low,Needs business and event-service verification; do not publish as approved,https://open.toronto.ca/dataset/municipal-licensing-and-standards-business-licences-and-permits/
BLACK SHEEP HAIR TORONTO,Hairstylist,Hair styling,,4165592811,B56-4645821,PERSONAL SERVICES SETTINGS,2026-04-10,Business name suggests hair/salon; event services unverified,low,Needs business and event-service verification; do not publish as approved,https://open.toronto.ca/dataset/municipal-licensing-and-standards-business-licences-and-permits/
BLADERUNNER HAIR DESIGN,Hairstylist,Hair styling,,4162620926,B56-4726713,PERSONAL SERVICES SETTINGS,2026-07-21,Business name suggests hair/salon; event services unverified,low,Needs business and event-service verification; do not publish as approved,https://open.toronto.ca/dataset/municipal-licensing-and-standards-business-licences-and-permits/
BLANDINE HAIR SALON BRAIDING,Hairstylist,Hair styling,,,B56-5402188,PERSONAL SERVICES SETTINGS,2025-12-29,Business name suggests hair/salon; event services unverified,low,Needs business and event-service verification; do not publish as approved,https://open.toronto.ca/dataset/municipal-licensing-and-standards-business-licences-and-permits/
BLOC AND MANE HAIR STUDIO,Hairstylist,Hair styling,,,B56-5303388,PERSONAL SERVICES SETTINGS,2025-12-19,Business name suggests hair/salon; event services unverified,low,Needs business and event-service verification; do not publish as approved,https://open.toronto.ca/dataset/municipal-licensing-and-standards-business-licences-and-permits/
BLONDE VS BLONDE HAIRSTYLING,Hairstylist,Hair styling,,4166550799,B56-5216700,PERSONAL SERVICES SETTINGS,2026-06-16,Business name suggests hair/salon; event services unverified,low,Needs business and event-service verification; do not publish as approved,https://open.toronto.ca/dataset/municipal-licensing-and-standards-business-licences-and-permits/
BLONDEE SALON,Hairstylist,Hair styling,,,B56-5601625,PERSONAL SERVICES SETTINGS,2026-04-28,Business name suggests hair/salon; event services unverified,low,Needs business and event-service verification; do not publish as approved,https://open.toronto.ca/dataset/municipal-licensing-and-standards-business-licences-and-permits/
BLOSSOM HAIR SALON,Hairstylist,Hair styling,,,B56-5657400,PERSONAL SERVICES SETTINGS,2026-08-21,Business name suggests hair/salon; event services unverified,low,Needs business and event-service verification; do not publish as approved,https://open.toronto.ca/dataset/municipal-licensing-and-standards-business-licences-and-permits/
BLUEBELL HAIR SALON,Hairstylist,Hair styling,,4166994549,B56-4726272,PERSONAL SERVICES SETTINGS,2026-07-28,Business name suggests hair/salon; event services unverified,low,Needs business and event-service verification; do not publish as approved,https://open.toronto.ca/dataset/municipal-licensing-and-standards-business-licences-and-permits/
BOB AND PAIGE SALON,Hairstylist,Hair styling,,4168509719,B56-4298198,PERSONAL SERVICES SETTINGS,2026-07-31,Business name suggests hair/salon; event services unverified,low,Needs business and event-service verification; do not publish as approved,https://open.toronto.ca/dataset/municipal-licensing-and-standards-business-licences-and-permits/
BOMBAY BEAUTY SALON,Hairstylist,Hair styling,,,B56-5363668,PERSONAL SERVICES SETTINGS,2026-09-18,Business name suggests hair/salon; event services unverified,low,Needs business and event-service verification; do not publish as approved,https://open.toronto.ca/dataset/municipal-licensing-and-standards-business-licences-and-permits/
BOND GIRL HAIR,Hairstylist,Hair styling,,,B56-5404645,PERSONAL SERVICES SETTINGS,2026-03-10,Business name suggests hair/salon; event services unverified,low,Needs business and event-service verification; do not publish as approved,https://open.toronto.ca/dataset/municipal-licensing-and-standards-business-licences-and-permits/
BONDS HAIR SHOP,Hairstylist,Hair styling,,,B56-5227648,PERSONAL SERVICES SETTINGS,2026-07-17,Business name suggests hair/salon; event services unverified,low,Needs business and event-service verification; do not publish as approved,https://open.toronto.ca/dataset/municipal-licensing-and-standards-business-licences-and-permits/
BOOM BEAUTY SALON AND SPA,Hairstylist,Hair styling,,,B56-5522805,PERSONAL SERVICES SETTINGS,2026-03-06,Business name suggests hair/salon; event services unverified,low,Needs business and event-service verification; do not publish as approved,https://open.toronto.ca/dataset/municipal-licensing-and-standards-business-licences-and-permits/
BOWER BIRDS HAIR DESIGN,Hairstylist,Hair styling,,6474051014,B56-4734311,PERSONAL SERVICES SETTINGS,2026-09-11,Business name suggests hair/salon; event services unverified,low,Needs business and event-service verification; do not publish as approved,https://open.toronto.ca/dataset/municipal-licensing-and-standards-business-licences-and-permits/
BRAIDS & BARBER HAIR STUDIO,Hairstylist,Hair styling,,4162449563,B56-3833517,PERSONAL SERVICES SETTINGS,2025-12-30,Business name suggests hair/salon; event services unverified,low,Needs business and event-service verification; do not publish as approved,https://open.toronto.ca/dataset/municipal-licensing-and-standards-business-licences-and-permits/
BRAZILIAN HAIR STUDIO INC,Hairstylist,Hair styling,,,B56-5545058,PERSONAL SERVICES SETTINGS,2026-04-21,Business name suggests hair/salon; event services unverified,low,Needs business and event-service verification; do not publish as approved,https://open.toronto.ca/dataset/municipal-licensing-and-standards-business-licences-and-permits/
BRIM SALON,Hairstylist,Hair styling,,4164121272,B56-3355742,PERSONAL SERVICES SETTINGS,2026-01-30,Business name suggests hair/salon; event services unverified,low,Needs business and event-service verification; do not publish as approved,https://open.toronto.ca/dataset/municipal-licensing-and-standards-business-licences-and-permits/
BROADVIEW/GEORGE'S HAIRSTYLING,Hairstylist,Hair styling,,4164666568,B56-0022816,PERSONAL SERVICES SETTINGS,2025-12-12,Business name suggests hair/salon; event services unverified,low,Needs business and event-service verification; do not publish as approved,https://open.toronto.ca/dataset/municipal-licensing-and-standards-business-licences-and-permits/
BRUNO ROSALES SALON POUR HOMMES,Hairstylist,Hair styling,,4165045606,B56-5661664,PERSONAL SERVICES SETTINGS,2026-08-25,Business name suggests hair/salon; event services unverified,low,Needs business and event-service verification; do not publish as approved,https://open.toronto.ca/dataset/municipal-licensing-and-standards-business-licences-and-permits/
BUKIE HAIR HAUS,Hairstylist,Hair styling,,,B56-5645529,PERSONAL SERVICES SETTINGS,2026-06-25,Business name suggests hair/salon; event services unverified,low,Needs business and event-service verification; do not publish as approved,https://open.toronto.ca/dataset/municipal-licensing-and-standards-business-licences-and-permits/
C C HAIR STUDIO,Hairstylist,Hair styling,,,B56-3946945,PERSONAL SERVICES SETTINGS,2026-02-20,Business name suggests hair/salon; event services unverified,low,Needs business and event-service verification; do not publish as approved,https://open.toronto.ca/dataset/municipal-licensing-and-standards-business-licences-and-permits/
CALIA HAIR DESIGN,Hairstylist,Hair styling,,4164402696,B56-3119381,PERSONAL SERVICES SETTINGS,2026-05-29,Business name suggests hair/salon; event services unverified,low,Needs business and event-service verification; do not publish as approved,https://open.toronto.ca/dataset/municipal-licensing-and-standards-business-licences-and-permits/
CAMEVE HAIR STUDIO,Hairstylist,Hair styling,,,B56-4691441,PERSONAL SERVICES SETTINGS,2025-12-19,Business name suggests hair/salon; event services unverified,low,Needs business and event-service verification; do not publish as approved,https://open.toronto.ca/dataset/municipal-licensing-and-standards-business-licences-and-permits/
CANADIAN GF BEAUTY SALON,Hairstylist,Hair styling,,6473488786,B56-5200525,PERSONAL SERVICES SETTINGS,2026-01-23,Business name suggests hair/salon; event services unverified,low,Needs business and event-service verification; do not publish as approved,https://open.toronto.ca/dataset/municipal-licensing-and-standards-business-licences-and-permits/
CANADIAN HAIR SALON,Hairstylist,Hair styling,,4168091224,B56-5046794,PERSONAL SERVICES SETTINGS,2025-11-21,Business name suggests hair/salon; event services unverified,low,Needs business and event-service verification; do not publish as approved,https://open.toronto.ca/dataset/municipal-licensing-and-standards-business-licences-and-permits/
CANADIANA HAIR FASHIONS,Hairstylist,Hair styling,,,B56-5108260,PERSONAL SERVICES SETTINGS,2026-02-12,Business name suggests hair/salon; event services unverified,low,Needs business and event-service verification; do not publish as approved,https://open.toronto.ca/dataset/municipal-licensing-and-standards-business-licences-and-permits/
CANARA HAIR SALON,Hairstylist,Hair styling,,6479382100,B56-4646380,PERSONAL SERVICES SETTINGS,2025-12-23,Business name suggests hair/salon; event services unverified,low,Needs business and event-service verification; do not publish as approved,https://open.toronto.ca/dataset/municipal-licensing-and-standards-business-licences-and-permits/
CAPELLI COLORI HAIR SALON,Hairstylist,Hair styling,,4163675257,B56-4982454,PERSONAL SERVICES SETTINGS,2026-08-28,Business name suggests hair/salon; event services unverified,low,Needs business and event-service verification; do not publish as approved,https://open.toronto.ca/dataset/municipal-licensing-and-standards-business-licences-and-permits/
CAPRICE HAIR STUDIO,Hairstylist,Hair styling,,4166616327,B56-4179000,PERSONAL SERVICES SETTINGS,2026-08-11,Business name suggests hair/salon; event services unverified,low,Needs business and event-service verification; do not publish as approved,https://open.toronto.ca/dataset/municipal-licensing-and-standards-business-licences-and-permits/
CAPUCCI SALON SPA,Hairstylist,Hair styling,,4167663287,B56-4071364,PERSONAL SERVICES SETTINGS,2026-06-12,Business name suggests hair/salon; event services unverified,low,Needs business and event-service verification; do not publish as approved,https://open.toronto.ca/dataset/municipal-licensing-and-standards-business-licences-and-permits/
CARMEN'S UNISEX HAIRSTYLING,Hairstylist,Hair styling,,4167526427,B56-5315188,PERSONAL SERVICES SETTINGS,2026-04-24,Business name suggests hair/salon; event services unverified,low,Needs business and event-service verification; do not publish as approved,https://open.toronto.ca/dataset/municipal-licensing-and-standards-business-licences-and-permits/
CARNATION NAILS SPA & HAIR,Hairstylist,Hair styling,,,B56-5428499,PERSONAL SERVICES SETTINGS,2026-04-07,Business name suggests hair/salon; event services unverified,low,Needs business and event-service verification; do not publish as approved,https://open.toronto.ca/dataset/municipal-licensing-and-standards-business-licences-and-permits/
CAROUSEL HAIRSTYLING,Hairstylist,Hair styling,,4166941962,B56-4075129,PERSONAL SERVICES SETTINGS,2025-10-24,Business name suggests hair/salon; event services unverified,low,Needs business and event-service verification; do not publish as approved,https://open.toronto.ca/dataset/municipal-licensing-and-standards-business-licences-and-permits/
CASTLEFIELD HAIR STUDIO,Hairstylist,Hair styling,,,B56-5117657,PERSONAL SERVICES SETTINGS,2026-08-07,Business name suggests hair/salon; event services unverified,low,Needs business and event-service verification; do not publish as approved,https://open.toronto.ca/dataset/municipal-licensing-and-standards-business-licences-and-permits/
CASUAL BEAUTY SALON,Hairstylist,Hair styling,,6472480078,B56-5449785,PERSONAL SERVICES SETTINGS,2025-09-12,Business name suggests hair/salon; event services unverified,low,Needs business and event-service verification; do not publish as approved,https://open.toronto.ca/dataset/municipal-licensing-and-standards-business-licences-and-permits/
CC HAIR SALON,Hairstylist,Hair styling,,,B56-3959801,PERSONAL SERVICES SETTINGS,2025-10-24,Business name suggests hair/salon; event services unverified,low,Needs business and event-service verification; do not publish as approved,https://open.toronto.ca/dataset/municipal-licensing-and-standards-business-licences-and-permits/
CELEBRITY HAIR SYTLIST,Hairstylist,Hair styling,,4169393913,B56-4295835,PERSONAL SERVICES SETTINGS,2026-05-12,Business name suggests hair/salon; event services unverified,low,Needs business and event-service verification; do not publish as approved,https://open.toronto.ca/dataset/municipal-licensing-and-standards-business-licences-and-permits/
CELEBRITY UNISEX SALON,Hairstylist,Hair styling,,4168504085,B56-4913867,PERSONAL SERVICES SETTINGS,2026-03-13,Business name suggests hair/salon; event services unverified,low,Needs business and event-service verification; do not publish as approved,https://open.toronto.ca/dataset/municipal-licensing-and-standards-business-licences-and-permits/
CENTRESTAGE HAIR SALON,Hairstylist,Hair styling,,4167338066,B56-4802542,PERSONAL SERVICES SETTINGS,2026-01-09,Business name suggests hair/salon; event services unverified,low,Needs business and event-service verification; do not publish as approved,https://open.toronto.ca/dataset/municipal-licensing-and-standards-business-licences-and-permits/
CHALKHILL BLUE HAIR STUDIO,Hairstylist,Hair styling,,,B56-5220295,PERSONAL SERVICES SETTINGS,2026-09-04,Business name suggests hair/salon; event services unverified,low,Needs business and event-service verification; do not publish as approved,https://open.toronto.ca/dataset/municipal-licensing-and-standards-business-licences-and-permits/
CHANTEL HAIR BOUTIQUE SALON,Hairstylist,Hair styling,,,B56-5342765,PERSONAL SERVICES SETTINGS,2025-08-12,Business name suggests hair/salon; event services unverified,low,Needs business and event-service verification; do not publish as approved,https://open.toronto.ca/dataset/municipal-licensing-and-standards-business-licences-and-permits/
CHATTERS SALON,Hairstylist,Hair styling,,,B56-5457649,PERSONAL SERVICES SETTINGS,2026-04-10,Business name suggests hair/salon; event services unverified,low,Needs business and event-service verification; do not publish as approved,https://open.toronto.ca/dataset/municipal-licensing-and-standards-business-licences-and-permits/
CHEZ ROSE BEAUTY SALON,Hairstylist,Hair styling,,,B56-5350780,PERSONAL SERVICES SETTINGS,2026-08-14,Business name suggests hair/salon; event services unverified,low,Needs business and event-service verification; do not publish as approved,https://open.toronto.ca/dataset/municipal-licensing-and-standards-business-licences-and-permits/
CHIC NAILS SALON & SPA,Hairstylist,Hair styling,,4165330652,B56-4951733,PERSONAL SERVICES SETTINGS,2026-07-31,Business name suggests hair/salon; event services unverified,low,Needs business and event-service verification; do not publish as approved,https://open.toronto.ca/dataset/municipal-licensing-and-standards-business-licences-and-permits/
CHOE'S HAIR SALON,Hairstylist,Hair styling,,,B56-5025800,PERSONAL SERVICES SETTINGS,2026-08-18,Business name suggests hair/salon; event services unverified,low,Needs business and event-service verification; do not publish as approved,https://open.toronto.ca/dataset/municipal-licensing-and-standards-business-licences-and-permits/
CHRISTINA'S HAIR STUDIO,Hairstylist,Hair styling,,4165381633,B56-3098515,PERSONAL SERVICES SETTINGS,2026-07-03,Business name suggests hair/salon; event services unverified,low,Needs business and event-service verification; do not publish as approved,https://open.toronto.ca/dataset/municipal-licensing-and-standards-business-licences-and-permits/
CINDERELLA HAIR SALON,Hairstylist,Hair styling,,4165309891,B56-5026316,PERSONAL SERVICES SETTINGS,2026-06-12,Business name suggests hair/salon; event services unverified,low,Needs business and event-service verification; do not publish as approved,https://open.toronto.ca/dataset/municipal-licensing-and-standards-business-licences-and-permits/
CINDY VU HAIR DESIGN,Hairstylist,Hair styling,,,B56-4715596,PERSONAL SERVICES SETTINGS,2026-04-10,Business name suggests hair/salon; event services unverified,low,Needs business and event-service verification; do not publish as approved,https://open.toronto.ca/dataset/municipal-licensing-and-standards-business-licences-and-permits/
CINELLI HAIR,Hairstylist,Hair styling,,4167692224,B56-3591792,PERSONAL SERVICES SETTINGS,2026-08-28,Business name suggests hair/salon; event services unverified,low,Needs business and event-service verification; do not publish as approved,https://open.toronto.ca/dataset/municipal-licensing-and-standards-business-licences-and-permits/
CIRILLO'S SPA & SALON INC,Hairstylist,Hair styling,,4167859032,B56-5308303,PERSONAL SERVICES SETTINGS,2026-04-17,Business name suggests hair/salon; event services unverified,low,Needs business and event-service verification; do not publish as approved,https://open.toronto.ca/dataset/municipal-licensing-and-standards-business-licences-and-permits/
CL SALON LTD,Hairstylist,Hair styling,,,B56-4747034,PERSONAL SERVICES SETTINGS,2026-01-09,Business name suggests hair/salon; event services unverified,low,Needs business and event-service verification; do not publish as approved,https://open.toronto.ca/dataset/municipal-licensing-and-standards-business-licences-and-permits/
CLAIR'S HAIR STUDIO,Hairstylist,Hair styling,,4162667800,B56-4316725,PERSONAL SERVICES SETTINGS,2026-03-20,Business name suggests hair/salon; event services unverified,low,Needs business and event-service verification; do not publish as approved,https://open.toronto.ca/dataset/municipal-licensing-and-standards-business-licences-and-permits/
CLARISSE'S HAIR BRAIDING STUDIO,Hairstylist,Hair styling,,,B56-5331324,PERSONAL SERVICES SETTINGS,2026-04-14,Business name suggests hair/salon; event services unverified,low,Needs business and event-service verification; do not publish as approved,https://open.toronto.ca/dataset/municipal-licensing-and-standards-business-licences-and-permits/
CLASSIC BEAUTY SALON,Hairstylist,Hair styling,,4162520593,B56-4178666,PERSONAL SERVICES SETTINGS,2025-12-23,Business name suggests hair/salon; event services unverified,low,Needs business and event-service verification; do not publish as approved,https://open.toronto.ca/dataset/municipal-licensing-and-standards-business-licences-and-permits/
CONCEPTS SALON & SPA,Hairstylist,Hair styling,,4169222823,B56-4532630,PERSONAL SERVICES SETTINGS,2025-12-16,Business name suggests hair/salon; event services unverified,low,Needs business and event-service verification; do not publish as approved,https://open.toronto.ca/dataset/municipal-licensing-and-standards-business-licences-and-permits/
CONRAD'S BARBER SHOP & HAIRSTYLING,Hairstylist,Hair styling,,4167510363,B56-4307094,PERSONAL SERVICES SETTINGS,2026-05-12,Business name suggests hair/salon; event services unverified,low,Needs business and event-service verification; do not publish as approved,https://open.toronto.ca/dataset/municipal-licensing-and-standards-business-licences-and-permits/
CONTINENTAL HAIR,Hairstylist,Hair styling,,4169237747,B56-3248018,PERSONAL SERVICES SETTINGS,2026-08-21,Business name suggests hair/salon; event services unverified,low,Needs business and event-service verification; do not publish as approved,https://open.toronto.ca/dataset/municipal-licensing-and-standards-business-licences-and-permits/
COONEY FOR HAIR,Hairstylist,Hair styling,,,B56-5416607,PERSONAL SERVICES SETTINGS,2026-05-26,Business name suggests hair/salon; event services unverified,low,Needs business and event-service verification; do not publish as approved,https://open.toronto.ca/dataset/municipal-licensing-and-standards-business-licences-and-permits/
COOPER MAXWELL HAIR,Hairstylist,Hair styling,,,B56-5120205,PERSONAL SERVICES SETTINGS,2026-05-29,Business name suggests hair/salon; event services unverified,low,Needs business and event-service verification; do not publish as approved,https://open.toronto.ca/dataset/municipal-licensing-and-standards-business-licences-and-permits/
CORALLO HAIR CARE CENTRE,Hairstylist,Hair styling,,,B56-0034670,PERSONAL SERVICES SETTINGS,2026-02-03,Business name suggests hair/salon; event services unverified,low,Needs business and event-service verification; do not publish as approved,https://open.toronto.ca/dataset/municipal-licensing-and-standards-business-licences-and-permits/
COSIMOS HAIRSTYLING,Hairstylist,Hair styling,,,B56-5200775,PERSONAL SERVICES SETTINGS,2026-03-06,Business name suggests hair/salon; event services unverified,low,Needs business and event-service verification; do not publish as approved,https://open.toronto.ca/dataset/municipal-licensing-and-standards-business-licences-and-permits/
COVI HAIR DESIGN & SPA,Hairstylist,Hair styling,,4164893100,B56-4656314,PERSONAL SERVICES SETTINGS,2026-07-14,Business name suggests hair/salon; event services unverified,low,Needs business and event-service verification; do not publish as approved,https://open.toronto.ca/dataset/municipal-licensing-and-standards-business-licences-and-permits/
CREATIVE CONCEPTS IN HAIR DESIGN,Hairstylist,Hair styling,,4167578708,B56-3109643,PERSONAL SERVICES SETTINGS,2026-06-19,Business name suggests hair/salon; event services unverified,low,Needs business and event-service verification; do not publish as approved,https://open.toronto.ca/dataset/municipal-licensing-and-standards-business-licences-and-permits/
CRISTAL BEAUTY SALON & SPA,Hairstylist,Hair styling,,4166213000,B56-3719111,PERSONAL SERVICES SETTINGS,2025-12-30,Business name suggests hair/salon; event services unverified,low,Needs business and event-service verification; do not publish as approved,https://open.toronto.ca/dataset/municipal-licensing-and-standards-business-licences-and-permits/
CROWN DE SALON,Hairstylist,Hair styling,,,B56-5025194,PERSONAL SERVICES SETTINGS,2026-06-05,Business name suggests hair/salon; event services unverified,low,Needs business and event-service verification; do not publish as approved,https://open.toronto.ca/dataset/municipal-licensing-and-standards-business-licences-and-permits/
CROWN OF JEWELS SALON,Hairstylist,Hair styling,,,B56-5373952,PERSONAL SERVICES SETTINGS,2025-11-21,Business name suggests hair/salon; event services unverified,low,Needs business and event-service verification; do not publish as approved,https://open.toronto.ca/dataset/municipal-licensing-and-standards-business-licences-and-permits/
CROWN REVIVAL HAIR,Hairstylist,Hair styling,,,B56-5611769,PERSONAL SERVICES SETTINGS,2026-02-24,Business name suggests hair/salon; event services unverified,low,Needs business and event-service verification; do not publish as approved,https://open.toronto.ca/dataset/municipal-licensing-and-standards-business-licences-and-permits/
CURACTIVE UNISEX HAIR & SKIN,Hairstylist,Hair styling,,4166583333,B56-4294835,PERSONAL SERVICES SETTINGS,2026-05-01,Business name suggests hair/salon; event services unverified,low,Needs business and event-service verification; do not publish as approved,https://open.toronto.ca/dataset/municipal-licensing-and-standards-business-licences-and-permits/
CURIO HAIR + BODY,Hairstylist,Hair styling,,9059478141,B56-5236198,PERSONAL SERVICES SETTINGS,2026-09-22,Business name suggests hair/salon; event services unverified,low,Needs business and event-service verification; do not publish as approved,https://open.toronto.ca/dataset/municipal-licensing-and-standards-business-licences-and-permits/
CURL BAR BEAUTY SALON,Hairstylist,Hair styling,,,B56-5444194,PERSONAL SERVICES SETTINGS,2026-06-19,Business name suggests hair/salon; event services unverified,low,Needs business and event-service verification; do not publish as approved,https://open.toronto.ca/dataset/municipal-licensing-and-standards-business-licences-and-permits/
CURLY HAIR SALON,Hairstylist,Hair styling,,4168494204,B56-4924764,PERSONAL SERVICES SETTINGS,2026-04-03,Business name suggests hair/salon; event services unverified,low,Needs business and event-service verification; do not publish as approved,https://open.toronto.ca/dataset/municipal-licensing-and-standards-business-licences-and-permits/
CUT 4 STYLE HAIR SALON,Hairstylist,Hair styling,,,B56-3106884,PERSONAL SERVICES SETTINGS,2026-02-10,Business name suggests hair/salon; event services unverified,low,Needs business and event-service verification; do not publish as approved,https://open.toronto.ca/dataset/municipal-licensing-and-standards-business-licences-and-permits/
D & E HAIR SALON,Hairstylist,Hair styling,,4165606776,B56-4965539,PERSONAL SERVICES SETTINGS,2026-07-14,Business name suggests hair/salon; event services unverified,low,Needs business and event-service verification; do not publish as approved,https://open.toronto.ca/dataset/municipal-licensing-and-standards-business-licences-and-permits/
D EMPRESS HAIR DESIGN,Hairstylist,Hair styling,,4162474343,B56-4681574,PERSONAL SERVICES SETTINGS,2025-10-21,Business name suggests hair/salon; event services unverified,low,Needs business and event-service verification; do not publish as approved,https://open.toronto.ca/dataset/municipal-licensing-and-standards-business-licences-and-permits/
D SQUARE SALON,Hairstylist,Hair styling,,4169252161,B56-4303695,PERSONAL SERVICES SETTINGS,2025-12-23,Business name suggests hair/salon; event services unverified,low,Needs business and event-service verification; do not publish as approved,https://open.toronto.ca/dataset/municipal-licensing-and-standards-business-licences-and-permits/
D&R HAIR STUDIO,Hairstylist,Hair styling,,,B56-4728893,PERSONAL SERVICES SETTINGS,2026-07-14,Business name suggests hair/salon; event services unverified,low,Needs business and event-service verification; do not publish as approved,https://open.toronto.ca/dataset/municipal-licensing-and-standards-business-licences-and-permits/
D'CUT UNISEX & FAMILY HAIR SALON,Hairstylist,Hair styling,,4167244288,B56-4981458,PERSONAL SERVICES SETTINGS,2025-11-28,Business name suggests hair/salon; event services unverified,low,Needs business and event-service verification; do not publish as approved,https://open.toronto.ca/dataset/municipal-licensing-and-standards-business-licences-and-permits/
D1 HAIR SALON,Hairstylist,Hair styling,,4162927999,B56-5342646,PERSONAL SERVICES SETTINGS,2026-05-22,Business name suggests hair/salon; event services unverified,low,Needs business and event-service verification; do not publish as approved,https://open.toronto.ca/dataset/municipal-licensing-and-standards-business-licences-and-permits/
D2E HAIR BOUTIQUE,Hairstylist,Hair styling,,4167693287,B56-4541834,PERSONAL SERVICES SETTINGS,2025-11-07,Business name suggests hair/salon; event services unverified,low,Needs business and event-service verification; do not publish as approved,https://open.toronto.ca/dataset/municipal-licensing-and-standards-business-licences-and-permits/
DA-OL HAIR STUDIO,Hairstylist,Hair styling,,,B56-5340953,PERSONAL SERVICES SETTINGS,2026-05-19,Business name suggests hair/salon; event services unverified,low,Needs business and event-service verification; do not publish as approved,https://open.toronto.ca/dataset/municipal-licensing-and-standards-business-licences-and-permits/
DAILY SALON,Hairstylist,Hair styling,,4164616099,B56-3487493,PERSONAL SERVICES SETTINGS,2026-03-20,Business name suggests hair/salon; event services unverified,low,Needs business and event-service verification; do not publish as approved,https://open.toronto.ca/dataset/municipal-licensing-and-standards-business-licences-and-permits/
DALILAH SALON AND SPA,Hairstylist,Hair styling,,6473492200,B56-4725775,PERSONAL SERVICES SETTINGS,2026-06-19,Business name suggests hair/salon; event services unverified,low,Needs business and event-service verification; do not publish as approved,https://open.toronto.ca/dataset/municipal-licensing-and-standards-business-licences-and-permits/
DANELL'S HAIR DESIGN,Hairstylist,Hair styling,,4163358889,B56-4724806,PERSONAL SERVICES SETTINGS,2026-08-11,Business name suggests hair/salon; event services unverified,low,Needs business and event-service verification; do not publish as approved,https://open.toronto.ca/dataset/municipal-licensing-and-standards-business-licences-and-permits/
DANFORTH BARBERS AND SALON,Hairstylist,Hair styling,,,B56-5659463,PERSONAL SERVICES SETTINGS,2026-08-21,Business name suggests hair/salon; event services unverified,low,Needs business and event-service verification; do not publish as approved,https://open.toronto.ca/dataset/municipal-licensing-and-standards-business-licences-and-permits/
DANI'S HAIR STUDIO,Hairstylist,Hair styling,,4167874322,B56-4180186,PERSONAL SERVICES SETTINGS,2026-02-06,Business name suggests hair/salon; event services unverified,low,Needs business and event-service verification; do not publish as approved,https://open.toronto.ca/dataset/municipal-licensing-and-standards-business-licences-and-permits/
DANIEL GUO'S HAIR SALON,Hairstylist,Hair styling,,4162929554,B56-4075124,PERSONAL SERVICES SETTINGS,2026-09-08,Business name suggests hair/salon; event services unverified,low,Needs business and event-service verification; do not publish as approved,https://open.toronto.ca/dataset/municipal-licensing-and-standards-business-licences-and-permits/
DAVID AUSTIN HAIR,Hairstylist,Hair styling,,6477006810,B56-3597793,PERSONAL SERVICES SETTINGS,2025-12-23,Business name suggests hair/salon; event services unverified,low,Needs business and event-service verification; do not publish as approved,https://open.toronto.ca/dataset/municipal-licensing-and-standards-business-licences-and-permits/
DBK SALON,Hairstylist,Hair styling,,4163831616,B56-3731529; B56-4702462,PERSONAL SERVICES SETTINGS,2026-02-20,Business name suggests hair/salon; event services unverified,low,Needs business and event-service verification; do not publish as approved,https://open.toronto.ca/dataset/municipal-licensing-and-standards-business-licences-and-permits/
DBK SALON & SPA,Hairstylist,Hair styling,,4162858988,B56-4315857,PERSONAL SERVICES SETTINGS,2025-09-23,Business name suggests hair/salon; event services unverified,low,Needs business and event-service verification; do not publish as approved,https://open.toronto.ca/dataset/municipal-licensing-and-standards-business-licences-and-permits/
DEAN SALON,Hairstylist,Hair styling,,4164837745,B56-4070044,PERSONAL SERVICES SETTINGS,2026-06-12,Business name suggests hair/salon; event services unverified,low,Needs business and event-service verification; do not publish as approved,https://open.toronto.ca/dataset/municipal-licensing-and-standards-business-licences-and-permits/
DEFRANCESCO HAIRSTYLING,Hairstylist,Hair styling,,4169642967,B56-3949774,PERSONAL SERVICES SETTINGS,2025-08-08,Business name suggests hair/salon; event services unverified,low,Needs business and event-service verification; do not publish as approved,https://open.toronto.ca/dataset/municipal-licensing-and-standards-business-licences-and-permits/
DEL MONACO HAIR STUDIO,Hairstylist,Hair styling,,4169016941,B56-55A2194,PERSONAL SERVICES SETTINGS,2025-12-02,Business name suggests hair/salon; event services unverified,low,Needs business and event-service verification; do not publish as approved,https://open.toronto.ca/dataset/municipal-licensing-and-standards-business-licences-and-permits/
DENA BEAUTY SALON,Hairstylist,Hair styling,,,B56-5408731,PERSONAL SERVICES SETTINGS,2026-01-09,Business name suggests hair/salon; event services unverified,low,Needs business and event-service verification; do not publish as approved,https://open.toronto.ca/dataset/municipal-licensing-and-standards-business-licences-and-permits/
DESMOS HAIR DESIGNS,Hairstylist,Hair styling,,,B56-4844373,PERSONAL SERVICES SETTINGS,2026-09-04,Business name suggests hair/salon; event services unverified,low,Needs business and event-service verification; do not publish as approved,https://open.toronto.ca/dataset/municipal-licensing-and-standards-business-licences-and-permits/
DESTINYS HAIR LOOK,Hairstylist,Hair styling,,4166525870,B56-5358355,PERSONAL SERVICES SETTINGS,2026-08-07,Business name suggests hair/salon; event services unverified,low,Needs business and event-service verification; do not publish as approved,https://open.toronto.ca/dataset/municipal-licensing-and-standards-business-licences-and-permits/
DEVILLE SALON,Hairstylist,Hair styling,,4167895381,B56-3123239,PERSONAL SERVICES SETTINGS,2026-03-27,Business name suggests hair/salon; event services unverified,low,Needs business and event-service verification; do not publish as approved,https://open.toronto.ca/dataset/municipal-licensing-and-standards-business-licences-and-permits/
DF HAIR & SKIN CARE SALON,Hairstylist,Hair styling,,,B56-5570311,PERSONAL SERVICES SETTINGS,2026-06-12,Business name suggests hair/salon; event services unverified,low,Needs business and event-service verification; do not publish as approved,https://open.toronto.ca/dataset/municipal-licensing-and-standards-business-licences-and-permits/
DIANA BEAUTY SALON,Hairstylist,Hair styling,,4164395002,B56-5511637,PERSONAL SERVICES SETTINGS,2026-02-17,Business name suggests hair/salon; event services unverified,low,Needs business and event-service verification; do not publish as approved,https://open.toronto.ca/dataset/municipal-licensing-and-standards-business-licences-and-permits/
DIANA'S NAILS SALON,Hairstylist,Hair styling,,4162443521,B56-4537861,PERSONAL SERVICES SETTINGS,2026-05-22,Business name suggests hair/salon; event services unverified,low,Needs business and event-service verification; do not publish as approved,https://open.toronto.ca/dataset/municipal-licensing-and-standards-business-licences-and-permits/
DINA'S HAIR DESIGN,Hairstylist,Hair styling,,4167850316,B56-0036949,PERSONAL SERVICES SETTINGS,2025-12-19,Business name suggests hair/salon; event services unverified,low,Needs business and event-service verification; do not publish as approved,https://open.toronto.ca/dataset/municipal-licensing-and-standards-business-licences-and-permits/
DIVA DESIGNS HAIR STUDIO,Hairstylist,Hair styling,,6476681685,B56-5501794,PERSONAL SERVICES SETTINGS,2026-02-03,Business name suggests hair/salon; event services unverified,low,Needs business and event-service verification; do not publish as approved,https://open.toronto.ca/dataset/municipal-licensing-and-standards-business-licences-and-permits/
DIVINE HAIRDRESSER & BARBING SALON INC,Hairstylist,Hair styling,,,B56-5503329,PERSONAL SERVICES SETTINGS,2026-01-13,Business name suggests hair/salon; event services unverified,low,Needs business and event-service verification; do not publish as approved,https://open.toronto.ca/dataset/municipal-licensing-and-standards-business-licences-and-permits/
DK NAILS & HAIR,Hairstylist,Hair styling,,4165319181,B56-4851433,PERSONAL SERVICES SETTINGS,2026-06-19,Business name suggests hair/salon; event services unverified,low,Needs business and event-service verification; do not publish as approved,https://open.toronto.ca/dataset/municipal-licensing-and-standards-business-licences-and-permits/
DOME HAIR STUDIO,Hairstylist,Hair styling,,4168714606,B56-5579269,PERSONAL SERVICES SETTINGS,2026-07-10,Business name suggests hair/salon; event services unverified,low,Needs business and event-service verification; do not publish as approved,https://open.toronto.ca/dataset/municipal-licensing-and-standards-business-licences-and-permits/
DOMY'S HAIR SALON AND SPA,Hairstylist,Hair styling,,,B56-4316942,PERSONAL SERVICES SETTINGS,2025-11-28,Business name suggests hair/salon; event services unverified,low,Needs business and event-service verification; do not publish as approved,https://open.toronto.ca/dataset/municipal-licensing-and-standards-business-licences-and-permits/
DOROTA HAIR DESIGN,Hairstylist,Hair styling,,4165374823,B56-5303256,PERSONAL SERVICES SETTINGS,2025-12-19,Business name suggests hair/salon; event services unverified,low,Needs business and event-service verification; do not publish as approved,https://open.toronto.ca/dataset/municipal-licensing-and-standards-business-licences-and-permits/
DRAGAN HAIR DESIGN,Hairstylist,Hair styling,,6474308598,B56-5343016,PERSONAL SERVICES SETTINGS,2026-07-14,Business name suggests hair/salon; event services unverified,low,Needs business and event-service verification; do not publish as approved,https://open.toronto.ca/dataset/municipal-licensing-and-standards-business-licences-and-permits/
DREAM CUTS HAIR SALON,Hairstylist,Hair styling,,4164066375,B56-4980470,PERSONAL SERVICES SETTINGS,2025-10-31,Business name suggests hair/salon; event services unverified,low,Needs business and event-service verification; do not publish as approved,https://open.toronto.ca/dataset/municipal-licensing-and-standards-business-licences-and-permits/
DREAMLAND HAIR SALON,Hairstylist,Hair styling,,4165973990,B56-3845990,PERSONAL SERVICES SETTINGS,2026-01-13,Business name suggests hair/salon; event services unverified,low,Needs business and event-service verification; do not publish as approved,https://open.toronto.ca/dataset/municipal-licensing-and-standards-business-licences-and-permits/
DUONG ANH HAIR SALON,Hairstylist,Hair styling,,6473459055,B56-5218622,PERSONAL SERVICES SETTINGS,2026-07-14,Business name suggests hair/salon; event services unverified,low,Needs business and event-service verification; do not publish as approved,https://open.toronto.ca/dataset/municipal-licensing-and-standards-business-licences-and-permits/
DURANGOS BEAUTY SALON,Hairstylist,Hair styling,,4166523269,B56-4537988,PERSONAL SERVICES SETTINGS,2025-10-24,Business name suggests hair/salon; event services unverified,low,Needs business and event-service verification; do not publish as approved,https://open.toronto.ca/dataset/municipal-licensing-and-standards-business-licences-and-permits/
E & R HAIR SALON,Hairstylist,Hair styling,,,B56-5227101,PERSONAL SERVICES SETTINGS,2025-09-02,Business name suggests hair/salon; event services unverified,low,Needs business and event-service verification; do not publish as approved,https://open.toronto.ca/dataset/municipal-licensing-and-standards-business-licences-and-permits/
EARTH SALON,Hairstylist,Hair styling,,,B56-5340914,PERSONAL SERVICES SETTINGS,2025-10-03,Business name suggests hair/salon; event services unverified,low,Needs business and event-service verification; do not publish as approved,https://open.toronto.ca/dataset/municipal-licensing-and-standards-business-licences-and-permits/
EASY HAIR SALON,Hairstylist,Hair styling,,4164121849,B56-3841518,PERSONAL SERVICES SETTINGS,2026-07-14,Business name suggests hair/salon; event services unverified,low,Needs business and event-service verification; do not publish as approved,https://open.toronto.ca/dataset/municipal-licensing-and-standards-business-licences-and-permits/
EC HAIR FORM,Hairstylist,Hair styling,,4167856423,B56-4924480,PERSONAL SERVICES SETTINGS,2026-03-06,Business name suggests hair/salon; event services unverified,low,Needs business and event-service verification; do not publish as approved,https://open.toronto.ca/dataset/municipal-licensing-and-standards-business-licences-and-permits/
ECLIPSE BEAUTY SALON,Hairstylist,Hair styling,,4165516562,B56-4919978,PERSONAL SERVICES SETTINGS,2026-03-10,Business name suggests hair/salon; event services unverified,low,Needs business and event-service verification; do not publish as approved,https://open.toronto.ca/dataset/municipal-licensing-and-standards-business-licences-and-permits/
EDA'S HAIR SALON,Hairstylist,Hair styling,,,B56-3368248,PERSONAL SERVICES SETTINGS,2026-09-04,Business name suggests hair/salon; event services unverified,low,Needs business and event-service verification; do not publish as approved,https://open.toronto.ca/dataset/municipal-licensing-and-standards-business-licences-and-permits/
EDI'S SIGNATURE HAIR,Hairstylist,Hair styling,,,B56-5623962,PERSONAL SERVICES SETTINGS,2026-04-17,Business name suggests hair/salon; event services unverified,low,Needs business and event-service verification; do not publish as approved,https://open.toronto.ca/dataset/municipal-licensing-and-standards-business-licences-and-permits/
EDWIN HAIR SALON,Hairstylist,Hair styling,,4162976088,B56-3104081,PERSONAL SERVICES SETTINGS,2025-12-23,Business name suggests hair/salon; event services unverified,low,Needs business and event-service verification; do not publish as approved,https://open.toronto.ca/dataset/municipal-licensing-and-standards-business-licences-and-permits/
EE HAIR SALON,Hairstylist,Hair styling,,,B56-5203034; B56-5363702,PERSONAL SERVICES SETTINGS,2026-08-25,Business name suggests hair/salon; event services unverified,low,Needs business and event-service verification; do not publish as approved,https://open.toronto.ca/dataset/municipal-licensing-and-standards-business-licences-and-permits/
EFX SALON & SPA,Hairstylist,Hair styling,,4162459333,B56-3610529,PERSONAL SERVICES SETTINGS,2026-09-01,Business name suggests hair/salon; event services unverified,low,Needs business and event-service verification; do not publish as approved,https://open.toronto.ca/dataset/municipal-licensing-and-standards-business-licences-and-permits/
ELEGANCE BARBER SALON AND SPA,Hairstylist,Hair styling,,,B56-5541844; B56-5541848,PERSONAL SERVICES SETTINGS,2026-05-29,Business name suggests hair/salon; event services unverified,low,Needs business and event-service verification; do not publish as approved,https://open.toronto.ca/dataset/municipal-licensing-and-standards-business-licences-and-permits/
ELEGANT HAIR SALON,Hairstylist,Hair styling,,4167929333,B56-4186822,PERSONAL SERVICES SETTINGS,2026-09-25,Business name suggests hair/salon; event services unverified,low,Needs business and event-service verification; do not publish as approved,https://open.toronto.ca/dataset/municipal-licensing-and-standards-business-licences-and-permits/
ELEGANT UNISEX BEAUTY SALON,Hairstylist,Hair styling,,,B56-5487704,PERSONAL SERVICES SETTINGS,2025-12-05,Business name suggests hair/salon; event services unverified,low,Needs business and event-service verification; do not publish as approved,https://open.toronto.ca/dataset/municipal-licensing-and-standards-business-licences-and-permits/
ELEGANZA HAIR SALON AND SPA,Hairstylist,Hair styling,,4167400972,B56-4068386,PERSONAL SERVICES SETTINGS,2026-09-11,Business name suggests hair/salon; event services unverified,low,Needs business and event-service verification; do not publish as approved,https://open.toronto.ca/dataset/municipal-licensing-and-standards-business-licences-and-permits/
ELEMENTS HAIR DESIGN,Hairstylist,Hair styling,,4164670021,B56-4532680,PERSONAL SERVICES SETTINGS,2026-03-03,Business name suggests hair/salon; event services unverified,low,Needs business and event-service verification; do not publish as approved,https://open.toronto.ca/dataset/municipal-licensing-and-standards-business-licences-and-permits/
ELENA BEAUTY SALON,Hairstylist,Hair styling,,4166587124,B56-3955182,PERSONAL SERVICES SETTINGS,2026-09-22,Business name suggests hair/salon; event services unverified,low,Needs business and event-service verification; do not publish as approved,https://open.toronto.ca/dataset/municipal-licensing-and-standards-business-licences-and-permits/
ELI'S SALON,Hairstylist,Hair styling,,4168287146,B56-4851423; B56-5144728,PERSONAL SERVICES SETTINGS,2026-05-29,Business name suggests hair/salon; event services unverified,low,Needs business and event-service verification; do not publish as approved,https://open.toronto.ca/dataset/municipal-licensing-and-standards-business-licences-and-permits/
ELITE BARBERSHOP AND SALON,Hairstylist,Hair styling,,,B56-5371396,PERSONAL SERVICES SETTINGS,2025-10-24,Business name suggests hair/salon; event services unverified,low,Needs business and event-service verification; do not publish as approved,https://open.toronto.ca/dataset/municipal-licensing-and-standards-business-licences-and-permits/
ELITE CUTS BARBERSHOP & SALON,Hairstylist,Hair styling,,,B56-5558219,PERSONAL SERVICES SETTINGS,2026-06-19,Business name suggests hair/salon; event services unverified,low,Needs business and event-service verification; do not publish as approved,https://open.toronto.ca/dataset/municipal-licensing-and-standards-business-licences-and-permits/
ELITE HAIR CREATIONS,Hairstylist,Hair styling,,4167541964,B56-3597215,PERSONAL SERVICES SETTINGS,2026-08-11,Business name suggests hair/salon; event services unverified,low,Needs business and event-service verification; do not publish as approved,https://open.toronto.ca/dataset/municipal-licensing-and-standards-business-licences-and-permits/
ELLA BEAUTY SALON,Hairstylist,Hair styling,,,B56-5470901,PERSONAL SERVICES SETTINGS,2025-09-16,Business name suggests hair/salon; event services unverified,low,Needs business and event-service verification; do not publish as approved,https://open.toronto.ca/dataset/municipal-licensing-and-standards-business-licences-and-permits/
ELLE HAIR STUDIO,Hairstylist,Hair styling,,,B56-5465126,PERSONAL SERVICES SETTINGS,2026-08-04,Business name suggests hair/salon; event services unverified,low,Needs business and event-service verification; do not publish as approved,https://open.toronto.ca/dataset/municipal-licensing-and-standards-business-licences-and-permits/
ELLIE SALON,Hairstylist,Hair styling,,,B56-5008787,PERSONAL SERVICES SETTINGS,2026-05-15,Business name suggests hair/salon; event services unverified,low,Needs business and event-service verification; do not publish as approved,https://open.toronto.ca/dataset/municipal-licensing-and-standards-business-licences-and-permits/
EMBU HAIR,Hairstylist,Hair styling,,4162337272,B56-4539668; B56-4953896,PERSONAL SERVICES SETTINGS,2026-07-24,Business name suggests hair/salon; event services unverified,low,Needs business and event-service verification; do not publish as approved,https://open.toronto.ca/dataset/municipal-licensing-and-standards-business-licences-and-permits/
EMELY'S HAIR SALON AND BARBERSHOP,Hairstylist,Hair styling,,,B56-5466281,PERSONAL SERVICES SETTINGS,2025-11-07,Business name suggests hair/salon; event services unverified,low,Needs business and event-service verification; do not publish as approved,https://open.toronto.ca/dataset/municipal-licensing-and-standards-business-licences-and-permits/
EMERALD HAIR AND BEAUTY,Hairstylist,Hair styling,,,B56-4976568,PERSONAL SERVICES SETTINGS,2025-11-20,Business name suggests hair/salon; event services unverified,low,Needs business and event-service verification; do not publish as approved,https://open.toronto.ca/dataset/municipal-licensing-and-standards-business-licences-and-permits/
EN.R.G HAIR & SKIN STUDIO,Hairstylist,Hair styling,,9053702093,B56-4310952,PERSONAL SERVICES SETTINGS,2025-08-22,Business name suggests hair/salon; event services unverified,low,Needs business and event-service verification; do not publish as approved,https://open.toronto.ca/dataset/municipal-licensing-and-standards-business-licences-and-permits/
ENERGY HAIR SALON,Hairstylist,Hair styling,,,B56-5363828,PERSONAL SERVICES SETTINGS,2026-09-01,Business name suggests hair/salon; event services unverified,low,Needs business and event-service verification; do not publish as approved,https://open.toronto.ca/dataset/municipal-licensing-and-standards-business-licences-and-permits/
ENVIIRI SALON,Hairstylist,Hair styling,,,B56-5207865,PERSONAL SERVICES SETTINGS,2026-05-15,Business name suggests hair/salon; event services unverified,low,Needs business and event-service verification; do not publish as approved,https://open.toronto.ca/dataset/municipal-licensing-and-standards-business-licences-and-permits/
ENVY BEAUTY SALON & SPA,Hairstylist,Hair styling,,4167405231,B56-4863679,PERSONAL SERVICES SETTINGS,2025-11-14,Business name suggests hair/salon; event services unverified,low,Needs business and event-service verification; do not publish as approved,https://open.toronto.ca/dataset/municipal-licensing-and-standards-business-licences-and-permits/
EPHESON BEAUTY SALON,Hairstylist,Hair styling,,,B56-5218485,PERSONAL SERVICES SETTINGS,2026-08-24,Business name suggests hair/salon; event services unverified,low,Needs business and event-service verification; do not publish as approved,https://open.toronto.ca/dataset/municipal-licensing-and-standards-business-licences-and-permits/
EPIC HAIR SALON,Hairstylist,Hair styling,,4167557714,B56-3364320,PERSONAL SERVICES SETTINGS,2026-09-15,Business name suggests hair/salon; event services unverified,low,Needs business and event-service verification; do not publish as approved,https://open.toronto.ca/dataset/municipal-licensing-and-standards-business-licences-and-permits/
EPOCA HAIR GROUP,Hairstylist,Hair styling,,,B56-5367401,PERSONAL SERVICES SETTINGS,2025-10-31,Business name suggests hair/salon; event services unverified,low,Needs business and event-service verification; do not publish as approved,https://open.toronto.ca/dataset/municipal-licensing-and-standards-business-licences-and-permits/
ESQUIRE MEN'S HAIRSTYLING,Hairstylist,Hair styling,,4164994541,B56-4073891,PERSONAL SERVICES SETTINGS,2026-09-02,Business name suggests hair/salon; event services unverified,low,Needs business and event-service verification; do not publish as approved,https://open.toronto.ca/dataset/municipal-licensing-and-standards-business-licences-and-permits/
ESSENCE HAIR AND SKIN CARE,Hairstylist,Hair styling,,4168508221,B56-5406489,PERSONAL SERVICES SETTINGS,2026-03-27,Business name suggests hair/salon; event services unverified,low,Needs business and event-service verification; do not publish as approved,https://open.toronto.ca/dataset/municipal-licensing-and-standards-business-licences-and-permits/
ESTEEM BEAUTY SALON,Hairstylist,Hair styling,,,B56-5018649,PERSONAL SERVICES SETTINGS,2026-03-16,Business name suggests hair/salon; event services unverified,low,Needs business and event-service verification; do not publish as approved,https://open.toronto.ca/dataset/municipal-licensing-and-standards-business-licences-and-permits/
ESTILLO SALON,Hairstylist,Hair styling,,6478649091,B56-4986823,PERSONAL SERVICES SETTINGS,2025-10-31,Business name suggests hair/salon; event services unverified,low,Needs business and event-service verification; do not publish as approved,https://open.toronto.ca/dataset/municipal-licensing-and-standards-business-licences-and-permits/
ETE SALON,Hairstylist,Hair styling,,4169279634,B56-4692541,PERSONAL SERVICES SETTINGS,2026-02-03,Business name suggests hair/salon; event services unverified,low,Needs business and event-service verification; do not publish as approved,https://open.toronto.ca/dataset/municipal-licensing-and-standards-business-licences-and-permits/
ETERNAL BEAUTY SALON & SPA,Hairstylist,Hair styling,,,B56-5483346,PERSONAL SERVICES SETTINGS,2025-11-21,Business name suggests hair/salon; event services unverified,low,Needs business and event-service verification; do not publish as approved,https://open.toronto.ca/dataset/municipal-licensing-and-standards-business-licences-and-permits/
ETERNITY HAIR & SPA,Hairstylist,Hair styling,,4162309492,B56-3595125,PERSONAL SERVICES SETTINGS,2026-05-05,Business name suggests hair/salon; event services unverified,low,Needs business and event-service verification; do not publish as approved,https://open.toronto.ca/dataset/municipal-licensing-and-standards-business-licences-and-permits/
EV2 SALON,Hairstylist,Hair styling,,,B56-5363494,PERSONAL SERVICES SETTINGS,2025-10-24,Business name suggests hair/salon; event services unverified,low,Needs business and event-service verification; do not publish as approved,https://open.toronto.ca/dataset/municipal-licensing-and-standards-business-licences-and-permits/
EVASOULA SALON,Hairstylist,Hair styling,,4167203454,B56-5024280,PERSONAL SERVICES SETTINGS,2026-07-28,Business name suggests hair/salon; event services unverified,low,Needs business and event-service verification; do not publish as approved,https://open.toronto.ca/dataset/municipal-licensing-and-standards-business-licences-and-permits/
EVE'S BEAUTY SALON,Hairstylist,Hair styling,,4162661263,B56-5009433,PERSONAL SERVICES SETTINGS,2026-03-17,Business name suggests hair/salon; event services unverified,low,Needs business and event-service verification; do not publish as approved,https://open.toronto.ca/dataset/municipal-licensing-and-standards-business-licences-and-permits/
EVEREST NAIL SALON,Hairstylist,Hair styling,,4165983134,B56-4536824,PERSONAL SERVICES SETTINGS,2026-08-07,Business name suggests hair/salon; event services unverified,low,Needs business and event-service verification; do not publish as approved,https://open.toronto.ca/dataset/municipal-licensing-and-standards-business-licences-and-permits/
EVOKE SALON,Hairstylist,Hair styling,,4167664247,B56-4901149,PERSONAL SERVICES SETTINGS,2026-03-13,Business name suggests hair/salon; event services unverified,low,Needs business and event-service verification; do not publish as approved,https://open.toronto.ca/dataset/municipal-licensing-and-standards-business-licences-and-permits/
EVOLVE HAIR STUDIO,Hairstylist,Hair styling,,6473457049,B56-4733343,PERSONAL SERVICES SETTINGS,2026-07-17,Business name suggests hair/salon; event services unverified,low,Needs business and event-service verification; do not publish as approved,https://open.toronto.ca/dataset/municipal-licensing-and-standards-business-licences-and-permits/
EXCEL NAIL SALON,Hairstylist,Hair styling,,4166305998,B56-5129060,PERSONAL SERVICES SETTINGS,2026-09-11,Business name suggests hair/salon; event services unverified,low,Needs business and event-service verification; do not publish as approved,https://open.toronto.ca/dataset/municipal-licensing-and-standards-business-licences-and-permits/
F & F SALON,Hairstylist,Hair styling,,4162191899,B56-4880800,PERSONAL SERVICES SETTINGS,2025-10-03,Business name suggests hair/salon; event services unverified,low,Needs business and event-service verification; do not publish as approved,https://open.toronto.ca/dataset/municipal-licensing-and-standards-business-licences-and-permits/
FAB. HAIR & NAILS,Hairstylist,Hair styling,,,B56-4417385,PERSONAL SERVICES SETTINGS,2025-12-23,Business name suggests hair/salon; event services unverified,low,Needs business and event-service verification; do not publish as approved,https://open.toronto.ca/dataset/municipal-licensing-and-standards-business-licences-and-permits/
FABIANS UNISEX SALON,Hairstylist,Hair styling,,4167983034,B56-3244027,PERSONAL SERVICES SETTINGS,2026-06-15,Business name suggests hair/salon; event services unverified,low,Needs business and event-service verification; do not publish as approved,https://open.toronto.ca/dataset/municipal-licensing-and-standards-business-licences-and-permits/
FADE & STYLE SALON,Hairstylist,Hair styling,,,B56-5322108,PERSONAL SERVICES SETTINGS,2026-04-16,Business name suggests hair/salon; event services unverified,low,Needs business and event-service verification; do not publish as approved,https://open.toronto.ca/dataset/municipal-licensing-and-standards-business-licences-and-permits/
FALLICO HAIR & SPA,Hairstylist,Hair styling,,,B56-5308513,PERSONAL SERVICES SETTINGS,2026-01-02,Business name suggests hair/salon; event services unverified,low,Needs business and event-service verification; do not publish as approved,https://open.toronto.ca/dataset/municipal-licensing-and-standards-business-licences-and-permits/
FAMILY HAIR & NAIL STUDIO,Hairstylist,Hair styling,,,B56-5220080,PERSONAL SERVICES SETTINGS,2026-07-21,Business name suggests hair/salon; event services unverified,low,Needs business and event-service verification; do not publish as approved,https://open.toronto.ca/dataset/municipal-licensing-and-standards-business-licences-and-permits/
FAMILY NAILS & HAIR SALON,Hairstylist,Hair styling,,4165512299,B56-4946106,PERSONAL SERVICES SETTINGS,2026-07-14,Business name suggests hair/salon; event services unverified,low,Needs business and event-service verification; do not publish as approved,https://open.toronto.ca/dataset/municipal-licensing-and-standards-business-licences-and-permits/
FASHION HAIR CULTURE,Hairstylist,Hair styling,,4162059998,B56-4700570,PERSONAL SERVICES SETTINGS,2026-01-09,Business name suggests hair/salon; event services unverified,low,Needs business and event-service verification; do not publish as approved,https://open.toronto.ca/dataset/municipal-licensing-and-standards-business-licences-and-permits/
FEDORA SALON & SPA,Hairstylist,Hair styling,,4162142224,B56-4532215,PERSONAL SERVICES SETTINGS,2025-12-22,Business name suggests hair/salon; event services unverified,low,Needs business and event-service verification; do not publish as approved,https://open.toronto.ca/dataset/municipal-licensing-and-standards-business-licences-and-permits/
FIFTEEN TWELVE SALON,Hairstylist,Hair styling,,,B56-5134031,PERSONAL SERVICES SETTINGS,2026-09-18,Business name suggests hair/salon; event services unverified,low,Needs business and event-service verification; do not publish as approved,https://open.toronto.ca/dataset/municipal-licensing-and-standards-business-licences-and-permits/
FIGARO HAIR AND BEAUTY SALON,Hairstylist,Hair styling,,4169136533,B56-4422206,PERSONAL SERVICES SETTINGS,2026-05-19,Business name suggests hair/salon; event services unverified,low,Needs business and event-service verification; do not publish as approved,https://open.toronto.ca/dataset/municipal-licensing-and-standards-business-licences-and-permits/
FILA SALON,Hairstylist,Hair styling,,4169623949,B56-3238232,PERSONAL SERVICES SETTINGS,2026-01-16,Business name suggests hair/salon; event services unverified,low,Needs business and event-service verification; do not publish as approved,https://open.toronto.ca/dataset/municipal-licensing-and-standards-business-licences-and-permits/
FIRST IMPRESSION HAIR STUDIO,Hairstylist,Hair styling,,,B56-2903871,PERSONAL SERVICES SETTINGS,2026-01-23,Business name suggests hair/salon; event services unverified,low,Needs business and event-service verification; do not publish as approved,https://open.toronto.ca/dataset/municipal-licensing-and-standards-business-licences-and-permits/
FIVE STAR BARBER SHOP AND BEAUTY SALON,Hairstylist,Hair styling,,,B56-4310459,PERSONAL SERVICES SETTINGS,2026-07-13,Business name suggests hair/salon; event services unverified,low,Needs business and event-service verification; do not publish as approved,https://open.toronto.ca/dataset/municipal-licensing-and-standards-business-licences-and-permits/
FL'HAIR,Hairstylist,Hair styling,,4162316171,B56-4977641,PERSONAL SERVICES SETTINGS,2025-09-05,Business name suggests hair/salon; event services unverified,low,Needs business and event-service verification; do not publish as approved,https://open.toronto.ca/dataset/municipal-licensing-and-standards-business-licences-and-permits/
FLIIS HAIR BOUTIQUE,Hairstylist,Hair styling,,,B56-55A7066,PERSONAL SERVICES SETTINGS,2025-12-15,Business name suggests hair/salon; event services unverified,low,Needs business and event-service verification; do not publish as approved,https://open.toronto.ca/dataset/municipal-licensing-and-standards-business-licences-and-permits/
FLOKA HAIR SALON,Hairstylist,Hair styling,,4164800880,B56-5200480,PERSONAL SERVICES SETTINGS,2025-12-19,Business name suggests hair/salon; event services unverified,low,Needs business and event-service verification; do not publish as approved,https://open.toronto.ca/dataset/municipal-licensing-and-standards-business-licences-and-permits/
FLORIANA HAIR SALON,Hairstylist,Hair styling,,4162436060,B56-4065650,PERSONAL SERVICES SETTINGS,2026-01-13,Business name suggests hair/salon; event services unverified,low,Needs business and event-service verification; do not publish as approved,https://open.toronto.ca/dataset/municipal-licensing-and-standards-business-licences-and-permits/
FOLINO HAIR SALON,Hairstylist,Hair styling,,4166213782,B56-4531914,PERSONAL SERVICES SETTINGS,2026-02-10,Business name suggests hair/salon; event services unverified,low,Needs business and event-service verification; do not publish as approved,https://open.toronto.ca/dataset/municipal-licensing-and-standards-business-licences-and-permits/
FOLLIKILL PERMANENT HAIR REMOVAL,Hairstylist,Hair styling,,,B56-5526384,PERSONAL SERVICES SETTINGS,2026-02-24,Business name suggests hair/salon; event services unverified,low,Needs business and event-service verification; do not publish as approved,https://open.toronto.ca/dataset/municipal-licensing-and-standards-business-licences-and-permits/
FOREVER YOUNG HAIR CARE GROUP,Hairstylist,Hair styling,,,B56-5601631,PERSONAL SERVICES SETTINGS,2026-01-27,Business name suggests hair/salon; event services unverified,low,Needs business and event-service verification; do not publish as approved,https://open.toronto.ca/dataset/municipal-licensing-and-standards-business-licences-and-permits/
FOUR SEASON'S UNISEX HAIR STYLING,Hairstylist,Hair styling,,4167410577,B56-3951824,PERSONAL SERVICES SETTINGS,2026-06-16,Business name suggests hair/salon; event services unverified,low,Needs business and event-service verification; do not publish as approved,https://open.toronto.ca/dataset/municipal-licensing-and-standards-business-licences-and-permits/
FRAN & CO SALON AND SPA,Hairstylist,Hair styling,,4169203110,B56-4932355,PERSONAL SERVICES SETTINGS,2026-03-06,Business name suggests hair/salon; event services unverified,low,Needs business and event-service verification; do not publish as approved,https://open.toronto.ca/dataset/municipal-licensing-and-standards-business-licences-and-permits/
FRAN FERREIRA HAIR SALON,Hairstylist,Hair styling,,,B56-5566283,PERSONAL SERVICES SETTINGS,2026-05-12,Business name suggests hair/salon; event services unverified,low,Needs business and event-service verification; do not publish as approved,https://open.toronto.ca/dataset/municipal-licensing-and-standards-business-licences-and-permits/
FRANCESCA SALON & SPA,Hairstylist,Hair styling,,4164814966,B56-0235407,PERSONAL SERVICES SETTINGS,2025-12-12,Business name suggests hair/salon; event services unverified,low,Needs business and event-service verification; do not publish as approved,https://open.toronto.ca/dataset/municipal-licensing-and-standards-business-licences-and-permits/
FREINDS SALON AND SPA,Hairstylist,Hair styling,,4165310600,B56-5216325,PERSONAL SERVICES SETTINGS,2026-07-24,Business name suggests hair/salon; event services unverified,low,Needs business and event-service verification; do not publish as approved,https://open.toronto.ca/dataset/municipal-licensing-and-standards-business-licences-and-permits/
FRENA BEAUTY SALON & SUPPLIES,Hairstylist,Hair styling,,4165360488,B56-5311351,PERSONAL SERVICES SETTINGS,2025-12-23,Business name suggests hair/salon; event services unverified,low,Needs business and event-service verification; do not publish as approved,https://open.toronto.ca/dataset/municipal-licensing-and-standards-business-licences-and-permits/
FROM M TOKYO NAIL SALON,Hairstylist,Hair styling,,,B56-5300065,PERSONAL SERVICES SETTINGS,2025-12-23,Business name suggests hair/salon; event services unverified,low,Needs business and event-service verification; do not publish as approved,https://open.toronto.ca/dataset/municipal-licensing-and-standards-business-licences-and-permits/
FUSCA SALON,Hairstylist,Hair styling,,4169221655,B56-3596626,PERSONAL SERVICES SETTINGS,2026-05-19,Business name suggests hair/salon; event services unverified,low,Needs business and event-service verification; do not publish as approved,https://open.toronto.ca/dataset/municipal-licensing-and-standards-business-licences-and-permits/
FUSION HAIR LOUNGE,Hairstylist,Hair styling,,4166786244,B56-4541314,PERSONAL SERVICES SETTINGS,2026-09-15,Business name suggests hair/salon; event services unverified,low,Needs business and event-service verification; do not publish as approved,https://open.toronto.ca/dataset/municipal-licensing-and-standards-business-licences-and-permits/
FYF HAIR STUDIO,Hairstylist,Hair styling,,,B56-5615663,PERSONAL SERVICES SETTINGS,2026-04-21,Business name suggests hair/salon; event services unverified,low,Needs business and event-service verification; do not publish as approved,https://open.toronto.ca/dataset/municipal-licensing-and-standards-business-licences-and-permits/
G & R BARBER SHOP AND HAIR STYLING FOR MEN,Hairstylist,Hair styling,,,B56-0227267,PERSONAL SERVICES SETTINGS,2025-09-30,Business name suggests hair/salon; event services unverified,low,Needs business and event-service verification; do not publish as approved,https://open.toronto.ca/dataset/municipal-licensing-and-standards-business-licences-and-permits/
G-STYLE HAIR SALON,Hairstylist,Hair styling,,6477270500,B56-5515386,PERSONAL SERVICES SETTINGS,2026-01-27,Business name suggests hair/salon; event services unverified,low,Needs business and event-service verification; do not publish as approved,https://open.toronto.ca/dataset/municipal-licensing-and-standards-business-licences-and-permits/
GABY'S HAIR SALON & BARBERSHOP,Hairstylist,Hair styling,,,B56-5403724,PERSONAL SERVICES SETTINGS,2026-01-23,Business name suggests hair/salon; event services unverified,low,Needs business and event-service verification; do not publish as approved,https://open.toronto.ca/dataset/municipal-licensing-and-standards-business-licences-and-permits/
GALAXY SALON,Hairstylist,Hair styling,,,B56-4829283,PERSONAL SERVICES SETTINGS,2026-06-30,Business name suggests hair/salon; event services unverified,low,Needs business and event-service verification; do not publish as approved,https://open.toronto.ca/dataset/municipal-licensing-and-standards-business-licences-and-permits/
GAME ON HAIR LOUNGE,Hairstylist,Hair styling,,,B56-5648652,PERSONAL SERVICES SETTINGS,2026-07-07,Business name suggests hair/salon; event services unverified,low,Needs business and event-service verification; do not publish as approved,https://open.toronto.ca/dataset/municipal-licensing-and-standards-business-licences-and-permits/
GAO HAIR SALON,Hairstylist,Hair styling,,6473441587,B56-3114912,PERSONAL SERVICES SETTINGS,2026-09-08,Business name suggests hair/salon; event services unverified,low,Needs business and event-service verification; do not publish as approved,https://open.toronto.ca/dataset/municipal-licensing-and-standards-business-licences-and-permits/
GARY'S BARBERSHOP AND BEAUTY SALON,Hairstylist,Hair styling,,,B56-5237527,PERSONAL SERVICES SETTINGS,2026-01-14,Business name suggests hair/salon; event services unverified,low,Needs business and event-service verification; do not publish as approved,https://open.toronto.ca/dataset/municipal-licensing-and-standards-business-licences-and-permits/
GATSBY STUDIO SALON & SPA,Hairstylist,Hair styling,,4164920008,B56-5011040,PERSONAL SERVICES SETTINGS,2026-04-30,Business name suggests hair/salon; event services unverified,low,Needs business and event-service verification; do not publish as approved,https://open.toronto.ca/dataset/municipal-licensing-and-standards-business-licences-and-permits/
GATSBY STUDIO SALON AND SPA (STC),Hairstylist,Hair styling,,,B56-5602119,PERSONAL SERVICES SETTINGS,2026-01-09,Business name suggests hair/salon; event services unverified,low,Needs business and event-service verification; do not publish as approved,https://open.toronto.ca/dataset/municipal-licensing-and-standards-business-licences-and-permits/
GEM HAIR STUDIO & SPA,Hairstylist,Hair styling,,4165164949,B56-4180910,PERSONAL SERVICES SETTINGS,2026-04-17,Business name suggests hair/salon; event services unverified,low,Needs business and event-service verification; do not publish as approved,https://open.toronto.ca/dataset/municipal-licensing-and-standards-business-licences-and-permits/
GENESIS SPA AND SALON,Hairstylist,Hair styling,,4166934141,B56-5207859,PERSONAL SERVICES SETTINGS,2026-05-15,Business name suggests hair/salon; event services unverified,low,Needs business and event-service verification; do not publish as approved,https://open.toronto.ca/dataset/municipal-licensing-and-standards-business-licences-and-permits/
GENTAIRE HAIR,Hairstylist,Hair styling,,4169255596,B56-3618482,PERSONAL SERVICES SETTINGS,2025-12-30,Business name suggests hair/salon; event services unverified,low,Needs business and event-service verification; do not publish as approved,https://open.toronto.ca/dataset/municipal-licensing-and-standards-business-licences-and-permits/
GENTS BARBERSHOP HAIR CUTS AND SHAVES,Hairstylist,Hair styling,,,B56-5364042,PERSONAL SERVICES SETTINGS,2026-09-15,Business name suggests hair/salon; event services unverified,low,Needs business and event-service verification; do not publish as approved,https://open.toronto.ca/dataset/municipal-licensing-and-standards-business-licences-and-permits/
GIGI B SALON,Hairstylist,Hair styling,,,B56-5631600,PERSONAL SERVICES SETTINGS,2026-05-12,Business name suggests hair/salon; event services unverified,low,Needs business and event-service verification; do not publish as approved,https://open.toronto.ca/dataset/municipal-licensing-and-standards-business-licences-and-permits/
GILLA SALON AND SPA,Hairstylist,Hair styling,,4169270007,B56-4914771,PERSONAL SERVICES SETTINGS,2026-02-27,Business name suggests hair/salon; event services unverified,low,Needs business and event-service verification; do not publish as approved,https://open.toronto.ca/dataset/municipal-licensing-and-standards-business-licences-and-permits/
GLAMOUR CUTS HAIR DESIGN,Hairstylist,Hair styling,,4167874868,B56-4805783,PERSONAL SERVICES SETTINGS,2026-02-27,Business name suggests hair/salon; event services unverified,low,Needs business and event-service verification; do not publish as approved,https://open.toronto.ca/dataset/municipal-licensing-and-standards-business-licences-and-permits/
GLAMOUR HAIR SALON & SPA,Hairstylist,Hair styling,,4164960487,B56-4543318,PERSONAL SERVICES SETTINGS,2026-01-02,Business name suggests hair/salon; event services unverified,low,Needs business and event-service verification; do not publish as approved,https://open.toronto.ca/dataset/municipal-licensing-and-standards-business-licences-and-permits/
GLAMOURAMA HAIR SALON,Hairstylist,Hair styling,,4167813141,B56-4430737,PERSONAL SERVICES SETTINGS,2026-02-24,Business name suggests hair/salon; event services unverified,low,Needs business and event-service verification; do not publish as approved,https://open.toronto.ca/dataset/municipal-licensing-and-standards-business-licences-and-permits/
GLO HAIR HOUSE OF BEAUTY,Hairstylist,Hair styling,,4162933720,B56-4430134,PERSONAL SERVICES SETTINGS,2025-09-12,Business name suggests hair/salon; event services unverified,low,Needs business and event-service verification; do not publish as approved,https://open.toronto.ca/dataset/municipal-licensing-and-standards-business-licences-and-permits/
GLO-C HAIR ART,Hairstylist,Hair styling,,4167849521,B56-5649279,PERSONAL SERVICES SETTINGS,2026-07-06,Business name suggests hair/salon; event services unverified,low,Needs business and event-service verification; do not publish as approved,https://open.toronto.ca/dataset/municipal-licensing-and-standards-business-licences-and-permits/
GOA BEAUTY SALON,Hairstylist,Hair styling,,4165320429,B56-4420454; B56-5202288; B56-5307255,PERSONAL SERVICES SETTINGS,2026-02-27,Business name suggests hair/salon; event services unverified,low,Needs business and event-service verification; do not publish as approved,https://open.toronto.ca/dataset/municipal-licensing-and-standards-business-licences-and-permits/
GOA HAIR SALON,Hairstylist,Hair styling,,,B56-5511523,PERSONAL SERVICES SETTINGS,2025-12-12,Business name suggests hair/salon; event services unverified,low,Needs business and event-service verification; do not publish as approved,https://open.toronto.ca/dataset/municipal-licensing-and-standards-business-licences-and-permits/
GOD HANDS HAIR SALON NORTH YORK,Hairstylist,Hair styling,,,B56-5319567,PERSONAL SERVICES SETTINGS,2026-04-28,Business name suggests hair/salon; event services unverified,low,Needs business and event-service verification; do not publish as approved,https://open.toronto.ca/dataset/municipal-licensing-and-standards-business-licences-and-permits/
GODDESS SALON,Hairstylist,Hair styling,,,B56-5032938,PERSONAL SERVICES SETTINGS,2025-11-18,Business name suggests hair/salon; event services unverified,low,Needs business and event-service verification; do not publish as approved,https://open.toronto.ca/dataset/municipal-licensing-and-standards-business-licences-and-permits/
GOLDEN HAIR DESIGN,Hairstylist,Hair styling,,4166902923,B56-0229605,PERSONAL SERVICES SETTINGS,2026-01-23,Business name suggests hair/salon; event services unverified,low,Needs business and event-service verification; do not publish as approved,https://open.toronto.ca/dataset/municipal-licensing-and-standards-business-licences-and-permits/
GOLDEN TOUCH BEAUTY SALON,Hairstylist,Hair styling,,,B56-5138623,PERSONAL SERVICES SETTINGS,2026-08-21,Business name suggests hair/salon; event services unverified,low,Needs business and event-service verification; do not publish as approved,https://open.toronto.ca/dataset/municipal-licensing-and-standards-business-licences-and-permits/
GONDOLA HAIR DESIGN,Hairstylist,Hair styling,,4162912119,B56-5200606,PERSONAL SERVICES SETTINGS,2026-02-17,Business name suggests hair/salon; event services unverified,low,Needs business and event-service verification; do not publish as approved,https://open.toronto.ca/dataset/municipal-licensing-and-standards-business-licences-and-permits/
GOOD HAIR DESIGN,Hairstylist,Hair styling,,,B56-4308846,PERSONAL SERVICES SETTINGS,2026-03-27,Business name suggests hair/salon; event services unverified,low,Needs business and event-service verification; do not publish as approved,https://open.toronto.ca/dataset/municipal-licensing-and-standards-business-licences-and-permits/
GOOD MOOD HAIR SHOP,Hairstylist,Hair styling,,,B56-5575373,PERSONAL SERVICES SETTINGS,2025-09-23,Business name suggests hair/salon; event services unverified,low,Needs business and event-service verification; do not publish as approved,https://open.toronto.ca/dataset/municipal-licensing-and-standards-business-licences-and-permits/
GORGEOUS HAIR SALON & NAIL,Hairstylist,Hair styling,,,B56-5340638,PERSONAL SERVICES SETTINGS,2026-05-29,Business name suggests hair/salon; event services unverified,low,Needs business and event-service verification; do not publish as approved,https://open.toronto.ca/dataset/municipal-licensing-and-standards-business-licences-and-permits/
GRACE HAIR SALON,Hairstylist,Hair styling,,6478899525,B56-5481699,PERSONAL SERVICES SETTINGS,2025-09-09,Business name suggests hair/salon; event services unverified,low,Needs business and event-service verification; do not publish as approved,https://open.toronto.ca/dataset/municipal-licensing-and-standards-business-licences-and-permits/
GRATITUDE HAIR GALLERY,Hairstylist,Hair styling,,4167854915,B56-5035227,PERSONAL SERVICES SETTINGS,2025-09-30,Business name suggests hair/salon; event services unverified,low,Needs business and event-service verification; do not publish as approved,https://open.toronto.ca/dataset/municipal-licensing-and-standards-business-licences-and-permits/
GREYSTONE HAIR STUDIO'S,Hairstylist,Hair styling,,,B56-5481638,PERSONAL SERVICES SETTINGS,2026-03-18,Business name suggests hair/salon; event services unverified,low,Needs business and event-service verification; do not publish as approved,https://open.toronto.ca/dataset/municipal-licensing-and-standards-business-licences-and-permits/
GREYSTONE HAIR STUDIOS 2,Hairstylist,Hair styling,,,B56-5589796,PERSONAL SERVICES SETTINGS,2025-10-06,Business name suggests hair/salon; event services unverified,low,Needs business and event-service verification; do not publish as approved,https://open.toronto.ca/dataset/municipal-licensing-and-standards-business-licences-and-permits/
GUILLERMO CREATIVE HAIR STUDIO,Hairstylist,Hair styling,,4164402589,B56-3478417,PERSONAL SERVICES SETTINGS,2026-04-14,Business name suggests hair/salon; event services unverified,low,Needs business and event-service verification; do not publish as approved,https://open.toronto.ca/dataset/municipal-licensing-and-standards-business-licences-and-permits/
HAARTEK SALON,Hairstylist,Hair styling,,4169642666,B56-3950048,PERSONAL SERVICES SETTINGS,2026-03-06,Business name suggests hair/salon; event services unverified,low,Needs business and event-service verification; do not publish as approved,https://open.toronto.ca/dataset/municipal-licensing-and-standards-business-licences-and-permits/
HAGEN HAIR SALON AND BARBER,Hairstylist,Hair styling,,4169719774,B56-5377646,PERSONAL SERVICES SETTINGS,2025-10-31,Business name suggests hair/salon; event services unverified,low,Needs business and event-service verification; do not publish as approved,https://open.toronto.ca/dataset/municipal-licensing-and-standards-business-licences-and-permits/
HAHYA BEAUTY SALON,Hairstylist,Hair styling,,,B56-5445977,PERSONAL SERVICES SETTINGS,2025-09-09,Business name suggests hair/salon; event services unverified,low,Needs business and event-service verification; do not publish as approved,https://open.toronto.ca/dataset/municipal-licensing-and-standards-business-licences-and-permits/
HAIR + CO,Hairstylist,Hair styling,,,B56-5661653,PERSONAL SERVICES SETTINGS,2026-08-21,Business name suggests hair/salon; event services unverified,low,Needs business and event-service verification; do not publish as approved,https://open.toronto.ca/dataset/municipal-licensing-and-standards-business-licences-and-permits/
HAIR 1010,Hairstylist,Hair styling,,4165317290,B56-4430185,PERSONAL SERVICES SETTINGS,2025-11-18,Business name suggests hair/salon; event services unverified,low,Needs business and event-service verification; do not publish as approved,https://open.toronto.ca/dataset/municipal-licensing-and-standards-business-licences-and-permits/
HAIR 1ST CLASS,Hairstylist,Hair styling,,4162811926,B56-5145474,PERSONAL SERVICES SETTINGS,2025-12-30,Business name suggests hair/salon; event services unverified,low,Needs business and event-service verification; do not publish as approved,https://open.toronto.ca/dataset/municipal-licensing-and-standards-business-licences-and-permits/
HAIR 2 DESIRE BY BETTY,Hairstylist,Hair styling,,4167833558,B56-3616944,PERSONAL SERVICES SETTINGS,2026-09-18,Business name suggests hair/salon; event services unverified,low,Needs business and event-service verification; do not publish as approved,https://open.toronto.ca/dataset/municipal-licensing-and-standards-business-licences-and-permits/
HAIR 4 ALL BARBER SALON,Hairstylist,Hair styling,,,B56-5529430,PERSONAL SERVICES SETTINGS,2026-05-05,Business name suggests hair/salon; event services unverified,low,Needs business and event-service verification; do not publish as approved,https://open.toronto.ca/dataset/municipal-licensing-and-standards-business-licences-and-permits/
HAIR AFFAIRS BRAIDING PARLOUR,Hairstylist,Hair styling,,4379255633,B56-55A7091,PERSONAL SERVICES SETTINGS,2025-12-15,Business name suggests hair/salon; event services unverified,low,Needs business and event-service verification; do not publish as approved,https://open.toronto.ca/dataset/municipal-licensing-and-standards-business-licences-and-permits/
HAIR AND LASHES BY DRAGON BEAUTY,Hairstylist,Hair styling,,,B56-5491477,PERSONAL SERVICES SETTINGS,2026-05-04,Business name suggests hair/salon; event services unverified,low,Needs business and event-service verification; do not publish as approved,https://open.toronto.ca/dataset/municipal-licensing-and-standards-business-licences-and-permits/
HAIR AND MORE SALON,Hairstylist,Hair styling,,,B56-4541830,PERSONAL SERVICES SETTINGS,2026-09-25,Business name suggests hair/salon; event services unverified,low,Needs business and event-service verification; do not publish as approved,https://open.toronto.ca/dataset/municipal-licensing-and-standards-business-licences-and-permits/
HAIR AVANTI,Hairstylist,Hair styling,,4162394836,B56-0008450,PERSONAL SERVICES SETTINGS,2025-12-12,Business name suggests hair/salon; event services unverified,low,Needs business and event-service verification; do not publish as approved,https://open.toronto.ca/dataset/municipal-licensing-and-standards-business-licences-and-permits/
HAIR BANK 2,Hairstylist,Hair styling,,4167927020,B56-4686529,PERSONAL SERVICES SETTINGS,2025-12-19,Business name suggests hair/salon; event services unverified,low,Needs business and event-service verification; do not publish as approved,https://open.toronto.ca/dataset/municipal-licensing-and-standards-business-licences-and-permits/
HAIR BRAIDING STUDIO BY BEAUTY ROSE,Hairstylist,Hair styling,,,B56-5548127,PERSONAL SERVICES SETTINGS,2026-05-08,Business name suggests hair/salon; event services unverified,low,Needs business and event-service verification; do not publish as approved,https://open.toronto.ca/dataset/municipal-licensing-and-standards-business-licences-and-permits/
HAIR BY BANKS,Hairstylist,Hair styling,,,B56-5302469,PERSONAL SERVICES SETTINGS,2026-01-20,Business name suggests hair/salon; event services unverified,low,Needs business and event-service verification; do not publish as approved,https://open.toronto.ca/dataset/municipal-licensing-and-standards-business-licences-and-permits/
HAIR BY CARLO,Hairstylist,Hair styling,,4164410560,B56-4759091,PERSONAL SERVICES SETTINGS,2025-12-19,Business name suggests hair/salon; event services unverified,low,Needs business and event-service verification; do not publish as approved,https://open.toronto.ca/dataset/municipal-licensing-and-standards-business-licences-and-permits/
HAIR BY DAVID NEWMAN,Hairstylist,Hair styling,,4169132146,B56-4953765,PERSONAL SERVICES SETTINGS,2026-05-15,Business name suggests hair/salon; event services unverified,low,Needs business and event-service verification; do not publish as approved,https://open.toronto.ca/dataset/municipal-licensing-and-standards-business-licences-and-permits/
HAIR BY GISELLE STUDIO,Hairstylist,Hair styling,,,B56-5614775,PERSONAL SERVICES SETTINGS,2026-03-10,Business name suggests hair/salon; event services unverified,low,Needs business and event-service verification; do not publish as approved,https://open.toronto.ca/dataset/municipal-licensing-and-standards-business-licences-and-permits/
HAIR BY GV,Hairstylist,Hair styling,,,B56-5232582,PERSONAL SERVICES SETTINGS,2025-11-14,Business name suggests hair/salon; event services unverified,low,Needs business and event-service verification; do not publish as approved,https://open.toronto.ca/dataset/municipal-licensing-and-standards-business-licences-and-permits/
HAIR BY HOLLYWOOD,Hairstylist,Hair styling,,4166332880,B56-3107339,PERSONAL SERVICES SETTINGS,2026-03-13,Business name suggests hair/salon; event services unverified,low,Needs business and event-service verification; do not publish as approved,https://open.toronto.ca/dataset/municipal-licensing-and-standards-business-licences-and-permits/
HAIR BY KEITH,Hairstylist,Hair styling,,,B56-4940818,PERSONAL SERVICES SETTINGS,2026-07-24,Business name suggests hair/salon; event services unverified,low,Needs business and event-service verification; do not publish as approved,https://open.toronto.ca/dataset/municipal-licensing-and-standards-business-licences-and-permits/
HAIR BY LINA UNISEX,Hairstylist,Hair styling,,4165889705,B56-4885312,PERSONAL SERVICES SETTINGS,2025-10-24,Business name suggests hair/salon; event services unverified,low,Needs business and event-service verification; do not publish as approved,https://open.toronto.ca/dataset/municipal-licensing-and-standards-business-licences-and-permits/
HAIR BY MARIA,Hairstylist,Hair styling,,4164623242,B56-0243054,PERSONAL SERVICES SETTINGS,2026-04-03,Business name suggests hair/salon; event services unverified,low,Needs business and event-service verification; do not publish as approved,https://open.toronto.ca/dataset/municipal-licensing-and-standards-business-licences-and-permits/
HAIR BY MARTINA,Hairstylist,Hair styling,,6474274595,B56-3948996,PERSONAL SERVICES SETTINGS,2026-03-03,Business name suggests hair/salon; event services unverified,low,Needs business and event-service verification; do not publish as approved,https://open.toronto.ca/dataset/municipal-licensing-and-standards-business-licences-and-permits/
HAIR BY TOMOKO,Hairstylist,Hair styling,,,B56-5657852,PERSONAL SERVICES SETTINGS,2026-08-26,Business name suggests hair/salon; event services unverified,low,Needs business and event-service verification; do not publish as approved,https://open.toronto.ca/dataset/municipal-licensing-and-standards-business-licences-and-permits/
HAIR BY TONIKA,Hairstylist,Hair styling,,,B56-5590755,PERSONAL SERVICES SETTINGS,2025-12-23,Business name suggests hair/salon; event services unverified,low,Needs business and event-service verification; do not publish as approved,https://open.toronto.ca/dataset/municipal-licensing-and-standards-business-licences-and-permits/
HAIR BY TOULA,Hairstylist,Hair styling,,6478469988,B56-4831143,PERSONAL SERVICES SETTINGS,2026-05-26,Business name suggests hair/salon; event services unverified,low,Needs business and event-service verification; do not publish as approved,https://open.toronto.ca/dataset/municipal-licensing-and-standards-business-licences-and-permits/
HAIR BY YAZZ,Hairstylist,Hair styling,,,B56-5415981,PERSONAL SERVICES SETTINGS,2026-07-20,Business name suggests hair/salon; event services unverified,low,Needs business and event-service verification; do not publish as approved,https://open.toronto.ca/dataset/municipal-licensing-and-standards-business-licences-and-permits/
HAIR CANADA STYLISTS,Hairstylist,Hair styling,,4167465320,B56-3500171,PERSONAL SERVICES SETTINGS,2026-01-23,Business name suggests hair/salon; event services unverified,low,Needs business and event-service verification; do not publish as approved,https://open.toronto.ca/dataset/municipal-licensing-and-standards-business-licences-and-permits/
HAIR CENTRE CHIC ON HAIR,Hairstylist,Hair styling,,4167332611,B56-5301471,PERSONAL SERVICES SETTINGS,2025-12-19,Business name suggests hair/salon; event services unverified,low,Needs business and event-service verification; do not publish as approved,https://open.toronto.ca/dataset/municipal-licensing-and-standards-business-licences-and-permits/
HAIR CICI,Hairstylist,Hair styling,,4162222565,B56-4665517; B56-5223358; B56-5355023,PERSONAL SERVICES SETTINGS,2026-07-14,Business name suggests hair/salon; event services unverified,low,Needs business and event-service verification; do not publish as approved,https://open.toronto.ca/dataset/municipal-licensing-and-standards-business-licences-and-permits/
HAIR CITY,Hairstylist,Hair styling,,6478333369,B56-4072686,PERSONAL SERVICES SETTINGS,2026-07-14,Business name suggests hair/salon; event services unverified,low,Needs business and event-service verification; do not publish as approved,https://open.toronto.ca/dataset/municipal-licensing-and-standards-business-licences-and-permits/
HAIR CLUB,Hairstylist,Hair styling,,4164959955,B56-5042511,PERSONAL SERVICES SETTINGS,2026-09-15,Business name suggests hair/salon; event services unverified,low,Needs business and event-service verification; do not publish as approved,https://open.toronto.ca/dataset/municipal-licensing-and-standards-business-licences-and-permits/
HAIR CODE,Hairstylist,Hair styling,,4167501234,B56-4929492,PERSONAL SERVICES SETTINGS,2026-03-31,Business name suggests hair/salon; event services unverified,low,Needs business and event-service verification; do not publish as approved,https://open.toronto.ca/dataset/municipal-licensing-and-standards-business-licences-and-permits/
HAIR COLLECTIVE,Hairstylist,Hair styling,,,B56-5106613,PERSONAL SERVICES SETTINGS,2026-01-27,Business name suggests hair/salon; event services unverified,low,Needs business and event-service verification; do not publish as approved,https://open.toronto.ca/dataset/municipal-licensing-and-standards-business-licences-and-permits/
HAIR CONCEPT 2000,Hairstylist,Hair styling,,4162677781,B56-3097574,PERSONAL SERVICES SETTINGS,2026-03-31,Business name suggests hair/salon; event services unverified,low,Needs business and event-service verification; do not publish as approved,https://open.toronto.ca/dataset/municipal-licensing-and-standards-business-licences-and-permits/
HAIR CORNER,Hairstylist,Hair styling,,,B56-4980441,PERSONAL SERVICES SETTINGS,2025-10-24,Business name suggests hair/salon; event services unverified,low,Needs business and event-service verification; do not publish as approved,https://open.toronto.ca/dataset/municipal-licensing-and-standards-business-licences-and-permits/
HAIR CULTURE,Hairstylist,Hair styling,,4165869963,B56-4810670,PERSONAL SERVICES SETTINGS,2026-02-03,Business name suggests hair/salon; event services unverified,low,Needs business and event-service verification; do not publish as approved,https://open.toronto.ca/dataset/municipal-licensing-and-standards-business-licences-and-permits/
HAIR CUT KIJO COIFFURE,Hairstylist,Hair styling,,6478852321,B56-3951837,PERSONAL SERVICES SETTINGS,2026-03-27,Business name suggests hair/salon; event services unverified,low,Needs business and event-service verification; do not publish as approved,https://open.toronto.ca/dataset/municipal-licensing-and-standards-business-licences-and-permits/
HAIR DANCE,Hairstylist,Hair styling,,6473471888,B56-4967761,PERSONAL SERVICES SETTINGS,2026-09-11,Business name suggests hair/salon; event services unverified,low,Needs business and event-service verification; do not publish as approved,https://open.toronto.ca/dataset/municipal-licensing-and-standards-business-licences-and-permits/
HAIR DELIGHT,Hairstylist,Hair styling,,,B56-5038734,PERSONAL SERVICES SETTINGS,2025-10-17,Business name suggests hair/salon; event services unverified,low,Needs business and event-service verification; do not publish as approved,https://open.toronto.ca/dataset/municipal-licensing-and-standards-business-licences-and-permits/
HAIR DESIGNER,Hairstylist,Hair styling,,,B56-5471518,PERSONAL SERVICES SETTINGS,2025-10-07,Business name suggests hair/salon; event services unverified,low,Needs business and event-service verification; do not publish as approved,https://open.toronto.ca/dataset/municipal-licensing-and-standards-business-licences-and-permits/
HAIR DISTRICT,Hairstylist,Hair styling,,,B56-5659455,PERSONAL SERVICES SETTINGS,2026-08-13,Business name suggests hair/salon; event services unverified,low,Needs business and event-service verification; do not publish as approved,https://open.toronto.ca/dataset/municipal-licensing-and-standards-business-licences-and-permits/
HAIR DISTRICT - BAY,Hairstylist,Hair styling,,4165518202,B56-5336869,PERSONAL SERVICES SETTINGS,2026-07-03,Business name suggests hair/salon; event services unverified,low,Needs business and event-service verification; do not publish as approved,https://open.toronto.ca/dataset/municipal-licensing-and-standards-business-licences-and-permits/
HAIR DYNAMIX,Hairstylist,Hair styling,,4166993575,B56-4419266,PERSONAL SERVICES SETTINGS,2025-12-23,Business name suggests hair/salon; event services unverified,low,Needs business and event-service verification; do not publish as approved,https://open.toronto.ca/dataset/municipal-licensing-and-standards-business-licences-and-permits/
HAIR DYNASTY,Hairstylist,Hair styling,,4164824108,B56-5373342,PERSONAL SERVICES SETTINGS,2025-11-07,Business name suggests hair/salon; event services unverified,low,Needs business and event-service verification; do not publish as approved,https://open.toronto.ca/dataset/municipal-licensing-and-standards-business-licences-and-permits/
HAIR ENJOY,Hairstylist,Hair styling,,6478689608,B56-4733903,PERSONAL SERVICES SETTINGS,2026-07-28,Business name suggests hair/salon; event services unverified,low,Needs business and event-service verification; do not publish as approved,https://open.toronto.ca/dataset/municipal-licensing-and-standards-business-licences-and-permits/
HAIR EVOLUTION 1,Hairstylist,Hair styling,,,B56-5245309,PERSONAL SERVICES SETTINGS,2026-01-20,Business name suggests hair/salon; event services unverified,low,Needs business and event-service verification; do not publish as approved,https://open.toronto.ca/dataset/municipal-licensing-and-standards-business-licences-and-permits/
HAIR EXPRESSIONS SALON,Hairstylist,Hair styling,,6473476665,B56-4535614,PERSONAL SERVICES SETTINGS,2026-08-17,Business name suggests hair/salon; event services unverified,low,Needs business and event-service verification; do not publish as approved,https://open.toronto.ca/dataset/municipal-licensing-and-standards-business-licences-and-permits/
HAIR F/X,Hairstylist,Hair styling,,,B56-0037426,PERSONAL SERVICES SETTINGS,2025-12-19,Business name suggests hair/salon; event services unverified,low,Needs business and event-service verification; do not publish as approved,https://open.toronto.ca/dataset/municipal-licensing-and-standards-business-licences-and-permits/
HAIR FASHION,Hairstylist,Hair styling,,,B56-4544706,PERSONAL SERVICES SETTINGS,2026-01-13,Business name suggests hair/salon; event services unverified,low,Needs business and event-service verification; do not publish as approved,https://open.toronto.ca/dataset/municipal-licensing-and-standards-business-licences-and-permits/
HAIR FLOW HAIR CARE STUDIO,Hairstylist,Hair styling,,4163353207,B56-4981426,PERSONAL SERVICES SETTINGS,2025-10-10,Business name suggests hair/salon; event services unverified,low,Needs business and event-service verification; do not publish as approved,https://open.toronto.ca/dataset/municipal-licensing-and-standards-business-licences-and-permits/
HAIR FOCUS NAIL AND BEAUTY SALON,Hairstylist,Hair styling,,4167922260,B56-4917731,PERSONAL SERVICES SETTINGS,2026-02-27,Business name suggests hair/salon; event services unverified,low,Needs business and event-service verification; do not publish as approved,https://open.toronto.ca/dataset/municipal-licensing-and-standards-business-licences-and-permits/
HAIR FORM,Hairstylist,Hair styling,,,B56-4850047,PERSONAL SERVICES SETTINGS,2026-08-11,Business name suggests hair/salon; event services unverified,low,Needs business and event-service verification; do not publish as approved,https://open.toronto.ca/dataset/municipal-licensing-and-standards-business-licences-and-permits/
HAIR GONE ROGUE,Hairstylist,Hair styling,,,B56-5478521,PERSONAL SERVICES SETTINGS,2026-09-11,Business name suggests hair/salon; event services unverified,low,Needs business and event-service verification; do not publish as approved,https://open.toronto.ca/dataset/municipal-licensing-and-standards-business-licences-and-permits/
HAIR HOFFMANN,Hairstylist,Hair styling,,,B56-5561895,PERSONAL SERVICES SETTINGS,2026-06-05,Business name suggests hair/salon; event services unverified,low,Needs business and event-service verification; do not publish as approved,https://open.toronto.ca/dataset/municipal-licensing-and-standards-business-licences-and-permits/
HAIR J,Hairstylist,Hair styling,,4162858868,B56-4687978,PERSONAL SERVICES SETTINGS,2025-12-19,Business name suggests hair/salon; event services unverified,low,Needs business and event-service verification; do not publish as approved,https://open.toronto.ca/dataset/municipal-licensing-and-standards-business-licences-and-permits/
HAIR JOY,Hairstylist,Hair styling,,4167551506,B56-3730048; B56-4419259,PERSONAL SERVICES SETTINGS,2026-08-28,Business name suggests hair/salon; event services unverified,low,Needs business and event-service verification; do not publish as approved,https://open.toronto.ca/dataset/municipal-licensing-and-standards-business-licences-and-permits/
HAIR KAYA,Hairstylist,Hair styling,,4164917770,B56-4728881,PERSONAL SERVICES SETTINGS,2026-05-12,Business name suggests hair/salon; event services unverified,low,Needs business and event-service verification; do not publish as approved,https://open.toronto.ca/dataset/municipal-licensing-and-standards-business-licences-and-permits/
HAIR KING,Hairstylist,Hair styling,,4166099828,B56-4071506; B56-4738325; B56-4748528,PERSONAL SERVICES SETTINGS,2026-09-17,Business name suggests hair/salon; event services unverified,low,Needs business and event-service verification; do not publish as approved,https://open.toronto.ca/dataset/municipal-licensing-and-standards-business-licences-and-permits/
HAIR LAB,Hairstylist,Hair styling,,4162927838,B56-3365305; B56-5333818,PERSONAL SERVICES SETTINGS,2026-07-24,Business name suggests hair/salon; event services unverified,low,Needs business and event-service verification; do not publish as approved,https://open.toronto.ca/dataset/municipal-licensing-and-standards-business-licences-and-permits/
HAIR LINE FOR MEN AND WOMEN,Hairstylist,Hair styling,,4164913282,B56-4423085,PERSONAL SERVICES SETTINGS,2026-06-01,Business name suggests hair/salon; event services unverified,low,Needs business and event-service verification; do not publish as approved,https://open.toronto.ca/dataset/municipal-licensing-and-standards-business-licences-and-permits/
HAIR LINK,Hairstylist,Hair styling,,,B56-5112137,PERSONAL SERVICES SETTINGS,2026-03-20,Business name suggests hair/salon; event services unverified,low,Needs business and event-service verification; do not publish as approved,https://open.toronto.ca/dataset/municipal-licensing-and-standards-business-licences-and-permits/
HAIR M,Hairstylist,Hair styling,,4166334697,B56-4657461; B56-5106696,PERSONAL SERVICES SETTINGS,2026-07-10,Business name suggests hair/salon; event services unverified,low,Needs business and event-service verification; do not publish as approved,https://open.toronto.ca/dataset/municipal-licensing-and-standards-business-licences-and-permits/
HAIR MAGIC CUT,Hairstylist,Hair styling,,,B56-4069327,PERSONAL SERVICES SETTINGS,2026-05-29,Business name suggests hair/salon; event services unverified,low,Needs business and event-service verification; do not publish as approved,https://open.toronto.ca/dataset/municipal-licensing-and-standards-business-licences-and-permits/
HAIR MARKET,Hairstylist,Hair styling,,,B56-5200208,PERSONAL SERVICES SETTINGS,2026-03-10,Business name suggests hair/salon; event services unverified,low,Needs business and event-service verification; do not publish as approved,https://open.toronto.ca/dataset/municipal-licensing-and-standards-business-licences-and-permits/
HAIR MECHANICS,Hairstylist,Hair styling,,4162921103,B56-4954028,PERSONAL SERVICES SETTINGS,2026-06-19,Business name suggests hair/salon; event services unverified,low,Needs business and event-service verification; do not publish as approved,https://open.toronto.ca/dataset/municipal-licensing-and-standards-business-licences-and-permits/
HAIR MODERN CUT,Hairstylist,Hair styling,,4168866131,B56-4075213,PERSONAL SERVICES SETTINGS,2026-02-10,Business name suggests hair/salon; event services unverified,low,Needs business and event-service verification; do not publish as approved,https://open.toronto.ca/dataset/municipal-licensing-and-standards-business-licences-and-permits/
HAIR N MIRROR HAIR STUDIO INC,Hairstylist,Hair styling,,4165514518,B56-4756144,PERSONAL SERVICES SETTINGS,2025-12-30,Business name suggests hair/salon; event services unverified,low,Needs business and event-service verification; do not publish as approved,https://open.toronto.ca/dataset/municipal-licensing-and-standards-business-licences-and-permits/
HAIR PLAY BEAUTY AND SUPPLY,Hairstylist,Hair styling,,4166566600,B56-4066169,PERSONAL SERVICES SETTINGS,2026-05-15,Business name suggests hair/salon; event services unverified,low,Needs business and event-service verification; do not publish as approved,https://open.toronto.ca/dataset/municipal-licensing-and-standards-business-licences-and-permits/
HAIR PLUS,Hairstylist,Hair styling,,4162224688,B56-4304319,PERSONAL SERVICES SETTINGS,2026-01-23,Business name suggests hair/salon; event services unverified,low,Needs business and event-service verification; do not publish as approved,https://open.toronto.ca/dataset/municipal-licensing-and-standards-business-licences-and-permits/
HAIR PLUS SALON,Hairstylist,Hair styling,,4166912913,B56-3362782,PERSONAL SERVICES SETTINGS,2026-06-05,Business name suggests hair/salon; event services unverified,low,Needs business and event-service verification; do not publish as approved,https://open.toronto.ca/dataset/municipal-licensing-and-standards-business-licences-and-permits/
HAIR POINT SALON,Hairstylist,Hair styling,,,B56-4296585,PERSONAL SERVICES SETTINGS,2025-07-08,Business name suggests hair/salon; event services unverified,low,Needs business and event-service verification; do not publish as approved,https://open.toronto.ca/dataset/municipal-licensing-and-standards-business-licences-and-permits/
HAIR SALON HEADSPA BY CANADASTYLES,Hairstylist,Hair styling,,,B56-5314403,PERSONAL SERVICES SETTINGS,2026-04-21,Business name suggests hair/salon; event services unverified,low,Needs business and event-service verification; do not publish as approved,https://open.toronto.ca/dataset/municipal-licensing-and-standards-business-licences-and-permits/
HAIR SHOW,Hairstylist,Hair styling,,4169019837,B56-4840238,PERSONAL SERVICES SETTINGS,2026-07-28,Business name suggests hair/salon; event services unverified,low,Needs business and event-service verification; do not publish as approved,https://open.toronto.ca/dataset/municipal-licensing-and-standards-business-licences-and-permits/
HAIR SKY,Hairstylist,Hair styling,,,B56-4423955,PERSONAL SERVICES SETTINGS,2026-05-05,Business name suggests hair/salon; event services unverified,low,Needs business and event-service verification; do not publish as approved,https://open.toronto.ca/dataset/municipal-licensing-and-standards-business-licences-and-permits/
HAIR SOCIAL TWO EIGHT SIX,Hairstylist,Hair styling,,,B56-5420467,PERSONAL SERVICES SETTINGS,2026-05-01,Business name suggests hair/salon; event services unverified,low,Needs business and event-service verification; do not publish as approved,https://open.toronto.ca/dataset/municipal-licensing-and-standards-business-licences-and-permits/
HAIR STAR,Hairstylist,Hair styling,,4162897808,B56-4729330,PERSONAL SERVICES SETTINGS,2026-06-02,Business name suggests hair/salon; event services unverified,low,Needs business and event-service verification; do not publish as approved,https://open.toronto.ca/dataset/municipal-licensing-and-standards-business-licences-and-permits/
HAIR STORY,Hairstylist,Hair styling,,,B56-5104660,PERSONAL SERVICES SETTINGS,2026-04-24,Business name suggests hair/salon; event services unverified,low,Needs business and event-service verification; do not publish as approved,https://open.toronto.ca/dataset/municipal-licensing-and-standards-business-licences-and-permits/
HAIR STUDIO,Hairstylist,Hair styling,,,B56-5114169,PERSONAL SERVICES SETTINGS,2026-04-14,Business name suggests hair/salon; event services unverified,low,Needs business and event-service verification; do not publish as approved,https://open.toronto.ca/dataset/municipal-licensing-and-standards-business-licences-and-permits/
HAIR STUDIO & BARBER SHOP,Hairstylist,Hair styling,,6479952201,B56-4665462,PERSONAL SERVICES SETTINGS,2026-07-14,Business name suggests hair/salon; event services unverified,low,Needs business and event-service verification; do not publish as approved,https://open.toronto.ca/dataset/municipal-licensing-and-standards-business-licences-and-permits/
HAIR STUDIO AT 700 PAPE AVE,Hairstylist,Hair styling,,4167786159,B56-4532248,PERSONAL SERVICES SETTINGS,2025-12-23,Business name suggests hair/salon; event services unverified,low,Needs business and event-service verification; do not publish as approved,https://open.toronto.ca/dataset/municipal-licensing-and-standards-business-licences-and-permits/
HAIR SUPREME,Hairstylist,Hair styling,,4164010003,B56-3242536,PERSONAL SERVICES SETTINGS,2026-06-19,Business name suggests hair/salon; event services unverified,low,Needs business and event-service verification; do not publish as approved,https://open.toronto.ca/dataset/municipal-licensing-and-standards-business-licences-and-permits/
HAIR SWEETY,Hairstylist,Hair styling,,6473308336,B56-4419330; B56-4675504; B56-5124641; B56-5647542,PERSONAL SERVICES SETTINGS,2026-08-14,Business name suggests hair/salon; event services unverified,low,Needs business and event-service verification; do not publish as approved,https://open.toronto.ca/dataset/municipal-licensing-and-standards-business-licences-and-permits/
HAIR TIM,Hairstylist,Hair styling,,,B56-5651221,PERSONAL SERVICES SETTINGS,2026-09-18,Business name suggests hair/salon; event services unverified,low,Needs business and event-service verification; do not publish as approved,https://open.toronto.ca/dataset/municipal-licensing-and-standards-business-licences-and-permits/
HAIR TIMES,Hairstylist,Hair styling,,,B56-4935980,PERSONAL SERVICES SETTINGS,2026-03-24,Business name suggests hair/salon; event services unverified,low,Needs business and event-service verification; do not publish as approved,https://open.toronto.ca/dataset/municipal-licensing-and-standards-business-licences-and-permits/
HAIR TIPS SALON,Hairstylist,Hair styling,,4164399594,B56-4064678,PERSONAL SERVICES SETTINGS,2026-02-06,Business name suggests hair/salon; event services unverified,low,Needs business and event-service verification; do not publish as approved,https://open.toronto.ca/dataset/municipal-licensing-and-standards-business-licences-and-permits/
HAIR TRANSFORMATIONS BY COLE,Hairstylist,Hair styling,,4165167183,B56-3838914,PERSONAL SERVICES SETTINGS,2026-07-21,Business name suggests hair/salon; event services unverified,low,Needs business and event-service verification; do not publish as approved,https://open.toronto.ca/dataset/municipal-licensing-and-standards-business-licences-and-permits/
HAIR TREASURE,Hairstylist,Hair styling,,4169309088,B56-4417416,PERSONAL SERVICES SETTINGS,2026-05-16,Business name suggests hair/salon; event services unverified,low,Needs business and event-service verification; do not publish as approved,https://open.toronto.ca/dataset/municipal-licensing-and-standards-business-licences-and-permits/
HAIR TREE,Hairstylist,Hair styling,,6474082525,B56-5235951; B56-5431556; B56-5496758,PERSONAL SERVICES SETTINGS,2026-01-09,Business name suggests hair/salon; event services unverified,low,Needs business and event-service verification; do not publish as approved,https://open.toronto.ca/dataset/municipal-licensing-and-standards-business-licences-and-permits/
HAIR TREND,Hairstylist,Hair styling,,4163011198,B56-4847615,PERSONAL SERVICES SETTINGS,2026-05-22,Business name suggests hair/salon; event services unverified,low,Needs business and event-service verification; do not publish as approved,https://open.toronto.ca/dataset/municipal-licensing-and-standards-business-licences-and-permits/
HAIR UNLIMITED SALON,Hairstylist,Hair styling,,,B56-55A1454,PERSONAL SERVICES SETTINGS,2025-12-12,Business name suggests hair/salon; event services unverified,low,Needs business and event-service verification; do not publish as approved,https://open.toronto.ca/dataset/municipal-licensing-and-standards-business-licences-and-permits/
HAIR VISION,Hairstylist,Hair styling,,4167820639,B56-3247193,PERSONAL SERVICES SETTINGS,2025-08-08,Business name suggests hair/salon; event services unverified,low,Needs business and event-service verification; do not publish as approved,https://open.toronto.ca/dataset/municipal-licensing-and-standards-business-licences-and-permits/
HAIR WEAVE & EXTENSIONS SALON,Hairstylist,Hair styling,,,B56-4651857,PERSONAL SERVICES SETTINGS,2025-08-15,Business name suggests hair/salon; event services unverified,low,Needs business and event-service verification; do not publish as approved,https://open.toronto.ca/dataset/municipal-licensing-and-standards-business-licences-and-permits/
HAIR'S DE GROOVE,Hairstylist,Hair styling,,4166319941,B56-3118720,PERSONAL SERVICES SETTINGS,2025-12-30,Business name suggests hair/salon; event services unverified,low,Needs business and event-service verification; do not publish as approved,https://open.toronto.ca/dataset/municipal-licensing-and-standards-business-licences-and-permits/
HAIRAFTER SALON,Hairstylist,Hair styling,,4162216658,B56-55A5096,PERSONAL SERVICES SETTINGS,2025-12-26,Business name suggests hair/salon; event services unverified,low,Needs business and event-service verification; do not publish as approved,https://open.toronto.ca/dataset/municipal-licensing-and-standards-business-licences-and-permits/
HAIRCARE UNISEX BEAUTY SALON,Hairstylist,Hair styling,,4167397999,B56-5317284,PERSONAL SERVICES SETTINGS,2026-03-17,Business name suggests hair/salon; event services unverified,low,Needs business and event-service verification; do not publish as approved,https://open.toronto.ca/dataset/municipal-licensing-and-standards-business-licences-and-permits/
HAIRCUT HERO SALON,Hairstylist,Hair styling,,,B56-55A8807,PERSONAL SERVICES SETTINGS,2026-01-02,Business name suggests hair/salon; event services unverified,low,Needs business and event-service verification; do not publish as approved,https://open.toronto.ca/dataset/municipal-licensing-and-standards-business-licences-and-permits/
HAIRFLASH SALON & SPA,Hairstylist,Hair styling,,4167569088,B56-5145172,PERSONAL SERVICES SETTINGS,2026-02-27,Business name suggests hair/salon; event services unverified,low,Needs business and event-service verification; do not publish as approved,https://open.toronto.ca/dataset/municipal-licensing-and-standards-business-licences-and-permits/
HAIRGOD SALON,Hairstylist,Hair styling,,6476881356,B56-4940559,PERSONAL SERVICES SETTINGS,2026-06-16,Business name suggests hair/salon; event services unverified,low,Needs business and event-service verification; do not publish as approved,https://open.toronto.ca/dataset/municipal-licensing-and-standards-business-licences-and-permits/
HAIRKARE SALON & BEAUTY SUPPLY,Hairstylist,Hair styling,,,B56-5346015,PERSONAL SERVICES SETTINGS,2025-10-10,Business name suggests hair/salon; event services unverified,low,Needs business and event-service verification; do not publish as approved,https://open.toronto.ca/dataset/municipal-licensing-and-standards-business-licences-and-permits/
HALO HAIR STUDIO,Hairstylist,Hair styling,,,B56-4992091,PERSONAL SERVICES SETTINGS,2025-12-19,Business name suggests hair/salon; event services unverified,low,Needs business and event-service verification; do not publish as approved,https://open.toronto.ca/dataset/municipal-licensing-and-standards-business-licences-and-permits/
HAND DESIGN PARTY SALON,Hairstylist,Hair styling,,6477488898,B56-4647134,PERSONAL SERVICES SETTINGS,2025-12-30,Business name suggests hair/salon; event services unverified,low,Needs business and event-service verification; do not publish as approved,https://open.toronto.ca/dataset/municipal-licensing-and-standards-business-licences-and-permits/
HANNAH'S HAIR DESIGN AND SUPPLIES,Hairstylist,Hair styling,,4162080021,B56-3957732,PERSONAL SERVICES SETTINGS,2025-10-24,Business name suggests hair/salon; event services unverified,low,Needs business and event-service verification; do not publish as approved,https://open.toronto.ca/dataset/municipal-licensing-and-standards-business-licences-and-permits/
HAPPY HAIR SALON,Hairstylist,Hair styling,,4167567555,B56-3724619,PERSONAL SERVICES SETTINGS,2026-06-05,Business name suggests hair/salon; event services unverified,low,Needs business and event-service verification; do not publish as approved,https://open.toronto.ca/dataset/municipal-licensing-and-standards-business-licences-and-permits/
HAPPY SALON,Hairstylist,Hair styling,,4164318899,B56-4072410; B56-4846223,PERSONAL SERVICES SETTINGS,2026-06-05,Business name suggests hair/salon; event services unverified,low,Needs business and event-service verification; do not publish as approved,https://open.toronto.ca/dataset/municipal-licensing-and-standards-business-licences-and-permits/
HAREGRAYA TRADITIONAL SPA AND BEAUTY SALON,Hairstylist,Hair styling,,,B56-5609547,PERSONAL SERVICES SETTINGS,2026-03-13,Business name suggests hair/salon; event services unverified,low,Needs business and event-service verification; do not publish as approved,https://open.toronto.ca/dataset/municipal-licensing-and-standards-business-licences-and-permits/
HARLOTS HAIR SALON,Hairstylist,Hair styling,,,B56-0206891,PERSONAL SERVICES SETTINGS,2026-05-15,Business name suggests hair/salon; event services unverified,low,Needs business and event-service verification; do not publish as approved,https://open.toronto.ca/dataset/municipal-licensing-and-standards-business-licences-and-permits/
HARMONY HAIR SALON,Hairstylist,Hair styling,,,B56-5120837,PERSONAL SERVICES SETTINGS,2026-08-11,Business name suggests hair/salon; event services unverified,low,Needs business and event-service verification; do not publish as approved,https://open.toronto.ca/dataset/municipal-licensing-and-standards-business-licences-and-permits/
HART HOUSE HAIR PLACE,Hairstylist,Hair styling,,,B56-5635558,PERSONAL SERVICES SETTINGS,2026-05-25,Business name suggests hair/salon; event services unverified,low,Needs business and event-service verification; do not publish as approved,https://open.toronto.ca/dataset/municipal-licensing-and-standards-business-licences-and-permits/
HB HAIR SALON,Hairstylist,Hair styling,,,B56-4729261,PERSONAL SERVICES SETTINGS,2026-07-07,Business name suggests hair/salon; event services unverified,low,Needs business and event-service verification; do not publish as approved,https://open.toronto.ca/dataset/municipal-licensing-and-standards-business-licences-and-permits/
HEAD 2 TOE BEAUTY SALON & SPA,Hairstylist,Hair styling,,4162087211,B56-4701005,PERSONAL SERVICES SETTINGS,2026-01-13,Business name suggests hair/salon; event services unverified,low,Needs business and event-service verification; do not publish as approved,https://open.toronto.ca/dataset/municipal-licensing-and-standards-business-licences-and-permits/
HEAD CANDY SALON,Hairstylist,Hair styling,,,B56-5479149,PERSONAL SERVICES SETTINGS,2025-11-21,Business name suggests hair/salon; event services unverified,low,Needs business and event-service verification; do not publish as approved,https://open.toronto.ca/dataset/municipal-licensing-and-standards-business-licences-and-permits/
HEADBANGERS HAIR SALON,Hairstylist,Hair styling,,,B56-5560519,PERSONAL SERVICES SETTINGS,2026-06-26,Business name suggests hair/salon; event services unverified,low,Needs business and event-service verification; do not publish as approved,https://open.toronto.ca/dataset/municipal-licensing-and-standards-business-licences-and-permits/
HEADS SALON,Hairstylist,Hair styling,,,B56-5239517,PERSONAL SERVICES SETTINGS,2026-02-27,Business name suggests hair/salon; event services unverified,low,Needs business and event-service verification; do not publish as approved,https://open.toronto.ca/dataset/municipal-licensing-and-standards-business-licences-and-permits/
HEAVENLY HAIR STUDIO,Hairstylist,Hair styling,,4167421927,B56-4067184,PERSONAL SERVICES SETTINGS,2026-03-13,Business name suggests hair/salon; event services unverified,low,Needs business and event-service verification; do not publish as approved,https://open.toronto.ca/dataset/municipal-licensing-and-standards-business-licences-and-permits/
HELEN HAIR DESIGN TIEM UON TUC THAM MY NY HUONG,Hairstylist,Hair styling,,4162466333,B56-3486053,PERSONAL SERVICES SETTINGS,2025-09-30,Business name suggests hair/salon; event services unverified,low,Needs business and event-service verification; do not publish as approved,https://open.toronto.ca/dataset/municipal-licensing-and-standards-business-licences-and-permits/
HELEN'S HOUSE OF HAIR STYLING,Hairstylist,Hair styling,,4167575491,B56-3485380,PERSONAL SERVICES SETTINGS,2025-11-07,Business name suggests hair/salon; event services unverified,low,Needs business and event-service verification; do not publish as approved,https://open.toronto.ca/dataset/municipal-licensing-and-standards-business-licences-and-permits/
HENG SALON,Hairstylist,Hair styling,,6477100255,B56-4181290,PERSONAL SERVICES SETTINGS,2026-03-13,Business name suggests hair/salon; event services unverified,low,Needs business and event-service verification; do not publish as approved,https://open.toronto.ca/dataset/municipal-licensing-and-standards-business-licences-and-permits/
HICUTS SALON,Hairstylist,Hair styling,,,B56-5664068,PERSONAL SERVICES SETTINGS,2026-09-23,Business name suggests hair/salon; event services unverified,low,Needs business and event-service verification; do not publish as approved,https://open.toronto.ca/dataset/municipal-licensing-and-standards-business-licences-and-permits/
HIS & HER HAIR PLACE,Hairstylist,Hair styling,,,B56-3596159,PERSONAL SERVICES SETTINGS,2026-09-11,Business name suggests hair/salon; event services unverified,low,Needs business and event-service verification; do not publish as approved,https://open.toronto.ca/dataset/municipal-licensing-and-standards-business-licences-and-permits/
HIVE + HAWK HAIR STUDIO INC,Hairstylist,Hair styling,,6478275368,B56-4647994,PERSONAL SERVICES SETTINGS,2026-05-08,Business name suggests hair/salon; event services unverified,low,Needs business and event-service verification; do not publish as approved,https://open.toronto.ca/dataset/municipal-licensing-and-standards-business-licences-and-permits/
HK HAIR PLAY,Hairstylist,Hair styling,,4166626775,B56-5116041,PERSONAL SERVICES SETTINGS,2026-05-19,Business name suggests hair/salon; event services unverified,low,Needs business and event-service verification; do not publish as approved,https://open.toronto.ca/dataset/municipal-licensing-and-standards-business-licences-and-permits/
HO RING SALON,Hairstylist,Hair styling,,6479987188,B56-5144799,PERSONAL SERVICES SETTINGS,2025-12-19,Business name suggests hair/salon; event services unverified,low,Needs business and event-service verification; do not publish as approved,https://open.toronto.ca/dataset/municipal-licensing-and-standards-business-licences-and-permits/
HOI YONG BEAUTY SALON,Hairstylist,Hair styling,,,B56-4534711,PERSONAL SERVICES SETTINGS,2026-02-24,Business name suggests hair/salon; event services unverified,low,Needs business and event-service verification; do not publish as approved,https://open.toronto.ca/dataset/municipal-licensing-and-standards-business-licences-and-permits/
HONEY EXTENSION AND HAIR BAR,Hairstylist,Hair styling,,4168232565,B56-5203732,PERSONAL SERVICES SETTINGS,2026-06-02,Business name suggests hair/salon; event services unverified,low,Needs business and event-service verification; do not publish as approved,https://open.toronto.ca/dataset/municipal-licensing-and-standards-business-licences-and-permits/
HONG KONG HAIR DESIGN,Hairstylist,Hair styling,,4169715878,B56-3004639,PERSONAL SERVICES SETTINGS,2026-01-20,Business name suggests hair/salon; event services unverified,low,Needs business and event-service verification; do not publish as approved,https://open.toronto.ca/dataset/municipal-licensing-and-standards-business-licences-and-permits/
HOUSE OF HAIR BY RONNIE DANCEL,Hairstylist,Hair styling,,4169258180,B56-4656602,PERSONAL SERVICES SETTINGS,2026-09-16,Business name suggests hair/salon; event services unverified,low,Needs business and event-service verification; do not publish as approved,https://open.toronto.ca/dataset/municipal-licensing-and-standards-business-licences-and-permits/
HUNG HAIR SALON,Hairstylist,Hair styling,,4164621484,B56-3960569,PERSONAL SERVICES SETTINGS,2026-02-27,Business name suggests hair/salon; event services unverified,low,Needs business and event-service verification; do not publish as approved,https://open.toronto.ca/dataset/municipal-licensing-and-standards-business-licences-and-permits/
I BLOSSOM BEAUTY SALON,Hairstylist,Hair styling,,4168487325,B56-4653004,PERSONAL SERVICES SETTINGS,2026-07-07,Business name suggests hair/salon; event services unverified,low,Needs business and event-service verification; do not publish as approved,https://open.toronto.ca/dataset/municipal-licensing-and-standards-business-licences-and-permits/
ICON HAIR,Hairstylist,Hair styling,,,B56-5484060,PERSONAL SERVICES SETTINGS,2026-09-15,Business name suggests hair/salon; event services unverified,low,Needs business and event-service verification; do not publish as approved,https://open.toronto.ca/dataset/municipal-licensing-and-standards-business-licences-and-permits/
IMAGEN Y MAS HAIR SALON,Hairstylist,Hair styling,,,B56-5481077,PERSONAL SERVICES SETTINGS,2025-11-25,Business name suggests hair/salon; event services unverified,low,Needs business and event-service verification; do not publish as approved,https://open.toronto.ca/dataset/municipal-licensing-and-standards-business-licences-and-permits/
IMAGES HAIRSTYLING,Hairstylist,Hair styling,,4162310212,B56-0222222,PERSONAL SERVICES SETTINGS,2025-12-26,Business name suggests hair/salon; event services unverified,low,Needs business and event-service verification; do not publish as approved,https://open.toronto.ca/dataset/municipal-licensing-and-standards-business-licences-and-permits/
IMAGES SALON,Hairstylist,Hair styling,,4162820881,B56-4533752,PERSONAL SERVICES SETTINGS,2025-11-07,Business name suggests hair/salon; event services unverified,low,Needs business and event-service verification; do not publish as approved,https://open.toronto.ca/dataset/municipal-licensing-and-standards-business-licences-and-permits/
IMPERIAL MENS SALON LOUNGE,Hairstylist,Hair styling,,,B56-4427679,PERSONAL SERVICES SETTINGS,2026-08-14,Business name suggests hair/salon; event services unverified,low,Needs business and event-service verification; do not publish as approved,https://open.toronto.ca/dataset/municipal-licensing-and-standards-business-licences-and-permits/
IMPRESS HAIR SALON AND BEAUTY SUPPLY,Hairstylist,Hair styling,,4169130855,B56-4073976,PERSONAL SERVICES SETTINGS,2026-03-03,Business name suggests hair/salon; event services unverified,low,Needs business and event-service verification; do not publish as approved,https://open.toronto.ca/dataset/municipal-licensing-and-standards-business-licences-and-permits/
INA BEAUTY SALON & SPA,Hairstylist,Hair styling,,4162490551,B56-4536447,PERSONAL SERVICES SETTINGS,2026-05-15,Business name suggests hair/salon; event services unverified,low,Needs business and event-service verification; do not publish as approved,https://open.toronto.ca/dataset/municipal-licensing-and-standards-business-licences-and-permits/
INDIA-CANADIAN BEAUTY SALON,Hairstylist,Hair styling,,4167497474,B56-3246458,PERSONAL SERVICES SETTINGS,2025-12-19,Business name suggests hair/salon; event services unverified,low,Needs business and event-service verification; do not publish as approved,https://open.toronto.ca/dataset/municipal-licensing-and-standards-business-licences-and-permits/
INDO CANADA BEAUTY SALON,Hairstylist,Hair styling,,4167431068,B56-3834035,PERSONAL SERVICES SETTINGS,2026-01-09,Business name suggests hair/salon; event services unverified,low,Needs business and event-service verification; do not publish as approved,https://open.toronto.ca/dataset/municipal-licensing-and-standards-business-licences-and-permits/
ING HAIR STUDIOS,Hairstylist,Hair styling,,,B56-5518263,PERSONAL SERVICES SETTINGS,2026-02-27,Business name suggests hair/salon; event services unverified,low,Needs business and event-service verification; do not publish as approved,https://open.toronto.ca/dataset/municipal-licensing-and-standards-business-licences-and-permits/
INNA'S COIFFURE SALON,Hairstylist,Hair styling,,4162332333,B56-3008891,PERSONAL SERVICES SETTINGS,2026-06-30,Business name suggests hair/salon; event services unverified,low,Needs business and event-service verification; do not publish as approved,https://open.toronto.ca/dataset/municipal-licensing-and-standards-business-licences-and-permits/
INSTA HAIR SALON,Hairstylist,Hair styling,,,B56-5425742,PERSONAL SERVICES SETTINGS,2026-03-13,Business name suggests hair/salon; event services unverified,low,Needs business and event-service verification; do not publish as approved,https://open.toronto.ca/dataset/municipal-licensing-and-standards-business-licences-and-permits/
INSTYLE HAIR SALON,Hairstylist,Hair styling,,,B56-5228322,PERSONAL SERVICES SETTINGS,2026-09-11,Business name suggests hair/salon; event services unverified,low,Needs business and event-service verification; do not publish as approved,https://open.toronto.ca/dataset/municipal-licensing-and-standards-business-licences-and-permits/
INTERMEZZO HAIR STUDIO,Hairstylist,Hair styling,,6473457075,B56-4682552,PERSONAL SERVICES SETTINGS,2025-11-07,Business name suggests hair/salon; event services unverified,low,Needs business and event-service verification; do not publish as approved,https://open.toronto.ca/dataset/municipal-licensing-and-standards-business-licences-and-permits/
INTERNATIONAL HAIR SALON,Hairstylist,Hair styling,,4162552270,B56-4295156,PERSONAL SERVICES SETTINGS,2026-05-05,Business name suggests hair/salon; event services unverified,low,Needs business and event-service verification; do not publish as approved,https://open.toronto.ca/dataset/municipal-licensing-and-standards-business-licences-and-permits/
ISTILO SALON,Hairstylist,Hair styling,,4163510029,B56-5202514,PERSONAL SERVICES SETTINGS,2026-03-31,Business name suggests hair/salon; event services unverified,low,Needs business and event-service verification; do not publish as approved,https://open.toronto.ca/dataset/municipal-licensing-and-standards-business-licences-and-permits/
ISTILONG PINOY HAIR AND NAIL SALON,Hairstylist,Hair styling,,,B56-5419316,PERSONAL SERVICES SETTINGS,2026-03-06,Business name suggests hair/salon; event services unverified,low,Needs business and event-service verification; do not publish as approved,https://open.toronto.ca/dataset/municipal-licensing-and-standards-business-licences-and-permits/
ITALY HAIR DESIGN,Hairstylist,Hair styling,,4164634546,B56-0031056,PERSONAL SERVICES SETTINGS,2026-01-14,Business name suggests hair/salon; event services unverified,low,Needs business and event-service verification; do not publish as approved,https://open.toronto.ca/dataset/municipal-licensing-and-standards-business-licences-and-permits/
IVAN HAIR SALON,Hairstylist,Hair styling,,4163643876,B56-5632234,PERSONAL SERVICES SETTINGS,2026-05-06,Business name suggests hair/salon; event services unverified,low,Needs business and event-service verification; do not publish as approved,https://open.toronto.ca/dataset/municipal-licensing-and-standards-business-licences-and-permits/
J & E HAIR DESIGN,Hairstylist,Hair styling,,,B56-5657845,PERSONAL SERVICES SETTINGS,2026-08-11,Business name suggests hair/salon; event services unverified,low,Needs business and event-service verification; do not publish as approved,https://open.toronto.ca/dataset/municipal-licensing-and-standards-business-licences-and-permits/
J & K SALON,Hairstylist,Hair styling,,4162938933,B56-4290537,PERSONAL SERVICES SETTINGS,2026-01-16,Business name suggests hair/salon; event services unverified,low,Needs business and event-service verification; do not publish as approved,https://open.toronto.ca/dataset/municipal-licensing-and-standards-business-licences-and-permits/
J ART HAIR SALON,Hairstylist,Hair styling,,,B56-4819075,PERSONAL SERVICES SETTINGS,2026-02-20,Business name suggests hair/salon; event services unverified,low,Needs business and event-service verification; do not publish as approved,https://open.toronto.ca/dataset/municipal-licensing-and-standards-business-licences-and-permits/
J HAIR,Hairstylist,Hair styling,,,B56-5332947,PERSONAL SERVICES SETTINGS,2026-05-29,Business name suggests hair/salon; event services unverified,low,Needs business and event-service verification; do not publish as approved,https://open.toronto.ca/dataset/municipal-licensing-and-standards-business-licences-and-permits/
J HAIR SALON INC,Hairstylist,Hair styling,,6477272966,B56-4963648,PERSONAL SERVICES SETTINGS,2026-07-14,Business name suggests hair/salon; event services unverified,low,Needs business and event-service verification; do not publish as approved,https://open.toronto.ca/dataset/municipal-licensing-and-standards-business-licences-and-permits/
J&J BARBERSHOP AND HAIR SALON,Hairstylist,Hair styling,,,B56-5592321,PERSONAL SERVICES SETTINGS,2026-08-25,Business name suggests hair/salon; event services unverified,low,Needs business and event-service verification; do not publish as approved,https://open.toronto.ca/dataset/municipal-licensing-and-standards-business-licences-and-permits/
J'OF SALON,Hairstylist,Hair styling,,,B56-5567549,PERSONAL SERVICES SETTINGS,2026-07-17,Business name suggests hair/salon; event services unverified,low,Needs business and event-service verification; do not publish as approved,https://open.toronto.ca/dataset/municipal-licensing-and-standards-business-licences-and-permits/
J.J HAIR AND BEAUTY SALON,Hairstylist,Hair styling,,4169187588,B56-5232577,PERSONAL SERVICES SETTINGS,2026-09-15,Business name suggests hair/salon; event services unverified,low,Needs business and event-service verification; do not publish as approved,https://open.toronto.ca/dataset/municipal-licensing-and-standards-business-licences-and-permits/
JACOB'S HAIR SALON,Hairstylist,Hair styling,,4169283333,B56-5044351,PERSONAL SERVICES SETTINGS,2026-09-11,Business name suggests hair/salon; event services unverified,low,Needs business and event-service verification; do not publish as approved,https://open.toronto.ca/dataset/municipal-licensing-and-standards-business-licences-and-permits/
JAN HAIR SALON,Hairstylist,Hair styling,,,B56-4815459,PERSONAL SERVICES SETTINGS,2026-02-13,Business name suggests hair/salon; event services unverified,low,Needs business and event-service verification; do not publish as approved,https://open.toronto.ca/dataset/municipal-licensing-and-standards-business-licences-and-permits/
JANE'S HAIR BEAUTY SALON,Hairstylist,Hair styling,,4135302988,B56-4185241,PERSONAL SERVICES SETTINGS,2026-08-07,Business name suggests hair/salon; event services unverified,low,Needs business and event-service verification; do not publish as approved,https://open.toronto.ca/dataset/municipal-licensing-and-standards-business-licences-and-permits/
JANE'S SALON,Hairstylist,Hair styling,,,B56-4298575,PERSONAL SERVICES SETTINGS,2026-06-05,Business name suggests hair/salon; event services unverified,low,Needs business and event-service verification; do not publish as approved,https://open.toronto.ca/dataset/municipal-licensing-and-standards-business-licences-and-permits/
JASMINE BOUTIQUE & SALON,Hairstylist,Hair styling,,,B56-5216754,PERSONAL SERVICES SETTINGS,2026-08-04,Business name suggests hair/salon; event services unverified,low,Needs business and event-service verification; do not publish as approved,https://open.toronto.ca/dataset/municipal-licensing-and-standards-business-licences-and-permits/
JASON SWAINE HAIR INC,Hairstylist,Hair styling,,4169641714,B56-4076457,PERSONAL SERVICES SETTINGS,2026-01-06,Business name suggests hair/salon; event services unverified,low,Needs business and event-service verification; do not publish as approved,https://open.toronto.ca/dataset/municipal-licensing-and-standards-business-licences-and-permits/
JAY ONE HAIR SALON,Hairstylist,Hair styling,,4164956884,B56-4726965,PERSONAL SERVICES SETTINGS,2026-06-05,Business name suggests hair/salon; event services unverified,low,Needs business and event-service verification; do not publish as approved,https://open.toronto.ca/dataset/municipal-licensing-and-standards-business-licences-and-permits/
JAZZ CUT HAIR SALON,Hairstylist,Hair styling,,4164380332,B56-4964977,PERSONAL SERVICES SETTINGS,2026-07-14,Business name suggests hair/salon; event services unverified,low,Needs business and event-service verification; do not publish as approved,https://open.toronto.ca/dataset/municipal-licensing-and-standards-business-licences-and-permits/
JC HAIR BOUTIQUE,Hairstylist,Hair styling,,,B56-5454887,PERSONAL SERVICES SETTINGS,2026-06-19,Business name suggests hair/salon; event services unverified,low,Needs business and event-service verification; do not publish as approved,https://open.toronto.ca/dataset/municipal-licensing-and-standards-business-licences-and-permits/
JC SALON & SPA,Hairstylist,Hair styling,,4167502343,B56-5030129,PERSONAL SERVICES SETTINGS,2026-08-27,Business name suggests hair/salon; event services unverified,low,Needs business and event-service verification; do not publish as approved,https://open.toronto.ca/dataset/municipal-licensing-and-standards-business-licences-and-permits/
JENNIFER HAIR DESIGN,Hairstylist,Hair styling,,4167255366,B56-4863675,PERSONAL SERVICES SETTINGS,2025-10-10,Business name suggests hair/salon; event services unverified,low,Needs business and event-service verification; do not publish as approved,https://open.toronto.ca/dataset/municipal-licensing-and-standards-business-licences-and-permits/
JERA HAIR STUDIO,Hairstylist,Hair styling,,,B56-5363539,PERSONAL SERVICES SETTINGS,2025-11-04,Business name suggests hair/salon; event services unverified,low,Needs business and event-service verification; do not publish as approved,https://open.toronto.ca/dataset/municipal-licensing-and-standards-business-licences-and-permits/
JES FOR HAIR,Hairstylist,Hair styling,,4164913142,B56-5238661,PERSONAL SERVICES SETTINGS,2025-11-03,Business name suggests hair/salon; event services unverified,low,Needs business and event-service verification; do not publish as approved,https://open.toronto.ca/dataset/municipal-licensing-and-standards-business-licences-and-permits/
JESMIN HAIR & NAIL SPA,Hairstylist,Hair styling,,,B56-5376903,PERSONAL SERVICES SETTINGS,2025-12-30,Business name suggests hair/salon; event services unverified,low,Needs business and event-service verification; do not publish as approved,https://open.toronto.ca/dataset/municipal-licensing-and-standards-business-licences-and-permits/
JESUS IS THE ANSWER HAIR SALON AND HAIR PRODUCTS,Hairstylist,Hair styling,,4165692453,B56-5476171,PERSONAL SERVICES SETTINGS,2025-10-17,Business name suggests hair/salon; event services unverified,low,Needs business and event-service verification; do not publish as approved,https://open.toronto.ca/dataset/municipal-licensing-and-standards-business-licences-and-permits/
JIMMY'S HAIR SALON,Hairstylist,Hair styling,,6474385105,B56-4542133,PERSONAL SERVICES SETTINGS,2026-08-14,Business name suggests hair/salon; event services unverified,low,Needs business and event-service verification; do not publish as approved,https://open.toronto.ca/dataset/municipal-licensing-and-standards-business-licences-and-permits/
JINI HAIR STYLE,Hairstylist,Hair styling,,4166654181,B56-4425912,PERSONAL SERVICES SETTINGS,2026-01-02,Business name suggests hair/salon; event services unverified,low,Needs business and event-service verification; do not publish as approved,https://open.toronto.ca/dataset/municipal-licensing-and-standards-business-licences-and-permits/
JJ BEAUTY SALON,Hairstylist,Hair styling,,4165126874,B56-4310933,PERSONAL SERVICES SETTINGS,2026-06-09,Business name suggests hair/salon; event services unverified,low,Needs business and event-service verification; do not publish as approved,https://open.toronto.ca/dataset/municipal-licensing-and-standards-business-licences-and-permits/
JK HAIR DESIGN,Hairstylist,Hair styling,,4166388812,B56-3723615,PERSONAL SERVICES SETTINGS,2026-05-29,Business name suggests hair/salon; event services unverified,low,Needs business and event-service verification; do not publish as approved,https://open.toronto.ca/dataset/municipal-licensing-and-standards-business-licences-and-permits/
JOAQUINA HAIR STUDIO,Hairstylist,Hair styling,,,B56-5200295,PERSONAL SERVICES SETTINGS,2026-01-06,Business name suggests hair/salon; event services unverified,low,Needs business and event-service verification; do not publish as approved,https://open.toronto.ca/dataset/municipal-licensing-and-standards-business-licences-and-permits/
JOHN'S HAIRSTYLING,Hairstylist,Hair styling,,4164669810,B56-0216739,PERSONAL SERVICES SETTINGS,2026-02-13,Business name suggests hair/salon; event services unverified,low,Needs business and event-service verification; do not publish as approved,https://open.toronto.ca/dataset/municipal-licensing-and-standards-business-licences-and-permits/
JOINUS HAIR SALON,Hairstylist,Hair styling,,,B56-4076322,PERSONAL SERVICES SETTINGS,2026-02-13,Business name suggests hair/salon; event services unverified,low,Needs business and event-service verification; do not publish as approved,https://open.toronto.ca/dataset/municipal-licensing-and-standards-business-licences-and-permits/
JOLANTA'S HAIR STUDIO,Hairstylist,Hair styling,,6474274844,B56-4310259,PERSONAL SERVICES SETTINGS,2026-09-04,Business name suggests hair/salon; event services unverified,low,Needs business and event-service verification; do not publish as approved,https://open.toronto.ca/dataset/municipal-licensing-and-standards-business-licences-and-permits/
JOO BEAUTY SALON,Hairstylist,Hair styling,,,B56-4417335,PERSONAL SERVICES SETTINGS,2025-12-30,Business name suggests hair/salon; event services unverified,low,Needs business and event-service verification; do not publish as approved,https://open.toronto.ca/dataset/municipal-licensing-and-standards-business-licences-and-permits/
JOSEE'S HAIR STUDIO,Hairstylist,Hair styling,,4162870907,B56-3959588,PERSONAL SERVICES SETTINGS,2025-10-07,Business name suggests hair/salon; event services unverified,low,Needs business and event-service verification; do not publish as approved,https://open.toronto.ca/dataset/municipal-licensing-and-standards-business-licences-and-permits/
JOSEPH D HAIR CREATIONS,Hairstylist,Hair styling,,4167816639,B56-0027054,PERSONAL SERVICES SETTINGS,2026-08-04,Business name suggests hair/salon; event services unverified,low,Needs business and event-service verification; do not publish as approved,https://open.toronto.ca/dataset/municipal-licensing-and-standards-business-licences-and-permits/
JOSEPH'S BARBER SHOP & HAIRSTYLING,Hairstylist,Hair styling,,4164635247,B56-3618334,PERSONAL SERVICES SETTINGS,2026-01-13,Business name suggests hair/salon; event services unverified,low,Needs business and event-service verification; do not publish as approved,https://open.toronto.ca/dataset/municipal-licensing-and-standards-business-licences-and-permits/
JOSEPH'S HAIRSTYLING,Hairstylist,Hair styling,,4169673998,B56-5313750,PERSONAL SERVICES SETTINGS,2026-02-13,Business name suggests hair/salon; event services unverified,low,Needs business and event-service verification; do not publish as approved,https://open.toronto.ca/dataset/municipal-licensing-and-standards-business-licences-and-permits/
JOUJOU HAIR STUDIO,Hairstylist,Hair styling,,,B56-55A2192,PERSONAL SERVICES SETTINGS,2025-12-23,Business name suggests hair/salon; event services unverified,low,Needs business and event-service verification; do not publish as approved,https://open.toronto.ca/dataset/municipal-licensing-and-standards-business-licences-and-permits/
JR'S HAIR STUDIO,Hairstylist,Hair styling,,,B56-5134040,PERSONAL SERVICES SETTINGS,2026-07-24,Business name suggests hair/salon; event services unverified,low,Needs business and event-service verification; do not publish as approved,https://open.toronto.ca/dataset/municipal-licensing-and-standards-business-licences-and-permits/
JS HAIR SALON,Hairstylist,Hair styling,,4163622906,B56-5601634,PERSONAL SERVICES SETTINGS,2026-01-08,Business name suggests hair/salon; event services unverified,low,Needs business and event-service verification; do not publish as approved,https://open.toronto.ca/dataset/municipal-licensing-and-standards-business-licences-and-permits/
JUST INN HAIR ART,Hairstylist,Hair styling,,,B56-5643594,PERSONAL SERVICES SETTINGS,2026-06-19,Business name suggests hair/salon; event services unverified,low,Needs business and event-service verification; do not publish as approved,https://open.toronto.ca/dataset/municipal-licensing-and-standards-business-licences-and-permits/
JUST US HAIR STUDIO AND SPA,Hairstylist,Hair styling,,4167664314,B56-5459612,PERSONAL SERVICES SETTINGS,2026-08-04,Business name suggests hair/salon; event services unverified,low,Needs business and event-service verification; do not publish as approved,https://open.toronto.ca/dataset/municipal-licensing-and-standards-business-licences-and-permits/
JY BEST CUT UNI-SEX HAIR DESIGN STUDIO,Hairstylist,Hair styling,,4168168448,B56-3954312,PERSONAL SERVICES SETTINGS,2026-07-28,Business name suggests hair/salon; event services unverified,low,Needs business and event-service verification; do not publish as approved,https://open.toronto.ca/dataset/municipal-licensing-and-standards-business-licences-and-permits/
JYOTIKA'S SALON AND SPA,Hairstylist,Hair styling,,4165564475,B56-4541749,PERSONAL SERVICES SETTINGS,2026-09-15,Business name suggests hair/salon; event services unverified,low,Needs business and event-service verification; do not publish as approved,https://open.toronto.ca/dataset/municipal-licensing-and-standards-business-licences-and-permits/
K & C HAIR DESIGN,Hairstylist,Hair styling,,6478683998,B56-4983572,PERSONAL SERVICES SETTINGS,2026-08-28,Business name suggests hair/salon; event services unverified,low,Needs business and event-service verification; do not publish as approved,https://open.toronto.ca/dataset/municipal-licensing-and-standards-business-licences-and-permits/
K.LEE SALON & SPA,Hairstylist,Hair styling,,4166962505,B56-4807034,PERSONAL SERVICES SETTINGS,2026-02-20,Business name suggests hair/salon; event services unverified,low,Needs business and event-service verification; do not publish as approved,https://open.toronto.ca/dataset/municipal-licensing-and-standards-business-licences-and-permits/
K.Y. HAIR SALON,Hairstylist,Hair styling,,6478798966,B56-4424073,PERSONAL SERVICES SETTINGS,2026-06-23,Business name suggests hair/salon; event services unverified,low,Needs business and event-service verification; do not publish as approved,https://open.toronto.ca/dataset/municipal-licensing-and-standards-business-licences-and-permits/
KALON HAIR SOCIETY,Hairstylist,Hair styling,,,B56-4804830,PERSONAL SERVICES SETTINGS,2026-03-13,Business name suggests hair/salon; event services unverified,low,Needs business and event-service verification; do not publish as approved,https://open.toronto.ca/dataset/municipal-licensing-and-standards-business-licences-and-permits/
KASALI HAIR STUDIO,Hairstylist,Hair styling,,4165874945,B56-5663307,PERSONAL SERVICES SETTINGS,2026-08-27,Business name suggests hair/salon; event services unverified,low,Needs business and event-service verification; do not publish as approved,https://open.toronto.ca/dataset/municipal-licensing-and-standards-business-licences-and-permits/
KASHMIR BEAUTY SALON,Hairstylist,Hair styling,,,B56-4184543,PERSONAL SERVICES SETTINGS,2026-07-03,Business name suggests hair/salon; event services unverified,low,Needs business and event-service verification; do not publish as approved,https://open.toronto.ca/dataset/municipal-licensing-and-standards-business-licences-and-permits/
KEARNS & CO. HAIR,Hairstylist,Hair styling,,4166976014,B56-4705985,PERSONAL SERVICES SETTINGS,2026-04-20,Business name suggests hair/salon; event services unverified,low,Needs business and event-service verification; do not publish as approved,https://open.toronto.ca/dataset/municipal-licensing-and-standards-business-licences-and-permits/
KEDAR HAIR INC,Hairstylist,Hair styling,,,B56-5465287,PERSONAL SERVICES SETTINGS,2026-08-18,Business name suggests hair/salon; event services unverified,low,Needs business and event-service verification; do not publish as approved,https://open.toronto.ca/dataset/municipal-licensing-and-standards-business-licences-and-permits/
KEKE HAIR STUDIO,Hairstylist,Hair styling,,6477485353,B56-5202782,PERSONAL SERVICES SETTINGS,2026-09-18,Business name suggests hair/salon; event services unverified,low,Needs business and event-service verification; do not publish as approved,https://open.toronto.ca/dataset/municipal-licensing-and-standards-business-licences-and-permits/
KEVIN HAIR SALON,Hairstylist,Hair styling,,,B56-5418815,PERSONAL SERVICES SETTINGS,2026-01-30,Business name suggests hair/salon; event services unverified,low,Needs business and event-service verification; do not publish as approved,https://open.toronto.ca/dataset/municipal-licensing-and-standards-business-licences-and-permits/
KH BEAUTY SALON,Hairstylist,Hair styling,,,B56-55A1435,PERSONAL SERVICES SETTINGS,2025-12-16,Business name suggests hair/salon; event services unverified,low,Needs business and event-service verification; do not publish as approved,https://open.toronto.ca/dataset/municipal-licensing-and-standards-business-licences-and-permits/
KHOBSURAT BEAUTY SALON,Hairstylist,Hair styling,,4162982700,B56-3838999,PERSONAL SERVICES SETTINGS,2026-07-17,Business name suggests hair/salon; event services unverified,low,Needs business and event-service verification; do not publish as approved,https://open.toronto.ca/dataset/municipal-licensing-and-standards-business-licences-and-permits/
KIM DU SALON,Hairstylist,Hair styling,,6473888713,B56-4647504,PERSONAL SERVICES SETTINGS,2026-03-17,Business name suggests hair/salon; event services unverified,low,Needs business and event-service verification; do not publish as approved,https://open.toronto.ca/dataset/municipal-licensing-and-standards-business-licences-and-permits/
KIM'S HAIR FASHION,Hairstylist,Hair styling,,,B56-0244899,PERSONAL SERVICES SETTINGS,2026-06-16,Business name suggests hair/salon; event services unverified,low,Needs business and event-service verification; do not publish as approved,https://open.toronto.ca/dataset/municipal-licensing-and-standards-business-licences-and-permits/
KIM'S HAIR SALON,Hairstylist,Hair styling,,,B56-5630209,PERSONAL SERVICES SETTINGS,2026-05-11,Business name suggests hair/salon; event services unverified,low,Needs business and event-service verification; do not publish as approved,https://open.toronto.ca/dataset/municipal-licensing-and-standards-business-licences-and-permits/
KIM'S HAIR STUDIO,Hairstylist,Hair styling,,4162248228,B56-3592594,PERSONAL SERVICES SETTINGS,2026-05-01,Business name suggests hair/salon; event services unverified,low,Needs business and event-service verification; do not publish as approved,https://open.toronto.ca/dataset/municipal-licensing-and-standards-business-licences-and-permits/
KIM'S NAIL SALON BAYVIEW SPA,Hairstylist,Hair styling,,4164869518,B56-4535679,PERSONAL SERVICES SETTINGS,2026-03-31,Business name suggests hair/salon; event services unverified,low,Needs business and event-service verification; do not publish as approved,https://open.toronto.ca/dataset/municipal-licensing-and-standards-business-licences-and-permits/
KINGSWAY HAIR DESIGN,Hairstylist,Hair styling,,4162315932,B56-4971645,PERSONAL SERVICES SETTINGS,2026-08-28,Business name suggests hair/salon; event services unverified,low,Needs business and event-service verification; do not publish as approved,https://open.toronto.ca/dataset/municipal-licensing-and-standards-business-licences-and-permits/
KISMET HAIR,Hairstylist,Hair styling,,,B56-5534302,PERSONAL SERVICES SETTINGS,2026-06-09,Business name suggests hair/salon; event services unverified,low,Needs business and event-service verification; do not publish as approved,https://open.toronto.ca/dataset/municipal-licensing-and-standards-business-licences-and-permits/
KLUTE HAIR,Hairstylist,Hair styling,,6472238408,B56-4188659,PERSONAL SERVICES SETTINGS,2025-12-12,Business name suggests hair/salon; event services unverified,low,Needs business and event-service verification; do not publish as approved,https://open.toronto.ca/dataset/municipal-licensing-and-standards-business-licences-and-permits/
KOKO HAIR SALON,Hairstylist,Hair styling,,6473401188,B56-4955570,PERSONAL SERVICES SETTINGS,2026-06-26,Business name suggests hair/salon; event services unverified,low,Needs business and event-service verification; do not publish as approved,https://open.toronto.ca/dataset/municipal-licensing-and-standards-business-licences-and-permits/
KOWTHAR BEAUTY SUPPLY AND HAIRSTYLING,Hairstylist,Hair styling,,4168548301,B56-4850022,PERSONAL SERVICES SETTINGS,2026-07-28,Business name suggests hair/salon; event services unverified,low,Needs business and event-service verification; do not publish as approved,https://open.toronto.ca/dataset/municipal-licensing-and-standards-business-licences-and-permits/
KOZETA'S HAIR SALON,Hairstylist,Hair styling,,4169323131,B56-4422198,PERSONAL SERVICES SETTINGS,2026-07-07,Business name suggests hair/salon; event services unverified,low,Needs business and event-service verification; do not publish as approved,https://open.toronto.ca/dataset/municipal-licensing-and-standards-business-licences-and-permits/
KRYSTYNA'S HAIR STUDIO,Hairstylist,Hair styling,,4165335756,B56-3080543,PERSONAL SERVICES SETTINGS,2026-01-02,Business name suggests hair/salon; event services unverified,low,Needs business and event-service verification; do not publish as approved,https://open.toronto.ca/dataset/municipal-licensing-and-standards-business-licences-and-permits/
KTM SALON,Hairstylist,Hair styling,,4166500856,B56-4293864,PERSONAL SERVICES SETTINGS,2026-03-06,Business name suggests hair/salon; event services unverified,low,Needs business and event-service verification; do not publish as approved,https://open.toronto.ca/dataset/municipal-licensing-and-standards-business-licences-and-permits/
L & H HAIR,Hairstylist,Hair styling,,,B56-4538567,PERSONAL SERVICES SETTINGS,2026-05-15,Business name suggests hair/salon; event services unverified,low,Needs business and event-service verification; do not publish as approved,https://open.toronto.ca/dataset/municipal-licensing-and-standards-business-licences-and-permits/
L A M B SALON,Hairstylist,Hair styling,,6473505262,B56-5439086,PERSONAL SERVICES SETTINGS,2026-06-05,Business name suggests hair/salon; event services unverified,low,Needs business and event-service verification; do not publish as approved,https://open.toronto.ca/dataset/municipal-licensing-and-standards-business-licences-and-permits/
L A SALON,Hairstylist,Hair styling,,4164122928,B56-3007089,PERSONAL SERVICES SETTINGS,2026-05-05,Business name suggests hair/salon; event services unverified,low,Needs business and event-service verification; do not publish as approved,https://open.toronto.ca/dataset/municipal-licensing-and-standards-business-licences-and-permits/
L STUDIO SALON,Hairstylist,Hair styling,,,B56-5237585,PERSONAL SERVICES SETTINGS,2025-12-05,Business name suggests hair/salon; event services unverified,low,Needs business and event-service verification; do not publish as approved,https://open.toronto.ca/dataset/municipal-licensing-and-standards-business-licences-and-permits/
L&R SALON AND SPA INC,Hairstylist,Hair styling,,,B56-5561659,PERSONAL SERVICES SETTINGS,2026-06-19,Business name suggests hair/salon; event services unverified,low,Needs business and event-service verification; do not publish as approved,https://open.toronto.ca/dataset/municipal-licensing-and-standards-business-licences-and-permits/
LA BELLE CREATIVE HAIR SALON,Hairstylist,Hair styling,,6477482078,B56-4652183,PERSONAL SERVICES SETTINGS,2025-10-21,Business name suggests hair/salon; event services unverified,low,Needs business and event-service verification; do not publish as approved,https://open.toronto.ca/dataset/municipal-licensing-and-standards-business-licences-and-permits/
LA GORGIAS HAIR SALON,Hairstylist,Hair styling,,6479212933,B56-5200149,PERSONAL SERVICES SETTINGS,2026-01-09,Business name suggests hair/salon; event services unverified,low,Needs business and event-service verification; do not publish as approved,https://open.toronto.ca/dataset/municipal-licensing-and-standards-business-licences-and-permits/
LA MAIN DO'R SALON SPA,Hairstylist,Hair styling,,4165951069,B56-3949590,PERSONAL SERVICES SETTINGS,2026-09-25,Business name suggests hair/salon; event services unverified,low,Needs business and event-service verification; do not publish as approved,https://open.toronto.ca/dataset/municipal-licensing-and-standards-business-licences-and-permits/
LA ROSE HAIR SALON & SPA,Hairstylist,Hair styling,,,B56-5140044,PERSONAL SERVICES SETTINGS,2026-08-10,Business name suggests hair/salon; event services unverified,low,Needs business and event-service verification; do not publish as approved,https://open.toronto.ca/dataset/municipal-licensing-and-standards-business-licences-and-permits/
LA ROSE MEN'S HAIRSTYLING & BARBER SHOP,Hairstylist,Hair styling,,6479849977,B56-4909659,PERSONAL SERVICES SETTINGS,2026-02-06,Business name suggests hair/salon; event services unverified,low,Needs business and event-service verification; do not publish as approved,https://open.toronto.ca/dataset/municipal-licensing-and-standards-business-licences-and-permits/
LA TOUCHE HAIR STUDIO,Hairstylist,Hair styling,,4162671073,B56-4072534,PERSONAL SERVICES SETTINGS,2025-11-21,Business name suggests hair/salon; event services unverified,low,Needs business and event-service verification; do not publish as approved,https://open.toronto.ca/dataset/municipal-licensing-and-standards-business-licences-and-permits/
LAKEVIEW TOWER BEAUTY SALON NAILS & SPA,Hairstylist,Hair styling,,4165061347,B56-4538123,PERSONAL SERVICES SETTINGS,2026-07-17,Business name suggests hair/salon; event services unverified,low,Needs business and event-service verification; do not publish as approved,https://open.toronto.ca/dataset/municipal-licensing-and-standards-business-licences-and-permits/
LANA'S HAIR DESIGN,Hairstylist,Hair styling,,4162365535,B56-4707357,PERSONAL SERVICES SETTINGS,2026-02-20,Business name suggests hair/salon; event services unverified,low,Needs business and event-service verification; do not publish as approved,https://open.toronto.ca/dataset/municipal-licensing-and-standards-business-licences-and-permits/
LANGTON SALON,Hairstylist,Hair styling,,4163650481,B56-4823738,PERSONAL SERVICES SETTINGS,2026-05-22,Business name suggests hair/salon; event services unverified,low,Needs business and event-service verification; do not publish as approved,https://open.toronto.ca/dataset/municipal-licensing-and-standards-business-licences-and-permits/
LANKA SALON & SPA,Hairstylist,Hair styling,,,B56-5503089,PERSONAL SERVICES SETTINGS,2025-12-15,Business name suggests hair/salon; event services unverified,low,Needs business and event-service verification; do not publish as approved,https://open.toronto.ca/dataset/municipal-licensing-and-standards-business-licences-and-permits/
LATIN HAIR DESIGN BY LUIS,Hairstylist,Hair styling,,4167851977,B56-3721491,PERSONAL SERVICES SETTINGS,2026-04-14,Business name suggests hair/salon; event services unverified,low,Needs business and event-service verification; do not publish as approved,https://open.toronto.ca/dataset/municipal-licensing-and-standards-business-licences-and-permits/
LAURA'S HAIR DESIGN,Hairstylist,Hair styling,,4166584848,B56-3836705,PERSONAL SERVICES SETTINGS,2026-04-24,Business name suggests hair/salon; event services unverified,low,Needs business and event-service verification; do not publish as approved,https://open.toronto.ca/dataset/municipal-licensing-and-standards-business-licences-and-permits/
LAV HAIR STUDIO,Hairstylist,Hair styling,,,B56-5478510,PERSONAL SERVICES SETTINGS,2025-09-19,Business name suggests hair/salon; event services unverified,low,Needs business and event-service verification; do not publish as approved,https://open.toronto.ca/dataset/municipal-licensing-and-standards-business-licences-and-permits/
LAYMON HAIR SALON & AESTHETICS,Hairstylist,Hair styling,,6473479099,B56-4427512,PERSONAL SERVICES SETTINGS,2025-10-03,Business name suggests hair/salon; event services unverified,low,Needs business and event-service verification; do not publish as approved,https://open.toronto.ca/dataset/municipal-licensing-and-standards-business-licences-and-permits/
LE PETIT PALAIS HAIR SALON,Hairstylist,Hair styling,,4169943833,B56-4889182,PERSONAL SERVICES SETTINGS,2026-02-27,Business name suggests hair/salon; event services unverified,low,Needs business and event-service verification; do not publish as approved,https://open.toronto.ca/dataset/municipal-licensing-and-standards-business-licences-and-permits/
LE PETTITE SALON,Hairstylist,Hair styling,,,B56-5236160,PERSONAL SERVICES SETTINGS,2025-09-26,Business name suggests hair/salon; event services unverified,low,Needs business and event-service verification; do not publish as approved,https://open.toronto.ca/dataset/municipal-licensing-and-standards-business-licences-and-permits/
LECHELLE'S HAIR,Hairstylist,Hair styling,,,B56-5208503,PERSONAL SERVICES SETTINGS,2026-04-28,Business name suggests hair/salon; event services unverified,low,Needs business and event-service verification; do not publish as approved,https://open.toronto.ca/dataset/municipal-licensing-and-standards-business-licences-and-permits/
LEE'S HAIR SALON,Hairstylist,Hair styling,,4169215598,B56-3483142,PERSONAL SERVICES SETTINGS,2025-09-23,Business name suggests hair/salon; event services unverified,low,Needs business and event-service verification; do not publish as approved,https://open.toronto.ca/dataset/municipal-licensing-and-standards-business-licences-and-permits/
LEMAY BEAUTY SALON & SPA,Hairstylist,Hair styling,,4169234150,B56-4202616,PERSONAL SERVICES SETTINGS,2026-04-03,Business name suggests hair/salon; event services unverified,low,Needs business and event-service verification; do not publish as approved,https://open.toronto.ca/dataset/municipal-licensing-and-standards-business-licences-and-permits/
LEON'S HAIR SALON AND BARBER SHOP,Hairstylist,Hair styling,,,B56-5486564,PERSONAL SERVICES SETTINGS,2025-11-04,Business name suggests hair/salon; event services unverified,low,Needs business and event-service verification; do not publish as approved,https://open.toronto.ca/dataset/municipal-licensing-and-standards-business-licences-and-permits/
LERICH BEAUTY SALON,Hairstylist,Hair styling,,4166350101,B56-5561629,PERSONAL SERVICES SETTINGS,2025-07-07,Business name suggests hair/salon; event services unverified,low,Needs business and event-service verification; do not publish as approved,https://open.toronto.ca/dataset/municipal-licensing-and-standards-business-licences-and-permits/
LERMA'S BEAUTY SALON,Hairstylist,Hair styling,,4167830624,B56-4653148,PERSONAL SERVICES SETTINGS,2026-05-29,Business name suggests hair/salon; event services unverified,low,Needs business and event-service verification; do not publish as approved,https://open.toronto.ca/dataset/municipal-licensing-and-standards-business-licences-and-permits/
LEVEL 10 HAIR STUDIO,Hairstylist,Hair styling,,4165429455,B56-4956302,PERSONAL SERVICES SETTINGS,2025-08-22,Business name suggests hair/salon; event services unverified,low,Needs business and event-service verification; do not publish as approved,https://open.toronto.ca/dataset/municipal-licensing-and-standards-business-licences-and-permits/
LEVEL TWO HAIR STUDIO,Hairstylist,Hair styling,,4169617091,B56-4187161,PERSONAL SERVICES SETTINGS,2025-10-21,Business name suggests hair/salon; event services unverified,low,Needs business and event-service verification; do not publish as approved,https://open.toronto.ca/dataset/municipal-licensing-and-standards-business-licences-and-permits/
LIANMEI SALON,Hairstylist,Hair styling,,4169772339,B56-4647590,PERSONAL SERVICES SETTINGS,2026-04-07,Business name suggests hair/salon; event services unverified,low,Needs business and event-service verification; do not publish as approved,https://open.toronto.ca/dataset/municipal-licensing-and-standards-business-licences-and-permits/
LIFE HAIR STUDIO,Hairstylist,Hair styling,,4165355225,B56-4310294,PERSONAL SERVICES SETTINGS,2026-04-14,Business name suggests hair/salon; event services unverified,low,Needs business and event-service verification; do not publish as approved,https://open.toronto.ca/dataset/municipal-licensing-and-standards-business-licences-and-permits/
LIFESTYLE BEAUTY SALON,Hairstylist,Hair styling,,6472208989,B56-4984943,PERSONAL SERVICES SETTINGS,2025-09-12,Business name suggests hair/salon; event services unverified,low,Needs business and event-service verification; do not publish as approved,https://open.toronto.ca/dataset/municipal-licensing-and-standards-business-licences-and-permits/
LIFT HAIR STUDIO,Hairstylist,Hair styling,,,B56-5647523,PERSONAL SERVICES SETTINGS,2026-08-04,Business name suggests hair/salon; event services unverified,low,Needs business and event-service verification; do not publish as approved,https://open.toronto.ca/dataset/municipal-licensing-and-standards-business-licences-and-permits/
LILAC HAIR STUDIO,Hairstylist,Hair styling,,4164401110,B56-5141875,PERSONAL SERVICES SETTINGS,2026-09-25,Business name suggests hair/salon; event services unverified,low,Needs business and event-service verification; do not publish as approved,https://open.toronto.ca/dataset/municipal-licensing-and-standards-business-licences-and-permits/
LILY HOLISTIC SPA & HAIR SALON,Hairstylist,Hair styling,,6478627703,B56-5548107,PERSONAL SERVICES SETTINGS,2026-07-24,Business name suggests hair/salon; event services unverified,low,Needs business and event-service verification; do not publish as approved,https://open.toronto.ca/dataset/municipal-licensing-and-standards-business-licences-and-permits/
LILY'S HAIR SALON,Hairstylist,Hair styling,,4162310009,B56-3243970,PERSONAL SERVICES SETTINGS,2026-04-21,Business name suggests hair/salon; event services unverified,low,Needs business and event-service verification; do not publish as approved,https://open.toronto.ca/dataset/municipal-licensing-and-standards-business-licences-and-permits/
LINA'S HAIR DESIGN,Hairstylist,Hair styling,,4165161586,B56-3501215,PERSONAL SERVICES SETTINGS,2025-11-04,Business name suggests hair/salon; event services unverified,low,Needs business and event-service verification; do not publish as approved,https://open.toronto.ca/dataset/municipal-licensing-and-standards-business-licences-and-permits/
LISA'S UNISEX HAIR DESIGN,Hairstylist,Hair styling,,,B56-3363454,PERSONAL SERVICES SETTINGS,2026-05-19,Business name suggests hair/salon; event services unverified,low,Needs business and event-service verification; do not publish as approved,https://open.toronto.ca/dataset/municipal-licensing-and-standards-business-licences-and-permits/
LITTLE BIRD SALON,Hairstylist,Hair styling,,4164692828,B56-4709402,PERSONAL SERVICES SETTINGS,2026-03-09,Business name suggests hair/salon; event services unverified,low,Needs business and event-service verification; do not publish as approved,https://open.toronto.ca/dataset/municipal-licensing-and-standards-business-licences-and-permits/
LOFT HAIR LOUNGE,Hairstylist,Hair styling,,4167038686,B56-4304088,PERSONAL SERVICES SETTINGS,2025-12-19,Business name suggests hair/salon; event services unverified,low,Needs business and event-service verification; do not publish as approved,https://open.toronto.ca/dataset/municipal-licensing-and-standards-business-licences-and-permits/
LOKI HAIR STUDIO,Hairstylist,Hair styling,,4168309995,B56-4745132,PERSONAL SERVICES SETTINGS,2025-12-19,Business name suggests hair/salon; event services unverified,low,Needs business and event-service verification; do not publish as approved,https://open.toronto.ca/dataset/municipal-licensing-and-standards-business-licences-and-permits/
LOLA SALON,Hairstylist,Hair styling,,,B56-4541974,PERSONAL SERVICES SETTINGS,2026-09-25,Business name suggests hair/salon; event services unverified,low,Needs business and event-service verification; do not publish as approved,https://open.toronto.ca/dataset/municipal-licensing-and-standards-business-licences-and-permits/
LOLA SALON PARKDALE,Hairstylist,Hair styling,,,B56-5363613,PERSONAL SERVICES SETTINGS,2025-10-07,Business name suggests hair/salon; event services unverified,low,Needs business and event-service verification; do not publish as approved,https://open.toronto.ca/dataset/municipal-licensing-and-standards-business-licences-and-permits/
LORD BYRON'S MEN HAIRSTYLING,Hairstylist,Hair styling,,4164614602,B56-0036923,PERSONAL SERVICES SETTINGS,2026-01-09,Business name suggests hair/salon; event services unverified,low,Needs business and event-service verification; do not publish as approved,https://open.toronto.ca/dataset/municipal-licensing-and-standards-business-licences-and-permits/
LOREAN HAIR SALON,Hairstylist,Hair styling,,4164655577,B56-55A5614,PERSONAL SERVICES SETTINGS,2026-04-13,Business name suggests hair/salon; event services unverified,low,Needs business and event-service verification; do not publish as approved,https://open.toronto.ca/dataset/municipal-licensing-and-standards-business-licences-and-permits/
LORNA'S BEAUTY SALON,Hairstylist,Hair styling,,4165333338,B56-0006058,PERSONAL SERVICES SETTINGS,2026-01-08,Business name suggests hair/salon; event services unverified,low,Needs business and event-service verification; do not publish as approved,https://open.toronto.ca/dataset/municipal-licensing-and-standards-business-licences-and-permits/
LOTTE HAIR DECOR,Hairstylist,Hair styling,,4162409800,B56-4946044,PERSONAL SERVICES SETTINGS,2026-05-19,Business name suggests hair/salon; event services unverified,low,Needs business and event-service verification; do not publish as approved,https://open.toronto.ca/dataset/municipal-licensing-and-standards-business-licences-and-permits/
LOTUS HAIR SALON,Hairstylist,Hair styling,,4164097878,B56-4991233; B56-5502068; B56-5639648,PERSONAL SERVICES SETTINGS,2026-09-22,Business name suggests hair/salon; event services unverified,low,Needs business and event-service verification; do not publish as approved,https://open.toronto.ca/dataset/municipal-licensing-and-standards-business-licences-and-permits/
LOUCEELOU SALON,Hairstylist,Hair styling,,4164259927,B56-5561652,PERSONAL SERVICES SETTINGS,2026-05-22,Business name suggests hair/salon; event services unverified,low,Needs business and event-service verification; do not publish as approved,https://open.toronto.ca/dataset/municipal-licensing-and-standards-business-licences-and-permits/
LOVES 2 DO HAIR,Hairstylist,Hair styling,,4167470575,B56-5237675,PERSONAL SERVICES SETTINGS,2026-03-06,Business name suggests hair/salon; event services unverified,low,Needs business and event-service verification; do not publish as approved,https://open.toronto.ca/dataset/municipal-licensing-and-standards-business-licences-and-permits/
LOVIN'S BEAUTY SALON & SPA,Hairstylist,Hair styling,,,B56-4719067,PERSONAL SERVICES SETTINGS,2026-06-12,Business name suggests hair/salon; event services unverified,low,Needs business and event-service verification; do not publish as approved,https://open.toronto.ca/dataset/municipal-licensing-and-standards-business-licences-and-permits/
LOXX HAIR DESIGN,Hairstylist,Hair styling,,,B56-5104613,PERSONAL SERVICES SETTINGS,2026-02-03,Business name suggests hair/salon; event services unverified,low,Needs business and event-service verification; do not publish as approved,https://open.toronto.ca/dataset/municipal-licensing-and-standards-business-licences-and-permits/
LP HAIR ENTERPRISE,Hairstylist,Hair styling,,6478981188,B56-4190325,PERSONAL SERVICES SETTINGS,2026-01-13,Business name suggests hair/salon; event services unverified,low,Needs business and event-service verification; do not publish as approved,https://open.toronto.ca/dataset/municipal-licensing-and-standards-business-licences-and-permits/
LUCID SALON,Hairstylist,Hair styling,,4165196562,B56-4429929,PERSONAL SERVICES SETTINGS,2025-12-23,Business name suggests hair/salon; event services unverified,low,Needs business and event-service verification; do not publish as approved,https://open.toronto.ca/dataset/municipal-licensing-and-standards-business-licences-and-permits/
LUCINDA BEAUTY SALON,Hairstylist,Hair styling,,4165360600,B56-0006017,PERSONAL SERVICES SETTINGS,2025-12-19,Business name suggests hair/salon; event services unverified,low,Needs business and event-service verification; do not publish as approved,https://open.toronto.ca/dataset/municipal-licensing-and-standards-business-licences-and-permits/
LUCIO'S HAIR FASHIONS,Hairstylist,Hair styling,,4167817270,B56-5221916,PERSONAL SERVICES SETTINGS,2026-06-09,Business name suggests hair/salon; event services unverified,low,Needs business and event-service verification; do not publish as approved,https://open.toronto.ca/dataset/municipal-licensing-and-standards-business-licences-and-permits/
LUCKY HAIR SALON,Hairstylist,Hair styling,,6473451388,B56-4290862; B56-4306074,PERSONAL SERVICES SETTINGS,2026-02-03,Business name suggests hair/salon; event services unverified,low,Needs business and event-service verification; do not publish as approved,https://open.toronto.ca/dataset/municipal-licensing-and-standards-business-licences-and-permits/
LUCY UNISEX SALON,Hairstylist,Hair styling,,4169011614,B56-4076095,PERSONAL SERVICES SETTINGS,2025-10-31,Business name suggests hair/salon; event services unverified,low,Needs business and event-service verification; do not publish as approved,https://open.toronto.ca/dataset/municipal-licensing-and-standards-business-licences-and-permits/
LUDABELLO SALON,Hairstylist,Hair styling,,,B56-5652114,PERSONAL SERVICES SETTINGS,2026-07-17,Business name suggests hair/salon; event services unverified,low,Needs business and event-service verification; do not publish as approved,https://open.toronto.ca/dataset/municipal-licensing-and-standards-business-licences-and-permits/
LUNA 1 HAIR SALON,Hairstylist,Hair styling,,4166306378,B56-4903180,PERSONAL SERVICES SETTINGS,2026-02-20,Business name suggests hair/salon; event services unverified,low,Needs business and event-service verification; do not publish as approved,https://open.toronto.ca/dataset/municipal-licensing-and-standards-business-licences-and-permits/
LUXE HAIR SALON AND SPA,Hairstylist,Hair styling,,,B56-5400323,PERSONAL SERVICES SETTINGS,2026-01-08,Business name suggests hair/salon; event services unverified,low,Needs business and event-service verification; do not publish as approved,https://open.toronto.ca/dataset/municipal-licensing-and-standards-business-licences-and-permits/
LUXURY HAIR EXTENSIONZ,Hairstylist,Hair styling,,,B56-5505399,PERSONAL SERVICES SETTINGS,2026-01-06,Business name suggests hair/salon; event services unverified,low,Needs business and event-service verification; do not publish as approved,https://open.toronto.ca/dataset/municipal-licensing-and-standards-business-licences-and-permits/
LW HAIR SALON,Hairstylist,Hair styling,,4168763911,B56-4714354,PERSONAL SERVICES SETTINGS,2026-03-17,Business name suggests hair/salon; event services unverified,low,Needs business and event-service verification; do not publish as approved,https://open.toronto.ca/dataset/municipal-licensing-and-standards-business-licences-and-permits/
LYNNE'S BEAUTY SALON & SPA LTD,Hairstylist,Hair styling,,,B56-4987509,PERSONAL SERVICES SETTINGS,2025-11-25,Business name suggests hair/salon; event services unverified,low,Needs business and event-service verification; do not publish as approved,https://open.toronto.ca/dataset/municipal-licensing-and-standards-business-licences-and-permits/
M&Y HAIR SALON,Hairstylist,Hair styling,,,B56-5459087,PERSONAL SERVICES SETTINGS,2026-07-17,Business name suggests hair/salon; event services unverified,low,Needs business and event-service verification; do not publish as approved,https://open.toronto.ca/dataset/municipal-licensing-and-standards-business-licences-and-permits/
MAGNATTUDE HAIR STUDIO,Hairstylist,Hair styling,,4166939355,B56-4536948,PERSONAL SERVICES SETTINGS,2026-05-12,Business name suggests hair/salon; event services unverified,low,Needs business and event-service verification; do not publish as approved,https://open.toronto.ca/dataset/municipal-licensing-and-standards-business-licences-and-permits/
MAI ING HAIR EXPRESSION,Hairstylist,Hair styling,,,B56-4725375,PERSONAL SERVICES SETTINGS,2026-06-05,Business name suggests hair/salon; event services unverified,low,Needs business and event-service verification; do not publish as approved,https://open.toronto.ca/dataset/municipal-licensing-and-standards-business-licences-and-permits/
MAIMOONA CHOUDHRY O/A MAHEK BEAUTY SALON,Hairstylist,Hair styling,,4167487574,B56-3609715,PERSONAL SERVICES SETTINGS,2026-05-15,Business name suggests hair/salon; event services unverified,low,Needs business and event-service verification; do not publish as approved,https://open.toronto.ca/dataset/municipal-licensing-and-standards-business-licences-and-permits/
MANDY'S BEAUTY SUPPLIES HAIR SALON AND SPA,Hairstylist,Hair styling,,,B56-5650573,PERSONAL SERVICES SETTINGS,2026-07-14,Business name suggests hair/salon; event services unverified,low,Needs business and event-service verification; do not publish as approved,https://open.toronto.ca/dataset/municipal-licensing-and-standards-business-licences-and-permits/
MANE STATEMENT BEAUTY SALON,Hairstylist,Hair styling,,,B56-5647373,PERSONAL SERVICES SETTINGS,2026-06-25,Business name suggests hair/salon; event services unverified,low,Needs business and event-service verification; do not publish as approved,https://open.toronto.ca/dataset/municipal-licensing-and-standards-business-licences-and-permits/
MANESTREAM SALON,Hairstylist,Hair styling,,,B56-5506537,PERSONAL SERVICES SETTINGS,2026-01-30,Business name suggests hair/salon; event services unverified,low,Needs business and event-service verification; do not publish as approved,https://open.toronto.ca/dataset/municipal-licensing-and-standards-business-licences-and-permits/
MANUEL'S UNISEX HAIRSTYLING,Hairstylist,Hair styling,,4165370368,B56-4307818,PERSONAL SERVICES SETTINGS,2026-04-24,Business name suggests hair/salon; event services unverified,low,Needs business and event-service verification; do not publish as approved,https://open.toronto.ca/dataset/municipal-licensing-and-standards-business-licences-and-permits/
MANZER HAIR STUDIO,Hairstylist,Hair styling,,4166914444,B56-4657259,PERSONAL SERVICES SETTINGS,2026-07-22,Business name suggests hair/salon; event services unverified,low,Needs business and event-service verification; do not publish as approved,https://open.toronto.ca/dataset/municipal-licensing-and-standards-business-licences-and-permits/
MARAL SALON,Hairstylist,Hair styling,,6473523336,B56-5228310,PERSONAL SERVICES SETTINGS,2025-10-10,Business name suggests hair/salon; event services unverified,low,Needs business and event-service verification; do not publish as approved,https://open.toronto.ca/dataset/municipal-licensing-and-standards-business-licences-and-permits/
MARBELLA HAIR LAB,Hairstylist,Hair styling,,4167890303,B56-4872390,PERSONAL SERVICES SETTINGS,2026-08-25,Business name suggests hair/salon; event services unverified,low,Needs business and event-service verification; do not publish as approved,https://open.toronto.ca/dataset/municipal-licensing-and-standards-business-licences-and-permits/
MARCA COLLEGE OF HAIR & ESTHETICS,Hairstylist,Hair styling,,4167099537,B56-3091920,PERSONAL SERVICES SETTINGS,2026-09-17,Business name suggests hair/salon; event services unverified,low,Needs business and event-service verification; do not publish as approved,https://open.toronto.ca/dataset/municipal-licensing-and-standards-business-licences-and-permits/
MARCO SALON & SPA,Hairstylist,Hair styling,,,B56-5245313,PERSONAL SERVICES SETTINGS,2026-02-10,Business name suggests hair/salon; event services unverified,low,Needs business and event-service verification; do not publish as approved,https://open.toronto.ca/dataset/municipal-licensing-and-standards-business-licences-and-permits/
MARGARET'S HAIR SALON,Hairstylist,Hair styling,,,B56-55A3455,PERSONAL SERVICES SETTINGS,2025-12-05,Business name suggests hair/salon; event services unverified,low,Needs business and event-service verification; do not publish as approved,https://open.toronto.ca/dataset/municipal-licensing-and-standards-business-licences-and-permits/
MARIA BEAUTY SALON,Hairstylist,Hair styling,,,B56-5451184,PERSONAL SERVICES SETTINGS,2026-07-20,Business name suggests hair/salon; event services unverified,low,Needs business and event-service verification; do not publish as approved,https://open.toronto.ca/dataset/municipal-licensing-and-standards-business-licences-and-permits/
MARILYN BEAUTY SUPPLIES & UNISEX SALON,Hairstylist,Hair styling,,4162497360,B56-3956065,PERSONAL SERVICES SETTINGS,2026-09-04,Business name suggests hair/salon; event services unverified,low,Needs business and event-service verification; do not publish as approved,https://open.toronto.ca/dataset/municipal-licensing-and-standards-business-licences-and-permits/
MARKHAM BROTHERS HAIR STUDIO,Hairstylist,Hair styling,,,B56-55A6155,PERSONAL SERVICES SETTINGS,2026-01-06,Business name suggests hair/salon; event services unverified,low,Needs business and event-service verification; do not publish as approved,https://open.toronto.ca/dataset/municipal-licensing-and-standards-business-licences-and-permits/
MARKHAM BROTHERS SALON,Hairstylist,Hair styling,,,B56-55A3819,PERSONAL SERVICES SETTINGS,2025-12-05,Business name suggests hair/salon; event services unverified,low,Needs business and event-service verification; do not publish as approved,https://open.toronto.ca/dataset/municipal-licensing-and-standards-business-licences-and-permits/
MASTERPIECE HAIR DESIGN AND ESTHETICS,Hairstylist,Hair styling,,6479988709,B56-4652724,PERSONAL SERVICES SETTINGS,2026-06-02,Business name suggests hair/salon; event services unverified,low,Needs business and event-service verification; do not publish as approved,https://open.toronto.ca/dataset/municipal-licensing-and-standards-business-licences-and-permits/
MATEUS HAIR,Hairstylist,Hair styling,,6474365513,B56-4201725,PERSONAL SERVICES SETTINGS,2026-07-07,Business name suggests hair/salon; event services unverified,low,Needs business and event-service verification; do not publish as approved,https://open.toronto.ca/dataset/municipal-licensing-and-standards-business-licences-and-permits/
MATTHEW VINCENT HAIR STUDIO,Hairstylist,Hair styling,,4166380483,B56-3475922,PERSONAL SERVICES SETTINGS,2026-09-08,Business name suggests hair/salon; event services unverified,low,Needs business and event-service verification; do not publish as approved,https://open.toronto.ca/dataset/municipal-licensing-and-standards-business-licences-and-permits/
MAURISA HAIR DESIGN,Hairstylist,Hair styling,,,B56-0218203,PERSONAL SERVICES SETTINGS,2026-04-17,Business name suggests hair/salon; event services unverified,low,Needs business and event-service verification; do not publish as approved,https://open.toronto.ca/dataset/municipal-licensing-and-standards-business-licences-and-permits/
MAVLANA HAIR STYLIST,Hairstylist,Hair styling,,,B56-3002664,PERSONAL SERVICES SETTINGS,2026-03-06,Business name suggests hair/salon; event services unverified,low,Needs business and event-service verification; do not publish as approved,https://open.toronto.ca/dataset/municipal-licensing-and-standards-business-licences-and-permits/
MAYA HAIR SALON,Hairstylist,Hair styling,,4165881480,B56-3618908,PERSONAL SERVICES SETTINGS,2025-12-16,Business name suggests hair/salon; event services unverified,low,Needs business and event-service verification; do not publish as approved,https://open.toronto.ca/dataset/municipal-licensing-and-standards-business-licences-and-permits/
MAZZ SALON,Hairstylist,Hair styling,,,B56-5203025,PERSONAL SERVICES SETTINGS,2026-03-11,Business name suggests hair/salon; event services unverified,low,Needs business and event-service verification; do not publish as approved,https://open.toronto.ca/dataset/municipal-licensing-and-standards-business-licences-and-permits/
MEERA BEAUTY SALON,Hairstylist,Hair styling,,,B56-5409161,PERSONAL SERVICES SETTINGS,2026-03-06,Business name suggests hair/salon; event services unverified,low,Needs business and event-service verification; do not publish as approved,https://open.toronto.ca/dataset/municipal-licensing-and-standards-business-licences-and-permits/
MEET U NAIL SALON,Hairstylist,Hair styling,,,B56-55B1878,PERSONAL SERVICES SETTINGS,2026-01-20,Business name suggests hair/salon; event services unverified,low,Needs business and event-service verification; do not publish as approved,https://open.toronto.ca/dataset/municipal-licensing-and-standards-business-licences-and-permits/
MEG'S HAIR LOFT,Hairstylist,Hair styling,,,B56-5306563,PERSONAL SERVICES SETTINGS,2026-02-06,Business name suggests hair/salon; event services unverified,low,Needs business and event-service verification; do not publish as approved,https://open.toronto.ca/dataset/municipal-licensing-and-standards-business-licences-and-permits/
MEI LAN SALON,Hairstylist,Hair styling,,6474076374,B56-3947180,PERSONAL SERVICES SETTINGS,2026-01-06,Business name suggests hair/salon; event services unverified,low,Needs business and event-service verification; do not publish as approved,https://open.toronto.ca/dataset/municipal-licensing-and-standards-business-licences-and-permits/
MERAKI HAIR STUDIO,Hairstylist,Hair styling,,4163331100,B56-4874780,PERSONAL SERVICES SETTINGS,2026-09-26,Business name suggests hair/salon; event services unverified,low,Needs business and event-service verification; do not publish as approved,https://open.toronto.ca/dataset/municipal-licensing-and-standards-business-licences-and-permits/
MERCEDES HAIR STUDIO,Hairstylist,Hair styling,,4167313561,B56-4534880,PERSONAL SERVICES SETTINGS,2026-05-19,Business name suggests hair/salon; event services unverified,low,Needs business and event-service verification; do not publish as approved,https://open.toronto.ca/dataset/municipal-licensing-and-standards-business-licences-and-permits/
MGN HAIR STUDIO,Hairstylist,Hair styling,,,B56-4665454,PERSONAL SERVICES SETTINGS,2025-08-08,Business name suggests hair/salon; event services unverified,low,Needs business and event-service verification; do not publish as approved,https://open.toronto.ca/dataset/municipal-licensing-and-standards-business-licences-and-permits/
MICHAEL HAIR DESIGN,Hairstylist,Hair styling,,4166952962,B56-4417553,PERSONAL SERVICES SETTINGS,2026-02-13,Business name suggests hair/salon; event services unverified,low,Needs business and event-service verification; do not publish as approved,https://open.toronto.ca/dataset/municipal-licensing-and-standards-business-licences-and-permits/
MICHAEL RUTLEDGE JALOUSE HAIR,Hairstylist,Hair styling,,4164404247,B56-4684445,PERSONAL SERVICES SETTINGS,2025-09-26,Business name suggests hair/salon; event services unverified,low,Needs business and event-service verification; do not publish as approved,https://open.toronto.ca/dataset/municipal-licensing-and-standards-business-licences-and-permits/
MICHAEL SU HAIR DESIGN,Hairstylist,Hair styling,,,B56-5208973,PERSONAL SERVICES SETTINGS,2026-05-12,Business name suggests hair/salon; event services unverified,low,Needs business and event-service verification; do not publish as approved,https://open.toronto.ca/dataset/municipal-licensing-and-standards-business-licences-and-permits/
MICHAEL'S HAIR SALON,Hairstylist,Hair styling,,,B56-5048848,PERSONAL SERVICES SETTINGS,2026-01-30,Business name suggests hair/salon; event services unverified,low,Needs business and event-service verification; do not publish as approved,https://open.toronto.ca/dataset/municipal-licensing-and-standards-business-licences-and-permits/
MICHAEL'S SALON,Hairstylist,Hair styling,,4162336183,B56-5549793,PERSONAL SERVICES SETTINGS,2026-04-06,Business name suggests hair/salon; event services unverified,low,Needs business and event-service verification; do not publish as approved,https://open.toronto.ca/dataset/municipal-licensing-and-standards-business-licences-and-permits/
MIKE'S MEN'S HAIR STYLING INC,Hairstylist,Hair styling,,,B56-0245245,PERSONAL SERVICES SETTINGS,2026-07-21,Business name suggests hair/salon; event services unverified,low,Needs business and event-service verification; do not publish as approved,https://open.toronto.ca/dataset/municipal-licensing-and-standards-business-licences-and-permits/
MILAN HAIR STUDIOS,Hairstylist,Hair styling,,4167890661,B56-3109409,PERSONAL SERVICES SETTINGS,2026-05-22,Business name suggests hair/salon; event services unverified,low,Needs business and event-service verification; do not publish as approved,https://open.toronto.ca/dataset/municipal-licensing-and-standards-business-licences-and-permits/
MILANO HAIR PLACE,Hairstylist,Hair styling,,,B56-5236979,PERSONAL SERVICES SETTINGS,2025-10-31,Business name suggests hair/salon; event services unverified,low,Needs business and event-service verification; do not publish as approved,https://open.toronto.ca/dataset/municipal-licensing-and-standards-business-licences-and-permits/
MILY HAIR SALON,Hairstylist,Hair styling,,,B56-5013560,PERSONAL SERVICES SETTINGS,2025-12-30,Business name suggests hair/salon; event services unverified,low,Needs business and event-service verification; do not publish as approved,https://open.toronto.ca/dataset/municipal-licensing-and-standards-business-licences-and-permits/
MIMI BEAUTY HAIR & SALON,Hairstylist,Hair styling,,4169156464,B56-3612225,PERSONAL SERVICES SETTINGS,2026-05-29,Business name suggests hair/salon; event services unverified,low,Needs business and event-service verification; do not publish as approved,https://open.toronto.ca/dataset/municipal-licensing-and-standards-business-licences-and-permits/
MING YANG HAIR SALON,Hairstylist,Hair styling,,,B56-5307676,PERSONAL SERVICES SETTINGS,2025-12-26,Business name suggests hair/salon; event services unverified,low,Needs business and event-service verification; do not publish as approved,https://open.toronto.ca/dataset/municipal-licensing-and-standards-business-licences-and-permits/
MINI HAIR SALON,Hairstylist,Hair styling,,4166716611,B56-4181766,PERSONAL SERVICES SETTINGS,2026-05-19,Business name suggests hair/salon; event services unverified,low,Needs business and event-service verification; do not publish as approved,https://open.toronto.ca/dataset/municipal-licensing-and-standards-business-licences-and-permits/
MIRA NAIL SALON,Hairstylist,Hair styling,,6473473968,B56-4649383,PERSONAL SERVICES SETTINGS,2026-03-13,Business name suggests hair/salon; event services unverified,low,Needs business and event-service verification; do not publish as approved,https://open.toronto.ca/dataset/municipal-licensing-and-standards-business-licences-and-permits/
MIRROR BEAUTY SALON,Hairstylist,Hair styling,,,B56-5226782,PERSONAL SERVICES SETTINGS,2026-07-21,Business name suggests hair/salon; event services unverified,low,Needs business and event-service verification; do not publish as approved,https://open.toronto.ca/dataset/municipal-licensing-and-standards-business-licences-and-permits/
MISS UNITY BEAUTY SALON,Hairstylist,Hair styling,,4167891322,B56-5138614,PERSONAL SERVICES SETTINGS,2025-09-30,Business name suggests hair/salon; event services unverified,low,Needs business and event-service verification; do not publish as approved,https://open.toronto.ca/dataset/municipal-licensing-and-standards-business-licences-and-permits/
MISTER J PINOY HAIR SALON,Hairstylist,Hair styling,,,B56-5530667,PERSONAL SERVICES SETTINGS,2026-04-10,Business name suggests hair/salon; event services unverified,low,Needs business and event-service verification; do not publish as approved,https://open.toronto.ca/dataset/municipal-licensing-and-standards-business-licences-and-permits/
MJ HAIR DESIGN,Hairstylist,Hair styling,,4162597992,B56-4709861,PERSONAL SERVICES SETTINGS,2026-07-22,Business name suggests hair/salon; event services unverified,low,Needs business and event-service verification; do not publish as approved,https://open.toronto.ca/dataset/municipal-licensing-and-standards-business-licences-and-permits/
MK LUX BEAUTY SALON,Hairstylist,Hair styling,,,B56-5544754,PERSONAL SERVICES SETTINGS,2026-06-18,Business name suggests hair/salon; event services unverified,low,Needs business and event-service verification; do not publish as approved,https://open.toronto.ca/dataset/municipal-licensing-and-standards-business-licences-and-permits/
MOD'S HAIR PARIS,Hairstylist,Hair styling,,,B56-5317279,PERSONAL SERVICES SETTINGS,2026-03-13,Business name suggests hair/salon; event services unverified,low,Needs business and event-service verification; do not publish as approved,https://open.toronto.ca/dataset/municipal-licensing-and-standards-business-licences-and-permits/
MODE STUDIO HAIR FOR MEN,Hairstylist,Hair styling,,6473488447,B56-4849806,PERSONAL SERVICES SETTINGS,2026-07-07,Business name suggests hair/salon; event services unverified,low,Needs business and event-service verification; do not publish as approved,https://open.toronto.ca/dataset/municipal-licensing-and-standards-business-licences-and-permits/
MODERN EDGE SALON,Hairstylist,Hair styling,,,B56-4542321,PERSONAL SERVICES SETTINGS,2026-09-15,Business name suggests hair/salon; event services unverified,low,Needs business and event-service verification; do not publish as approved,https://open.toronto.ca/dataset/municipal-licensing-and-standards-business-licences-and-permits/
MODERN ELEMENT HAIR SALON,Hairstylist,Hair styling,,4162988680,B56-3609065,PERSONAL SERVICES SETTINGS,2026-06-09,Business name suggests hair/salon; event services unverified,low,Needs business and event-service verification; do not publish as approved,https://open.toronto.ca/dataset/municipal-licensing-and-standards-business-licences-and-permits/
MOMO HAIR,Hairstylist,Hair styling,,,B56-5229190,PERSONAL SERVICES SETTINGS,2026-09-25,Business name suggests hair/salon; event services unverified,low,Needs business and event-service verification; do not publish as approved,https://open.toronto.ca/dataset/municipal-licensing-and-standards-business-licences-and-permits/
MOMO HAIR SALON SPA,Hairstylist,Hair styling,,,B56-5629863,PERSONAL SERVICES SETTINGS,2026-05-05,Business name suggests hair/salon; event services unverified,low,Needs business and event-service verification; do not publish as approved,https://open.toronto.ca/dataset/municipal-licensing-and-standards-business-licences-and-permits/
MONA-LISA HAIR,Hairstylist,Hair styling,,4165300247,B56-4988325,PERSONAL SERVICES SETTINGS,2025-10-31,Business name suggests hair/salon; event services unverified,low,Needs business and event-service verification; do not publish as approved,https://open.toronto.ca/dataset/municipal-licensing-and-standards-business-licences-and-permits/
MONICA'S HAIR STYLING FOR WOMEN AND MEN,Hairstylist,Hair styling,,4164395511,B56-5006695,PERSONAL SERVICES SETTINGS,2026-06-05,Business name suggests hair/salon; event services unverified,low,Needs business and event-service verification; do not publish as approved,https://open.toronto.ca/dataset/municipal-licensing-and-standards-business-licences-and-permits/
MONIQUE HAIR DESIGN AND BEAUTY SUPPLY,Hairstylist,Hair styling,,6473405002,B56-4722948,PERSONAL SERVICES SETTINGS,2026-08-28,Business name suggests hair/salon; event services unverified,low,Needs business and event-service verification; do not publish as approved,https://open.toronto.ca/dataset/municipal-licensing-and-standards-business-licences-and-permits/
MONTALL BEAUTY SALON,Hairstylist,Hair styling,,,B56-5602768,PERSONAL SERVICES SETTINGS,2026-01-23,Business name suggests hair/salon; event services unverified,low,Needs business and event-service verification; do not publish as approved,https://open.toronto.ca/dataset/municipal-licensing-and-standards-business-licences-and-permits/
MOONE HAIR SALON,Hairstylist,Hair styling,,,B56-5605031,PERSONAL SERVICES SETTINGS,2026-02-27,Business name suggests hair/salon; event services unverified,low,Needs business and event-service verification; do not publish as approved,https://open.toronto.ca/dataset/municipal-licensing-and-standards-business-licences-and-permits/
MOONSHINE UNISEX HAIR SALON,Hairstylist,Hair styling,,4163648544,B56-5308703,PERSONAL SERVICES SETTINGS,2026-02-06,Business name suggests hair/salon; event services unverified,low,Needs business and event-service verification; do not publish as approved,https://open.toronto.ca/dataset/municipal-licensing-and-standards-business-licences-and-permits/
MORETTI HAIR,Hairstylist,Hair styling,,4165167111,B56-4745481,PERSONAL SERVICES SETTINGS,2026-01-09,Business name suggests hair/salon; event services unverified,low,Needs business and event-service verification; do not publish as approved,https://open.toronto.ca/dataset/municipal-licensing-and-standards-business-licences-and-permits/
MORETTI'S HAIR SALON,Hairstylist,Hair styling,,4162664247,B56-3834617,PERSONAL SERVICES SETTINGS,2026-02-27,Business name suggests hair/salon; event services unverified,low,Needs business and event-service verification; do not publish as approved,https://open.toronto.ca/dataset/municipal-licensing-and-standards-business-licences-and-permits/
MORGAN ROY HAIR,Hairstylist,Hair styling,,,B56-5544556,PERSONAL SERVICES SETTINGS,2026-03-17,Business name suggests hair/salon; event services unverified,low,Needs business and event-service verification; do not publish as approved,https://open.toronto.ca/dataset/municipal-licensing-and-standards-business-licences-and-permits/
MORPHEUS HAIR DESIGN & ESTHETICS,Hairstylist,Hair styling,,4166819292,B56-3091123,PERSONAL SERVICES SETTINGS,2026-03-31,Business name suggests hair/salon; event services unverified,low,Needs business and event-service verification; do not publish as approved,https://open.toronto.ca/dataset/municipal-licensing-and-standards-business-licences-and-permits/
MORRISH HAIR SALON,Hairstylist,Hair styling,,,B56-5129168,PERSONAL SERVICES SETTINGS,2026-09-18,Business name suggests hair/salon; event services unverified,low,Needs business and event-service verification; do not publish as approved,https://open.toronto.ca/dataset/municipal-licensing-and-standards-business-licences-and-permits/
MOSAIC HAIR GROUP,Hairstylist,Hair styling,,4167878899,B56-3011284,PERSONAL SERVICES SETTINGS,2025-10-03,Business name suggests hair/salon; event services unverified,low,Needs business and event-service verification; do not publish as approved,https://open.toronto.ca/dataset/municipal-licensing-and-standards-business-licences-and-permits/
MOULIN ROUGE HAIR SALON,Hairstylist,Hair styling,,4165039824,B56-3109015,PERSONAL SERVICES SETTINGS,2026-05-01,Business name suggests hair/salon; event services unverified,low,Needs business and event-service verification; do not publish as approved,https://open.toronto.ca/dataset/municipal-licensing-and-standards-business-licences-and-permits/
MOVEMENTS HAIR STUDIO,Hairstylist,Hair styling,,4167859669,B56-4811908,PERSONAL SERVICES SETTINGS,2025-12-19,Business name suggests hair/salon; event services unverified,low,Needs business and event-service verification; do not publish as approved,https://open.toronto.ca/dataset/municipal-licensing-and-standards-business-licences-and-permits/
MR JIMMY'S HAIR GROOMING,Hairstylist,Hair styling,,4164880311,B56-3615708,PERSONAL SERVICES SETTINGS,2025-10-17,Business name suggests hair/salon; event services unverified,low,Needs business and event-service verification; do not publish as approved,https://open.toronto.ca/dataset/municipal-licensing-and-standards-business-licences-and-permits/
MR. BARBER UNISEX BEAUTY SALON,Hairstylist,Hair styling,,4167497900,B56-5231608; B56-5377970; B56-55B1253,PERSONAL SERVICES SETTINGS,2026-09-01,Business name suggests hair/salon; event services unverified,low,Needs business and event-service verification; do not publish as approved,https://open.toronto.ca/dataset/municipal-licensing-and-standards-business-licences-and-permits/
MUNIRA HAIR AND BEAUTY LOUNGE,Hairstylist,Hair styling,,,B56-5553816,PERSONAL SERVICES SETTINGS,2026-05-22,Business name suggests hair/salon; event services unverified,low,Needs business and event-service verification; do not publish as approved,https://open.toronto.ca/dataset/municipal-licensing-and-standards-business-licences-and-permits/
MVP SALON & BARBERS,Hairstylist,Hair styling,,,B56-5654666,PERSONAL SERVICES SETTINGS,2026-08-04,Business name suggests hair/salon; event services unverified,low,Needs business and event-service verification; do not publish as approved,https://open.toronto.ca/dataset/municipal-licensing-and-standards-business-licences-and-permits/
MY FADEZ SALON,Hairstylist,Hair styling,,,B56-5590984,PERSONAL SERVICES SETTINGS,2025-10-16,Business name suggests hair/salon; event services unverified,low,Needs business and event-service verification; do not publish as approved,https://open.toronto.ca/dataset/municipal-licensing-and-standards-business-licences-and-permits/
MY HAIR AFFAIR SALON,Hairstylist,Hair styling,,4168993017,B56-5497910,PERSONAL SERVICES SETTINGS,2025-12-23,Business name suggests hair/salon; event services unverified,low,Needs business and event-service verification; do not publish as approved,https://open.toronto.ca/dataset/municipal-licensing-and-standards-business-licences-and-permits/
MY KIND OF HAIR,Hairstylist,Hair styling,,,B56-5304540,PERSONAL SERVICES SETTINGS,2026-02-03,Business name suggests hair/salon; event services unverified,low,Needs business and event-service verification; do not publish as approved,https://open.toronto.ca/dataset/municipal-licensing-and-standards-business-licences-and-permits/
MY TOUCH BEAUTY SPA & SALON,Hairstylist,Hair styling,,4169676688,B56-4968395,PERSONAL SERVICES SETTINGS,2026-07-14,Business name suggests hair/salon; event services unverified,low,Needs business and event-service verification; do not publish as approved,https://open.toronto.ca/dataset/municipal-licensing-and-standards-business-licences-and-permits/
MY'S HAIR,Hairstylist,Hair styling,,,B56-5200310,PERSONAL SERVICES SETTINGS,2026-01-23,Business name suggests hair/salon; event services unverified,low,Needs business and event-service verification; do not publish as approved,https://open.toronto.ca/dataset/municipal-licensing-and-standards-business-licences-and-permits/
MYRNA STUDIO OF HAIR DESIGN & NAILS,Hairstylist,Hair styling,,4167892245,B56-4679926,PERSONAL SERVICES SETTINGS,2025-12-09,Business name suggests hair/salon; event services unverified,low,Needs business and event-service verification; do not publish as approved,https://open.toronto.ca/dataset/municipal-licensing-and-standards-business-licences-and-permits/
N + HAIR NAIL SALON,Hairstylist,Hair styling,,,B56-5587418,PERSONAL SERVICES SETTINGS,2025-10-07,Business name suggests hair/salon; event services unverified,low,Needs business and event-service verification; do not publish as approved,https://open.toronto.ca/dataset/municipal-licensing-and-standards-business-licences-and-permits/
N CUT HAIR,Hairstylist,Hair styling,,6472611088,B56-5229697,PERSONAL SERVICES SETTINGS,2025-08-19,Business name suggests hair/salon; event services unverified,low,Needs business and event-service verification; do not publish as approved,https://open.toronto.ca/dataset/municipal-licensing-and-standards-business-licences-and-permits/
N15 HAIR & LASH SALON,Hairstylist,Hair styling,,,B56-5328997,PERSONAL SERVICES SETTINGS,2026-08-01,Business name suggests hair/salon; event services unverified,low,Needs business and event-service verification; do not publish as approved,https://open.toronto.ca/dataset/municipal-licensing-and-standards-business-licences-and-permits/
NA SALON & SPA,Hairstylist,Hair styling,,,B56-5127662,PERSONAL SERVICES SETTINGS,2026-09-22,Business name suggests hair/salon; event services unverified,low,Needs business and event-service verification; do not publish as approved,https://open.toronto.ca/dataset/municipal-licensing-and-standards-business-licences-and-permits/
NACRE HAIR STUDIO,Hairstylist,Hair styling,,,B56-5591948,PERSONAL SERVICES SETTINGS,2025-10-24,Business name suggests hair/salon; event services unverified,low,Needs business and event-service verification; do not publish as approved,https://open.toronto.ca/dataset/municipal-licensing-and-standards-business-licences-and-permits/
NADINE'S HAIR STUDIO,Hairstylist,Hair styling,,,B56-5204538,PERSONAL SERVICES SETTINGS,2026-03-20,Business name suggests hair/salon; event services unverified,low,Needs business and event-service verification; do not publish as approved,https://open.toronto.ca/dataset/municipal-licensing-and-standards-business-licences-and-permits/
NAHID'S SALON AND SPA,Hairstylist,Hair styling,,,B56-5373588,PERSONAL SERVICES SETTINGS,2025-10-03,Business name suggests hair/salon; event services unverified,low,Needs business and event-service verification; do not publish as approved,https://open.toronto.ca/dataset/municipal-licensing-and-standards-business-licences-and-permits/
NAILS-N-HAIR SALON,Hairstylist,Hair styling,,4166543804,B56-4200623,PERSONAL SERVICES SETTINGS,2026-08-21,Business name suggests hair/salon; event services unverified,low,Needs business and event-service verification; do not publish as approved,https://open.toronto.ca/dataset/municipal-licensing-and-standards-business-licences-and-permits/
NANAZ BEAUTY SALON,Hairstylist,Hair styling,,4162221995,B56-4653000,PERSONAL SERVICES SETTINGS,2026-07-17,Business name suggests hair/salon; event services unverified,low,Needs business and event-service verification; do not publish as approved,https://open.toronto.ca/dataset/municipal-licensing-and-standards-business-licences-and-permits/
NANO'S BEAUTY SALON,Hairstylist,Hair styling,,,B56-5434403,PERSONAL SERVICES SETTINGS,2026-04-21,Business name suggests hair/salon; event services unverified,low,Needs business and event-service verification; do not publish as approved,https://open.toronto.ca/dataset/municipal-licensing-and-standards-business-licences-and-permits/
NATHALIE'S HAIR DESIGN,Hairstylist,Hair styling,,4166511888,B56-3355348,PERSONAL SERVICES SETTINGS,2026-01-30,Business name suggests hair/salon; event services unverified,low,Needs business and event-service verification; do not publish as approved,https://open.toronto.ca/dataset/municipal-licensing-and-standards-business-licences-and-permits/
NATIONAL TONY HAIR SALON,Hairstylist,Hair styling,,4167542267,B56-4184848,PERSONAL SERVICES SETTINGS,2026-08-18,Business name suggests hair/salon; event services unverified,low,Needs business and event-service verification; do not publish as approved,https://open.toronto.ca/dataset/municipal-licensing-and-standards-business-licences-and-permits/
NATURAL BLACK HAIR STUDIO,Hairstylist,Hair styling,,,B56-5587404,PERSONAL SERVICES SETTINGS,2025-10-21,Business name suggests hair/salon; event services unverified,low,Needs business and event-service verification; do not publish as approved,https://open.toronto.ca/dataset/municipal-licensing-and-standards-business-licences-and-permits/
NATURAL CURLY HAIR HAVEN STUDIO,Hairstylist,Hair styling,,,B56-5614179,PERSONAL SERVICES SETTINGS,2026-03-10,Business name suggests hair/salon; event services unverified,low,Needs business and event-service verification; do not publish as approved,https://open.toronto.ca/dataset/municipal-licensing-and-standards-business-licences-and-permits/
NATURAL HAIR STUDIO,Hairstylist,Hair styling,,,B56-5400191,PERSONAL SERVICES SETTINGS,2026-01-06,Business name suggests hair/salon; event services unverified,low,Needs business and event-service verification; do not publish as approved,https://open.toronto.ca/dataset/municipal-licensing-and-standards-business-licences-and-permits/
NATURAL SOLUTIONS SALON & SPA,Hairstylist,Hair styling,,9059478141,B56-4877927,PERSONAL SERVICES SETTINGS,2026-09-15,Business name suggests hair/salon; event services unverified,low,Needs business and event-service verification; do not publish as approved,https://open.toronto.ca/dataset/municipal-licensing-and-standards-business-licences-and-permits/
NEELA'S BEAUTY SALON & SPA,Hairstylist,Hair styling,,4164129556,B56-5553567,PERSONAL SERVICES SETTINGS,2026-06-11,Business name suggests hair/salon; event services unverified,low,Needs business and event-service verification; do not publish as approved,https://open.toronto.ca/dataset/municipal-licensing-and-standards-business-licences-and-permits/
NELA'S HAIR CARE SALON,Hairstylist,Hair styling,,,B56-5407529,PERSONAL SERVICES SETTINGS,2025-12-12,Business name suggests hair/salon; event services unverified,low,Needs business and event-service verification; do not publish as approved,https://open.toronto.ca/dataset/municipal-licensing-and-standards-business-licences-and-permits/
NEO HAIR DESIGN LTD,Hairstylist,Hair styling,,4164244572,B56-5124495,PERSONAL SERVICES SETTINGS,2026-09-21,Business name suggests hair/salon; event services unverified,low,Needs business and event-service verification; do not publish as approved,https://open.toronto.ca/dataset/municipal-licensing-and-standards-business-licences-and-permits/
NEPTUNE HAIR STYLING,Hairstylist,Hair styling,,4164816382,B56-3947533,PERSONAL SERVICES SETTINGS,2026-01-23,Business name suggests hair/salon; event services unverified,low,Needs business and event-service verification; do not publish as approved,https://open.toronto.ca/dataset/municipal-licensing-and-standards-business-licences-and-permits/
NERSES HAIR SALON,Hairstylist,Hair styling,,,B56-5304095,PERSONAL SERVICES SETTINGS,2026-01-09,Business name suggests hair/salon; event services unverified,low,Needs business and event-service verification; do not publish as approved,https://open.toronto.ca/dataset/municipal-licensing-and-standards-business-licences-and-permits/
NEW BACK TO THE BEAUTY SALON & SPA,Hairstylist,Hair styling,,4162988091,B56-5218025,PERSONAL SERVICES SETTINGS,2026-07-28,Business name suggests hair/salon; event services unverified,low,Needs business and event-service verification; do not publish as approved,https://open.toronto.ca/dataset/municipal-licensing-and-standards-business-licences-and-permits/
NEW BOND SALON,Hairstylist,Hair styling,,4168322461,B56-4652259,PERSONAL SERVICES SETTINGS,2026-06-16,Business name suggests hair/salon; event services unverified,low,Needs business and event-service verification; do not publish as approved,https://open.toronto.ca/dataset/municipal-licensing-and-standards-business-licences-and-permits/
NEW DIMENSION AFRICAN HAIRDRESSING SALON,Hairstylist,Hair styling,,,B56-5513620,PERSONAL SERVICES SETTINGS,2026-02-06,Business name suggests hair/salon; event services unverified,low,Needs business and event-service verification; do not publish as approved,https://open.toronto.ca/dataset/municipal-licensing-and-standards-business-licences-and-permits/
NEW ERA HAIR STUDIO,Hairstylist,Hair styling,,4162462800,B56-5241359,PERSONAL SERVICES SETTINGS,2026-06-12,Business name suggests hair/salon; event services unverified,low,Needs business and event-service verification; do not publish as approved,https://open.toronto.ca/dataset/municipal-licensing-and-standards-business-licences-and-permits/
NEW FEELING HAIR SALON,Hairstylist,Hair styling,,6473463666,B56-5144864,PERSONAL SERVICES SETTINGS,2025-11-07,Business name suggests hair/salon; event services unverified,low,Needs business and event-service verification; do not publish as approved,https://open.toronto.ca/dataset/municipal-licensing-and-standards-business-licences-and-permits/
NEW GLAMOUR HAIR DESIGN,Hairstylist,Hair styling,,4164698008,B56-4292750,PERSONAL SERVICES SETTINGS,2026-01-06,Business name suggests hair/salon; event services unverified,low,Needs business and event-service verification; do not publish as approved,https://open.toronto.ca/dataset/municipal-licensing-and-standards-business-licences-and-permits/
NEW GREEN HAIR SHOP,Hairstylist,Hair styling,,4169151030,B56-4201314,PERSONAL SERVICES SETTINGS,2026-09-15,Business name suggests hair/salon; event services unverified,low,Needs business and event-service verification; do not publish as approved,https://open.toronto.ca/dataset/municipal-licensing-and-standards-business-licences-and-permits/
NEW HAIR IN,Hairstylist,Hair styling,,6473021888,B56-5323154,PERSONAL SERVICES SETTINGS,2026-03-10,Business name suggests hair/salon; event services unverified,low,Needs business and event-service verification; do not publish as approved,https://open.toronto.ca/dataset/municipal-licensing-and-standards-business-licences-and-permits/
NEW IMAGE UNISEX SALON,Hairstylist,Hair styling,,4167464591,B56-4828069,PERSONAL SERVICES SETTINGS,2026-03-20,Business name suggests hair/salon; event services unverified,low,Needs business and event-service verification; do not publish as approved,https://open.toronto.ca/dataset/municipal-licensing-and-standards-business-licences-and-permits/
NEW IMAGES UNISEX & HAIR DESIGN,Hairstylist,Hair styling,,4162669975,B56-3010683,PERSONAL SERVICES SETTINGS,2026-07-03,Business name suggests hair/salon; event services unverified,low,Needs business and event-service verification; do not publish as approved,https://open.toronto.ca/dataset/municipal-licensing-and-standards-business-licences-and-permits/
NEW LIBERTY SALON,Hairstylist,Hair styling,,,B56-5106646,PERSONAL SERVICES SETTINGS,2026-07-30,Business name suggests hair/salon; event services unverified,low,Needs business and event-service verification; do not publish as approved,https://open.toronto.ca/dataset/municipal-licensing-and-standards-business-licences-and-permits/
NEW LIFESTYLE HAIR DESIGN,Hairstylist,Hair styling,,4169152636,B56-4295910,PERSONAL SERVICES SETTINGS,2026-08-28,Business name suggests hair/salon; event services unverified,low,Needs business and event-service verification; do not publish as approved,https://open.toronto.ca/dataset/municipal-licensing-and-standards-business-licences-and-permits/
NEW LOOK HAIR STUDIO INC,Hairstylist,Hair styling,,4169603760,B56-4314958,PERSONAL SERVICES SETTINGS,2026-01-23,Business name suggests hair/salon; event services unverified,low,Needs business and event-service verification; do not publish as approved,https://open.toronto.ca/dataset/municipal-licensing-and-standards-business-licences-and-permits/
NEW LOOK SALON & STYLE,Hairstylist,Hair styling,,6478017279,B56-4901925,PERSONAL SERVICES SETTINGS,2026-01-09,Business name suggests hair/salon; event services unverified,low,Needs business and event-service verification; do not publish as approved,https://open.toronto.ca/dataset/municipal-licensing-and-standards-business-licences-and-permits/
NEW N.B. HAIR SALON,Hairstylist,Hair styling,,,B56-5332137,PERSONAL SERVICES SETTINGS,2026-06-02,Business name suggests hair/salon; event services unverified,low,Needs business and event-service verification; do not publish as approved,https://open.toronto.ca/dataset/municipal-licensing-and-standards-business-licences-and-permits/
NEW RAJAN SALON,Hairstylist,Hair styling,,4167424665,B56-3727713,PERSONAL SERVICES SETTINGS,2025-11-28,Business name suggests hair/salon; event services unverified,low,Needs business and event-service verification; do not publish as approved,https://open.toronto.ca/dataset/municipal-licensing-and-standards-business-licences-and-permits/
NEW REGAL MEN'S SALON,Hairstylist,Hair styling,,,B56-5481927,PERSONAL SERVICES SETTINGS,2025-10-24,Business name suggests hair/salon; event services unverified,low,Needs business and event-service verification; do not publish as approved,https://open.toronto.ca/dataset/municipal-licensing-and-standards-business-licences-and-permits/
NEW STYLE HAIR DESIGN,Hairstylist,Hair styling,,4166380160,B56-3610049,PERSONAL SERVICES SETTINGS,2026-08-25,Business name suggests hair/salon; event services unverified,low,Needs business and event-service verification; do not publish as approved,https://open.toronto.ca/dataset/municipal-licensing-and-standards-business-licences-and-permits/
NEW TREND HAIR DESIGN,Hairstylist,Hair styling,,4169778853,B56-3954434,PERSONAL SERVICES SETTINGS,2026-08-25,Business name suggests hair/salon; event services unverified,low,Needs business and event-service verification; do not publish as approved,https://open.toronto.ca/dataset/municipal-licensing-and-standards-business-licences-and-permits/
NEW TRENDS HAIR DESIGN INC,Hairstylist,Hair styling,,4165359039,B56-4707122,PERSONAL SERVICES SETTINGS,2026-01-02,Business name suggests hair/salon; event services unverified,low,Needs business and event-service verification; do not publish as approved,https://open.toronto.ca/dataset/municipal-licensing-and-standards-business-licences-and-permits/
NEW WAVE HAIR SALON,Hairstylist,Hair styling,,4167551506,B56-3948631,PERSONAL SERVICES SETTINGS,2026-02-03,Business name suggests hair/salon; event services unverified,low,Needs business and event-service verification; do not publish as approved,https://open.toronto.ca/dataset/municipal-licensing-and-standards-business-licences-and-permits/
NEW WAVES HAIRSTYLING,Hairstylist,Hair styling,,4166201959,B56-4315955,PERSONAL SERVICES SETTINGS,2026-09-25,Business name suggests hair/salon; event services unverified,low,Needs business and event-service verification; do not publish as approved,https://open.toronto.ca/dataset/municipal-licensing-and-standards-business-licences-and-permits/
NEW YOU HAIR & NAIL DESIGN,Hairstylist,Hair styling,,,B56-5514081,PERSONAL SERVICES SETTINGS,2026-03-03,Business name suggests hair/salon; event services unverified,low,Needs business and event-service verification; do not publish as approved,https://open.toronto.ca/dataset/municipal-licensing-and-standards-business-licences-and-permits/
NEXT HAIR STUDIO,Hairstylist,Hair styling,,4162932779,B56-4665308,PERSONAL SERVICES SETTINGS,2026-09-11,Business name suggests hair/salon; event services unverified,low,Needs business and event-service verification; do not publish as approved,https://open.toronto.ca/dataset/municipal-licensing-and-standards-business-licences-and-permits/
NHK BEAUTY SALON,Hairstylist,Hair styling,,,B56-5226712,PERSONAL SERVICES SETTINGS,2025-10-28,Business name suggests hair/salon; event services unverified,low,Needs business and event-service verification; do not publish as approved,https://open.toronto.ca/dataset/municipal-licensing-and-standards-business-licences-and-permits/
NICE HAIR CUT & COLOUR,Hairstylist,Hair styling,,,B56-5465958,PERSONAL SERVICES SETTINGS,2026-09-25,Business name suggests hair/salon; event services unverified,low,Needs business and event-service verification; do not publish as approved,https://open.toronto.ca/dataset/municipal-licensing-and-standards-business-licences-and-permits/
NICE LOOK HAIR,Hairstylist,Hair styling,,,B56-5529439,PERSONAL SERVICES SETTINGS,2026-01-30,Business name suggests hair/salon; event services unverified,low,Needs business and event-service verification; do not publish as approved,https://open.toronto.ca/dataset/municipal-licensing-and-standards-business-licences-and-permits/
NICK HAIR SALON,Hairstylist,Hair styling,,,B56-5531321,PERSONAL SERVICES SETTINGS,2026-04-14,Business name suggests hair/salon; event services unverified,low,Needs business and event-service verification; do not publish as approved,https://open.toronto.ca/dataset/municipal-licensing-and-standards-business-licences-and-permits/
NICOLE'S HAIR STUDIO,Hairstylist,Hair styling,,,B56-4428266,PERSONAL SERVICES SETTINGS,2026-07-24,Business name suggests hair/salon; event services unverified,low,Needs business and event-service verification; do not publish as approved,https://open.toronto.ca/dataset/municipal-licensing-and-standards-business-licences-and-permits/
NILA & DAVID'S SALON,Hairstylist,Hair styling,,,B56-5406354,PERSONAL SERVICES SETTINGS,2026-01-30,Business name suggests hair/salon; event services unverified,low,Needs business and event-service verification; do not publish as approved,https://open.toronto.ca/dataset/municipal-licensing-and-standards-business-licences-and-permits/
NILDA'S HAIR SALON,Hairstylist,Hair styling,,,B56-5428436,PERSONAL SERVICES SETTINGS,2026-04-21,Business name suggests hair/salon; event services unverified,low,Needs business and event-service verification; do not publish as approved,https://open.toronto.ca/dataset/municipal-licensing-and-standards-business-licences-and-permits/
NINO D'ARENA SALON & SPA,Hairstylist,Hair styling,,9059478141,B56-4683745,PERSONAL SERVICES SETTINGS,2025-10-17,Business name suggests hair/salon; event services unverified,low,Needs business and event-service verification; do not publish as approved,https://open.toronto.ca/dataset/municipal-licensing-and-standards-business-licences-and-permits/
NKS SALON,Hairstylist,Hair styling,,,B56-5583761,PERSONAL SERVICES SETTINGS,2026-07-17,Business name suggests hair/salon; event services unverified,low,Needs business and event-service verification; do not publish as approved,https://open.toronto.ca/dataset/municipal-licensing-and-standards-business-licences-and-permits/
NOOK SALON,Hairstylist,Hair styling,,,B56-5349696,PERSONAL SERVICES SETTINGS,2025-10-24,Business name suggests hair/salon; event services unverified,low,Needs business and event-service verification; do not publish as approved,https://open.toronto.ca/dataset/municipal-licensing-and-standards-business-licences-and-permits/
NORA'S SALON & SPA,Hairstylist,Hair styling,,6474286520,B56-4430596,PERSONAL SERVICES SETTINGS,2025-12-16,Business name suggests hair/salon; event services unverified,low,Needs business and event-service verification; do not publish as approved,https://open.toronto.ca/dataset/municipal-licensing-and-standards-business-licences-and-permits/
NORTH YORK KYOUNG HEE HAIR SALON,Hairstylist,Hair styling,,,B56-3731427,PERSONAL SERVICES SETTINGS,2025-12-19,Business name suggests hair/salon; event services unverified,low,Needs business and event-service verification; do not publish as approved,https://open.toronto.ca/dataset/municipal-licensing-and-standards-business-licences-and-permits/
NORTHERN GLOW NAILS BEAUTY SPA & SALON,Hairstylist,Hair styling,,,B56-5234164,PERSONAL SERVICES SETTINGS,2026-09-25,Business name suggests hair/salon; event services unverified,low,Needs business and event-service verification; do not publish as approved,https://open.toronto.ca/dataset/municipal-licensing-and-standards-business-licences-and-permits/
NS HAIR & SPA,Hairstylist,Hair styling,,6473526300,B56-4850704,PERSONAL SERVICES SETTINGS,2026-07-31,Business name suggests hair/salon; event services unverified,low,Needs business and event-service verification; do not publish as approved,https://open.toronto.ca/dataset/municipal-licensing-and-standards-business-licences-and-permits/
NSP ADVANCE BEAUTY HAIR & SPA,Hairstylist,Hair styling,,,B56-5529422,PERSONAL SERVICES SETTINGS,2026-04-07,Business name suggests hair/salon; event services unverified,low,Needs business and event-service verification; do not publish as approved,https://open.toronto.ca/dataset/municipal-licensing-and-standards-business-licences-and-permits/
NU ESSENCE HAIR STUDIO,Hairstylist,Hair styling,,4163215190,B56-3958665,PERSONAL SERVICES SETTINGS,2026-09-15,Business name suggests hair/salon; event services unverified,low,Needs business and event-service verification; do not publish as approved,https://open.toronto.ca/dataset/municipal-licensing-and-standards-business-licences-and-permits/
NU YU BEAUTY SALON AND SUPPLIES,Hairstylist,Hair styling,,,B56-5128375,PERSONAL SERVICES SETTINGS,2026-07-21,Business name suggests hair/salon; event services unverified,low,Needs business and event-service verification; do not publish as approved,https://open.toronto.ca/dataset/municipal-licensing-and-standards-business-licences-and-permits/
NU'S HAIR STUDIO,Hairstylist,Hair styling,,4162316969,B56-4958211,PERSONAL SERVICES SETTINGS,2026-05-29,Business name suggests hair/salon; event services unverified,low,Needs business and event-service verification; do not publish as approved,https://open.toronto.ca/dataset/municipal-licensing-and-standards-business-licences-and-permits/
NUMERO UNO MEN'S HAIRSTYLING,Hairstylist,Hair styling,,4169613280,B56-0020836,PERSONAL SERVICES SETTINGS,2025-12-26,Business name suggests hair/salon; event services unverified,low,Needs business and event-service verification; do not publish as approved,https://open.toronto.ca/dataset/municipal-licensing-and-standards-business-licences-and-permits/
New Wave Hair Studio,Hairstylist,Hair styling,,4163210785,B56-4882722,PERSONAL SERVICES SETTINGS,2026-09-25,Business name suggests hair/salon; event services unverified,low,Needs business and event-service verification; do not publish as approved,https://open.toronto.ca/dataset/municipal-licensing-and-standards-business-licences-and-permits/
O'HAIR SALON,Hairstylist,Hair styling,,,B56-5230470,PERSONAL SERVICES SETTINGS,2026-09-18,Business name suggests hair/salon; event services unverified,low,Needs business and event-service verification; do not publish as approved,https://open.toronto.ca/dataset/municipal-licensing-and-standards-business-licences-and-permits/
O.D. HAIR SALON,Hairstylist,Hair styling,,4166048816,B56-4751392,PERSONAL SERVICES SETTINGS,2026-09-25,Business name suggests hair/salon; event services unverified,low,Needs business and event-service verification; do not publish as approved,https://open.toronto.ca/dataset/municipal-licensing-and-standards-business-licences-and-permits/
OAK SALON,Hairstylist,Hair styling,,,B56-5633318,PERSONAL SERVICES SETTINGS,2026-05-14,Business name suggests hair/salon; event services unverified,low,Needs business and event-service verification; do not publish as approved,https://open.toronto.ca/dataset/municipal-licensing-and-standards-business-licences-and-permits/
OFF THE TOP HAIR SALON,Hairstylist,Hair styling,,4166938128,B56-3242430,PERSONAL SERVICES SETTINGS,2026-04-17,Business name suggests hair/salon; event services unverified,low,Needs business and event-service verification; do not publish as approved,https://open.toronto.ca/dataset/municipal-licensing-and-standards-business-licences-and-permits/
OFF WITH THE HAIR ON QUEENSWAY,Hairstylist,Hair styling,,,B56-5213150,PERSONAL SERVICES SETTINGS,2026-08-11,Business name suggests hair/salon; event services unverified,low,Needs business and event-service verification; do not publish as approved,https://open.toronto.ca/dataset/municipal-licensing-and-standards-business-licences-and-permits/
OGIN HAIR SALON LTD,Hairstylist,Hair styling,,,B56-5363703,PERSONAL SERVICES SETTINGS,2026-01-13,Business name suggests hair/salon; event services unverified,low,Needs business and event-service verification; do not publish as approved,https://open.toronto.ca/dataset/municipal-licensing-and-standards-business-licences-and-permits/
ONE PLUS ONE HAIR SALON,Hairstylist,Hair styling,,6472908828,B56-3610376,PERSONAL SERVICES SETTINGS,2026-05-12,Business name suggests hair/salon; event services unverified,low,Needs business and event-service verification; do not publish as approved,https://open.toronto.ca/dataset/municipal-licensing-and-standards-business-licences-and-permits/
ONE SALON,Hairstylist,Hair styling,,4162360663,B56-4648491,PERSONAL SERVICES SETTINGS,2026-02-17,Business name suggests hair/salon; event services unverified,low,Needs business and event-service verification; do not publish as approved,https://open.toronto.ca/dataset/municipal-licensing-and-standards-business-licences-and-permits/
ONE STOP SALON AND BEAUTY SUPPLY,Hairstylist,Hair styling,,4162487214,B56-3723898,PERSONAL SERVICES SETTINGS,2026-06-26,Business name suggests hair/salon; event services unverified,low,Needs business and event-service verification; do not publish as approved,https://open.toronto.ca/dataset/municipal-licensing-and-standards-business-licences-and-permits/
ONE TOUCH NAIL & BEAUTY SALON,Hairstylist,Hair styling,,,B56-5556774,PERSONAL SERVICES SETTINGS,2026-07-07,Business name suggests hair/salon; event services unverified,low,Needs business and event-service verification; do not publish as approved,https://open.toronto.ca/dataset/municipal-licensing-and-standards-business-licences-and-permits/
ONE-0-FIVE HAIR SALON & BEAUTY,Hairstylist,Hair styling,,4163648808,B56-4673435,PERSONAL SERVICES SETTINGS,2026-09-21,Business name suggests hair/salon; event services unverified,low,Needs business and event-service verification; do not publish as approved,https://open.toronto.ca/dataset/municipal-licensing-and-standards-business-licences-and-permits/
OONA SIMPLY HAIR,Hairstylist,Hair styling,,,B56-4895419,PERSONAL SERVICES SETTINGS,2025-12-30,Business name suggests hair/salon; event services unverified,low,Needs business and event-service verification; do not publish as approved,https://open.toronto.ca/dataset/municipal-licensing-and-standards-business-licences-and-permits/
OPAL SALON,Hairstylist,Hair styling,,,B56-5378219,PERSONAL SERVICES SETTINGS,2026-01-27,Business name suggests hair/salon; event services unverified,low,Needs business and event-service verification; do not publish as approved,https://open.toronto.ca/dataset/municipal-licensing-and-standards-business-licences-and-permits/
ORIENTAL HAIR SALON,Hairstylist,Hair styling,,6477191120,B56-4900652,PERSONAL SERVICES SETTINGS,2025-12-16,Business name suggests hair/salon; event services unverified,low,Needs business and event-service verification; do not publish as approved,https://open.toronto.ca/dataset/municipal-licensing-and-standards-business-licences-and-permits/
ORTENSIA NAILS SALON & SPA,Hairstylist,Hair styling,,4166303838,B56-4535842,PERSONAL SERVICES SETTINGS,2026-09-25,Business name suggests hair/salon; event services unverified,low,Needs business and event-service verification; do not publish as approved,https://open.toronto.ca/dataset/municipal-licensing-and-standards-business-licences-and-permits/
OTI'S EUROPEAN HAIR STYLE,Hairstylist,Hair styling,,4165467590,B56-5310610,PERSONAL SERVICES SETTINGS,2026-02-17,Business name suggests hair/salon; event services unverified,low,Needs business and event-service verification; do not publish as approved,https://open.toronto.ca/dataset/municipal-licensing-and-standards-business-licences-and-permits/
OUTLOOK SALON & SPA,Hairstylist,Hair styling,,,B56-5592324,PERSONAL SERVICES SETTINGS,2025-11-03,Business name suggests hair/salon; event services unverified,low,Needs business and event-service verification; do not publish as approved,https://open.toronto.ca/dataset/municipal-licensing-and-standards-business-licences-and-permits/
P & L HAIR DESIGN,Hairstylist,Hair styling,,4167971903,B56-4653776,PERSONAL SERVICES SETTINGS,2026-06-03,Business name suggests hair/salon; event services unverified,low,Needs business and event-service verification; do not publish as approved,https://open.toronto.ca/dataset/municipal-licensing-and-standards-business-licences-and-permits/
P O D HAIR STUDIO,Hairstylist,Hair styling,,6473526762,B56-4305177,PERSONAL SERVICES SETTINGS,2026-02-17,Business name suggests hair/salon; event services unverified,low,Needs business and event-service verification; do not publish as approved,https://open.toronto.ca/dataset/municipal-licensing-and-standards-business-licences-and-permits/
P&H SALON AND SPA,Hairstylist,Hair styling,,4169016395,B56-4834474,PERSONAL SERVICES SETTINGS,2026-08-07,Business name suggests hair/salon; event services unverified,low,Needs business and event-service verification; do not publish as approved,https://open.toronto.ca/dataset/municipal-licensing-and-standards-business-licences-and-permits/
P&P HAIR COMPANY(PERRI AND PALMACCI HAIR COMPANY),Hairstylist,Hair styling,,4164844111,B56-4427867,PERSONAL SERVICES SETTINGS,2026-09-22,Business name suggests hair/salon; event services unverified,low,Needs business and event-service verification; do not publish as approved,https://open.toronto.ca/dataset/municipal-licensing-and-standards-business-licences-and-permits/
PACIFIC HAIR STUDIO,Hairstylist,Hair styling,,4167636728,B56-4644954,PERSONAL SERVICES SETTINGS,2025-12-30,Business name suggests hair/salon; event services unverified,low,Needs business and event-service verification; do not publish as approved,https://open.toronto.ca/dataset/municipal-licensing-and-standards-business-licences-and-permits/
PAM SALON & SPA,Hairstylist,Hair styling,,,B56-5304530,PERSONAL SERVICES SETTINGS,2026-02-27,Business name suggests hair/salon; event services unverified,low,Needs business and event-service verification; do not publish as approved,https://open.toronto.ca/dataset/municipal-licensing-and-standards-business-licences-and-permits/
PAM'S HAIR & BEAUTY SALON,Hairstylist,Hair styling,,4162442826,B56-4431408,PERSONAL SERVICES SETTINGS,2025-10-28,Business name suggests hair/salon; event services unverified,low,Needs business and event-service verification; do not publish as approved,https://open.toronto.ca/dataset/municipal-licensing-and-standards-business-licences-and-permits/
PARADISE SALON AND MED SPA,Hairstylist,Hair styling,,4162836666,B56-4678349,PERSONAL SERVICES SETTINGS,2026-08-28,Business name suggests hair/salon; event services unverified,low,Needs business and event-service verification; do not publish as approved,https://open.toronto.ca/dataset/municipal-licensing-and-standards-business-licences-and-permits/
PARAISO HAIR SALON,Hairstylist,Hair styling,,4166570065,B56-4188940,PERSONAL SERVICES SETTINGS,2025-12-11,Business name suggests hair/salon; event services unverified,low,Needs business and event-service verification; do not publish as approved,https://open.toronto.ca/dataset/municipal-licensing-and-standards-business-licences-and-permits/
PARKWOODS UNISEX HAIRSTYLING,Hairstylist,Hair styling,,4164473269,B56-4747192,PERSONAL SERVICES SETTINGS,2025-10-07,Business name suggests hair/salon; event services unverified,low,Needs business and event-service verification; do not publish as approved,https://open.toronto.ca/dataset/municipal-licensing-and-standards-business-licences-and-permits/
PARLOUR SALON,Hairstylist,Hair styling,,6473456663,B56-5447309,PERSONAL SERVICES SETTINGS,2026-05-19,Business name suggests hair/salon; event services unverified,low,Needs business and event-service verification; do not publish as approved,https://open.toronto.ca/dataset/municipal-licensing-and-standards-business-licences-and-permits/
PASSION HAIR CREATION,Hairstylist,Hair styling,,4162610073,B56-4311481,PERSONAL SERVICES SETTINGS,2026-07-28,Business name suggests hair/salon; event services unverified,low,Needs business and event-service verification; do not publish as approved,https://open.toronto.ca/dataset/municipal-licensing-and-standards-business-licences-and-permits/
PASSION HAIR SALON,Hairstylist,Hair styling,,4164453663,B56-4297668,PERSONAL SERVICES SETTINGS,2026-07-14,Business name suggests hair/salon; event services unverified,low,Needs business and event-service verification; do not publish as approved,https://open.toronto.ca/dataset/municipal-licensing-and-standards-business-licences-and-permits/
PAT'S HAIR STYLIST,Hairstylist,Hair styling,,4167455265,B56-0007080,PERSONAL SERVICES SETTINGS,2025-12-16,Business name suggests hair/salon; event services unverified,low,Needs business and event-service verification; do not publish as approved,https://open.toronto.ca/dataset/municipal-licensing-and-standards-business-licences-and-permits/
PAUL & KYLE PLATINUM HAIR DESIGN,Hairstylist,Hair styling,,,B56-5344279,PERSONAL SERVICES SETTINGS,2025-05-30,Business name suggests hair/salon; event services unverified,low,Needs business and event-service verification; do not publish as approved,https://open.toronto.ca/dataset/municipal-licensing-and-standards-business-licences-and-permits/
PAULO AND CO  HAIR SALON,Hairstylist,Hair styling,,,B56-5451677,PERSONAL SERVICES SETTINGS,2026-08-21,Business name suggests hair/salon; event services unverified,low,Needs business and event-service verification; do not publish as approved,https://open.toronto.ca/dataset/municipal-licensing-and-standards-business-licences-and-permits/
PEARL HAIR LOUNGE,Hairstylist,Hair styling,,,B56-55A7824,PERSONAL SERVICES SETTINGS,2026-01-16,Business name suggests hair/salon; event services unverified,low,Needs business and event-service verification; do not publish as approved,https://open.toronto.ca/dataset/municipal-licensing-and-standards-business-licences-and-permits/
PELLAS HAIR STUDIO,Hairstylist,Hair styling,,,B56-5009131,PERSONAL SERVICES SETTINGS,2026-01-20,Business name suggests hair/salon; event services unverified,low,Needs business and event-service verification; do not publish as approved,https://open.toronto.ca/dataset/municipal-licensing-and-standards-business-licences-and-permits/
PEOPLE HAIR SALON,Hairstylist,Hair styling,,4169772172,B56-4531711,PERSONAL SERVICES SETTINGS,2025-12-19,Business name suggests hair/salon; event services unverified,low,Needs business and event-service verification; do not publish as approved,https://open.toronto.ca/dataset/municipal-licensing-and-standards-business-licences-and-permits/
PERFECT SALON & NAILS,Hairstylist,Hair styling,,,B56-5025284,PERSONAL SERVICES SETTINGS,2025-06-10,Business name suggests hair/salon; event services unverified,low,Needs business and event-service verification; do not publish as approved,https://open.toronto.ca/dataset/municipal-licensing-and-standards-business-licences-and-permits/
PERFECT THREADING & BEAUTY SALON,Hairstylist,Hair styling,,6478183468,B56-4183201; B56-4914114,PERSONAL SERVICES SETTINGS,2026-02-06,Business name suggests hair/salon; event services unverified,low,Needs business and event-service verification; do not publish as approved,https://open.toronto.ca/dataset/municipal-licensing-and-standards-business-licences-and-permits/
PERFECT X HAIR,Hairstylist,Hair styling,,,B56-5465089; B56-5484604; B56-5575678; B56-5586026,PERSONAL SERVICES SETTINGS,2026-07-24,Business name suggests hair/salon; event services unverified,low,Needs business and event-service verification; do not publish as approved,https://open.toronto.ca/dataset/municipal-licensing-and-standards-business-licences-and-permits/
PERMS & CUTS UNISEX HAIR DESIGN,Hairstylist,Hair styling,,4167508953,B56-5533876,PERSONAL SERVICES SETTINGS,2026-04-21,Business name suggests hair/salon; event services unverified,low,Needs business and event-service verification; do not publish as approved,https://open.toronto.ca/dataset/municipal-licensing-and-standards-business-licences-and-permits/
PETER HAIR DESIGN,Hairstylist,Hair styling,,4164694744,B56-4075268,PERSONAL SERVICES SETTINGS,2025-10-28,Business name suggests hair/salon; event services unverified,low,Needs business and event-service verification; do not publish as approved,https://open.toronto.ca/dataset/municipal-licensing-and-standards-business-licences-and-permits/
PETER'S HAIR CUTTING PLACE,Hairstylist,Hair styling,,4162612716,B56-3371262,PERSONAL SERVICES SETTINGS,2025-12-19,Business name suggests hair/salon; event services unverified,low,Needs business and event-service verification; do not publish as approved,https://open.toronto.ca/dataset/municipal-licensing-and-standards-business-licences-and-permits/
PETER'S HAIRSTYLING,Hairstylist,Hair styling,,,B56-4836793,PERSONAL SERVICES SETTINGS,2026-07-07,Business name suggests hair/salon; event services unverified,low,Needs business and event-service verification; do not publish as approved,https://open.toronto.ca/dataset/municipal-licensing-and-standards-business-licences-and-permits/
PETROS HAIR DESIGN,Hairstylist,Hair styling,,4162231177,B56-5465083,PERSONAL SERVICES SETTINGS,2025-09-12,Business name suggests hair/salon; event services unverified,low,Needs business and event-service verification; do not publish as approved,https://open.toronto.ca/dataset/municipal-licensing-and-standards-business-licences-and-permits/
PILAR HAIR DESIGN & SCARLETT LASER,Hairstylist,Hair styling,,,B56-5232338,PERSONAL SERVICES SETTINGS,2025-11-18,Business name suggests hair/salon; event services unverified,low,Needs business and event-service verification; do not publish as approved,https://open.toronto.ca/dataset/municipal-licensing-and-standards-business-licences-and-permits/
PINK LIPSTICK BEAUTY SUPPLY AND HAIR SALON,Hairstylist,Hair styling,,4169393913,B56-4839345,PERSONAL SERVICES SETTINGS,2026-05-12,Business name suggests hair/salon; event services unverified,low,Needs business and event-service verification; do not publish as approved,https://open.toronto.ca/dataset/municipal-licensing-and-standards-business-licences-and-permits/
PLATINUM STUDIO & SCHOOL OF ADVANCE AFRICAN HAIR CARE,Hairstylist,Hair styling,,4167419763,B56-5145000,PERSONAL SERVICES SETTINGS,2025-12-05,Business name suggests hair/salon; event services unverified,low,Needs business and event-service verification; do not publish as approved,https://open.toronto.ca/dataset/municipal-licensing-and-standards-business-licences-and-permits/
PLEASANT HAIR SALON,Hairstylist,Hair styling,,4168283895,B56-4070244,PERSONAL SERVICES SETTINGS,2026-06-18,Business name suggests hair/salon; event services unverified,low,Needs business and event-service verification; do not publish as approved,https://open.toronto.ca/dataset/municipal-licensing-and-standards-business-licences-and-permits/
PLEASANT LASER HAIR REMOVAL,Hairstylist,Hair styling,,4164873275,B56-4859503,PERSONAL SERVICES SETTINGS,2025-11-11,Business name suggests hair/salon; event services unverified,low,Needs business and event-service verification; do not publish as approved,https://open.toronto.ca/dataset/municipal-licensing-and-standards-business-licences-and-permits/
PLEASANT NAIL SALON,Hairstylist,Hair styling,,4164821108,B56-4538105,PERSONAL SERVICES SETTINGS,2026-05-19,Business name suggests hair/salon; event services unverified,low,Needs business and event-service verification; do not publish as approved,https://open.toronto.ca/dataset/municipal-licensing-and-standards-business-licences-and-permits/
PO-FEER HAIR STYLE,Hairstylist,Hair styling,,4163354530,B56-3363603,PERSONAL SERVICES SETTINGS,2025-07-29,Business name suggests hair/salon; event services unverified,low,Needs business and event-service verification; do not publish as approved,https://open.toronto.ca/dataset/municipal-licensing-and-standards-business-licences-and-permits/
POLISH'D NAIL SALON,Hairstylist,Hair styling,,,B56-5218292,PERSONAL SERVICES SETTINGS,2026-05-15,Business name suggests hair/salon; event services unverified,low,Needs business and event-service verification; do not publish as approved,https://open.toronto.ca/dataset/municipal-licensing-and-standards-business-licences-and-permits/
POWDER PUFF BEAUTY SALON,Hairstylist,Hair styling,,5416465544,B56-0003840,PERSONAL SERVICES SETTINGS,2025-12-12,Business name suggests hair/salon; event services unverified,low,Needs business and event-service verification; do not publish as approved,https://open.toronto.ca/dataset/municipal-licensing-and-standards-business-licences-and-permits/
POWER HAIR SALON,Hairstylist,Hair styling,,,B56-5648870,PERSONAL SERVICES SETTINGS,2026-07-17,Business name suggests hair/salon; event services unverified,low,Needs business and event-service verification; do not publish as approved,https://open.toronto.ca/dataset/municipal-licensing-and-standards-business-licences-and-permits/
PRABHA'S BEAUTY SALON & SPA,Hairstylist,Hair styling,,6473507590,B56-4704731,PERSONAL SERVICES SETTINGS,2026-01-23,Business name suggests hair/salon; event services unverified,low,Needs business and event-service verification; do not publish as approved,https://open.toronto.ca/dataset/municipal-licensing-and-standards-business-licences-and-permits/
PRAYOSHA SALON & MEDSPA,Hairstylist,Hair styling,,4164392301,B56-4863441,PERSONAL SERVICES SETTINGS,2026-07-10,Business name suggests hair/salon; event services unverified,low,Needs business and event-service verification; do not publish as approved,https://open.toronto.ca/dataset/municipal-licensing-and-standards-business-licences-and-permits/
PREMIER BARBER & BEAUTY SALON,Hairstylist,Hair styling,,,B56-5442798,PERSONAL SERVICES SETTINGS,2026-05-19,Business name suggests hair/salon; event services unverified,low,Needs business and event-service verification; do not publish as approved,https://open.toronto.ca/dataset/municipal-licensing-and-standards-business-licences-and-permits/
PREMIER HAIR CENTRE,Hairstylist,Hair styling,,4162561448,B56-5005205,PERSONAL SERVICES SETTINGS,2026-04-10,Business name suggests hair/salon; event services unverified,low,Needs business and event-service verification; do not publish as approved,https://open.toronto.ca/dataset/municipal-licensing-and-standards-business-licences-and-permits/
PRETTY ME UP HAIR,Hairstylist,Hair styling,,,B56-5664963,PERSONAL SERVICES SETTINGS,2026-09-11,Business name suggests hair/salon; event services unverified,low,Needs business and event-service verification; do not publish as approved,https://open.toronto.ca/dataset/municipal-licensing-and-standards-business-licences-and-permits/
PRIMA'S PLACE HAIR & BEAUTY SALON,Hairstylist,Hair styling,,6473130125,B56-5536952,PERSONAL SERVICES SETTINGS,2026-04-07,Business name suggests hair/salon; event services unverified,low,Needs business and event-service verification; do not publish as approved,https://open.toronto.ca/dataset/municipal-licensing-and-standards-business-licences-and-permits/
PRIVADO HAIR SALON,Hairstylist,Hair styling,,,B56-5363902,PERSONAL SERVICES SETTINGS,2026-04-24,Business name suggests hair/salon; event services unverified,low,Needs business and event-service verification; do not publish as approved,https://open.toronto.ca/dataset/municipal-licensing-and-standards-business-licences-and-permits/
PRIVATE-i SALON,Hairstylist,Hair styling,,,B56-3952268,PERSONAL SERVICES SETTINGS,2026-06-12,Business name suggests hair/salon; event services unverified,low,Needs business and event-service verification; do not publish as approved,https://open.toronto.ca/dataset/municipal-licensing-and-standards-business-licences-and-permits/
PRIVE HAIR GALLERY,Hairstylist,Hair styling,,4167675959,B56-5202970,PERSONAL SERVICES SETTINGS,2026-03-27,Business name suggests hair/salon; event services unverified,low,Needs business and event-service verification; do not publish as approved,https://open.toronto.ca/dataset/municipal-licensing-and-standards-business-licences-and-permits/
PRIYAL BEAUTY SALON,Hairstylist,Hair styling,,,B56-5309164,PERSONAL SERVICES SETTINGS,2025-12-23,Business name suggests hair/salon; event services unverified,low,Needs business and event-service verification; do not publish as approved,https://open.toronto.ca/dataset/municipal-licensing-and-standards-business-licences-and-permits/
PRO HAIR GROUP,Hairstylist,Hair styling,,4164028980,B56-4914764,PERSONAL SERVICES SETTINGS,2026-02-20,Business name suggests hair/salon; event services unverified,low,Needs business and event-service verification; do not publish as approved,https://open.toronto.ca/dataset/municipal-licensing-and-standards-business-licences-and-permits/
PRO YOU SALON,Hairstylist,Hair styling,,4166091988,B56-3486559,PERSONAL SERVICES SETTINGS,2025-11-07,Business name suggests hair/salon; event services unverified,low,Needs business and event-service verification; do not publish as approved,https://open.toronto.ca/dataset/municipal-licensing-and-standards-business-licences-and-permits/
PROLIFIC HAIR STUDIO,Hairstylist,Hair styling,,,B56-5119380,PERSONAL SERVICES SETTINGS,2026-06-23,Business name suggests hair/salon; event services unverified,low,Needs business and event-service verification; do not publish as approved,https://open.toronto.ca/dataset/municipal-licensing-and-standards-business-licences-and-permits/
PROS HAIRSTYLING,Hairstylist,Hair styling,,4165970603,B56-4293433,PERSONAL SERVICES SETTINGS,2026-04-21,Business name suggests hair/salon; event services unverified,low,Needs business and event-service verification; do not publish as approved,https://open.toronto.ca/dataset/municipal-licensing-and-standards-business-licences-and-permits/
PUREBEAUTY SALON & SPA,Hairstylist,Hair styling,,6474795813,B56-4885540,PERSONAL SERVICES SETTINGS,2025-11-28,Business name suggests hair/salon; event services unverified,low,Needs business and event-service verification; do not publish as approved,https://open.toronto.ca/dataset/municipal-licensing-and-standards-business-licences-and-permits/
Q H HAIR CARE,Hairstylist,Hair styling,,,B56-5635564,PERSONAL SERVICES SETTINGS,2026-05-29,Business name suggests hair/salon; event services unverified,low,Needs business and event-service verification; do not publish as approved,https://open.toronto.ca/dataset/municipal-licensing-and-standards-business-licences-and-permits/
Q HAIR AND SPA,Hairstylist,Hair styling,,,B56-5360321,PERSONAL SERVICES SETTINGS,2026-09-04,Business name suggests hair/salon; event services unverified,low,Needs business and event-service verification; do not publish as approved,https://open.toronto.ca/dataset/municipal-licensing-and-standards-business-licences-and-permits/
QI SALON,Hairstylist,Hair styling,,4168680123,B56-4537990,PERSONAL SERVICES SETTINGS,2026-07-24,Business name suggests hair/salon; event services unverified,low,Needs business and event-service verification; do not publish as approved,https://open.toronto.ca/dataset/municipal-licensing-and-standards-business-licences-and-permits/
QUALITY HAIR STUDIO,Hairstylist,Hair styling,,4162721419,B56-5458284,PERSONAL SERVICES SETTINGS,2026-09-22,Business name suggests hair/salon; event services unverified,low,Needs business and event-service verification; do not publish as approved,https://open.toronto.ca/dataset/municipal-licensing-and-standards-business-licences-and-permits/
QUEEN K WIG & HAIR SALON SPA,Hairstylist,Hair styling,,,B56-5334370,PERSONAL SERVICES SETTINGS,2025-07-18,Business name suggests hair/salon; event services unverified,low,Needs business and event-service verification; do not publish as approved,https://open.toronto.ca/dataset/municipal-licensing-and-standards-business-licences-and-permits/
QUEEN NAILS & SALON,Hairstylist,Hair styling,,,B56-5363964,PERSONAL SERVICES SETTINGS,2025-10-21,Business name suggests hair/salon; event services unverified,low,Needs business and event-service verification; do not publish as approved,https://open.toronto.ca/dataset/municipal-licensing-and-standards-business-licences-and-permits/
QUEENS QUAY HAIR DESIGN AND ESTHETIC,Hairstylist,Hair styling,,4164270560,B56-4922409,PERSONAL SERVICES SETTINGS,2026-03-13,Business name suggests hair/salon; event services unverified,low,Needs business and event-service verification; do not publish as approved,https://open.toronto.ca/dataset/municipal-licensing-and-standards-business-licences-and-permits/
R K S BEAUTY SALON AND VIDEO,Hairstylist,Hair styling,,4164391334,B56-3604125,PERSONAL SERVICES SETTINGS,2026-02-03,Business name suggests hair/salon; event services unverified,low,Needs business and event-service verification; do not publish as approved,https://open.toronto.ca/dataset/municipal-licensing-and-standards-business-licences-and-permits/
R&C NAIL SALON,Hairstylist,Hair styling,,4167628093,B56-5309132,PERSONAL SERVICES SETTINGS,2026-04-03,Business name suggests hair/salon; event services unverified,low,Needs business and event-service verification; do not publish as approved,https://open.toronto.ca/dataset/municipal-licensing-and-standards-business-licences-and-permits/
R.K ROBIN SALON,Hairstylist,Hair styling,,,B56-5648662,PERSONAL SERVICES SETTINGS,2026-07-07,Business name suggests hair/salon; event services unverified,low,Needs business and event-service verification; do not publish as approved,https://open.toronto.ca/dataset/municipal-licensing-and-standards-business-licences-and-permits/
RADNA HAIR DESIGN,Hairstylist,Hair styling,,,B56-5356572,PERSONAL SERVICES SETTINGS,2026-08-18,Business name suggests hair/salon; event services unverified,low,Needs business and event-service verification; do not publish as approved,https://open.toronto.ca/dataset/municipal-licensing-and-standards-business-licences-and-permits/
RAE HAIR STUDIO,Hairstylist,Hair styling,,,B56-5625959,PERSONAL SERVICES SETTINGS,2026-05-01,Business name suggests hair/salon; event services unverified,low,Needs business and event-service verification; do not publish as approved,https://open.toronto.ca/dataset/municipal-licensing-and-standards-business-licences-and-permits/
RAFFAELLO SALON,Hairstylist,Hair styling,,4169290021,B56-4691271,PERSONAL SERVICES SETTINGS,2026-03-26,Business name suggests hair/salon; event services unverified,low,Needs business and event-service verification; do not publish as approved,https://open.toronto.ca/dataset/municipal-licensing-and-standards-business-licences-and-permits/
RAFI SALON,Hairstylist,Hair styling,,4167812144,B56-5144649,PERSONAL SERVICES SETTINGS,2025-11-21,Business name suggests hair/salon; event services unverified,low,Needs business and event-service verification; do not publish as approved,https://open.toronto.ca/dataset/municipal-licensing-and-standards-business-licences-and-permits/
RAFIK HAIR SALON,Hairstylist,Hair styling,,4167416322,B56-4539230,PERSONAL SERVICES SETTINGS,2026-05-22,Business name suggests hair/salon; event services unverified,low,Needs business and event-service verification; do not publish as approved,https://open.toronto.ca/dataset/municipal-licensing-and-standards-business-licences-and-permits/
RAFIYIAN HAIR STUDIO,Hairstylist,Hair styling,,,B56-5438334,PERSONAL SERVICES SETTINGS,2026-05-15,Business name suggests hair/salon; event services unverified,low,Needs business and event-service verification; do not publish as approved,https://open.toronto.ca/dataset/municipal-licensing-and-standards-business-licences-and-permits/
RAGGA HAIR STUDIO & BEAUTY STORE,Hairstylist,Hair styling,,4163688113,B56-3841442,PERSONAL SERVICES SETTINGS,2026-09-22,Business name suggests hair/salon; event services unverified,low,Needs business and event-service verification; do not publish as approved,https://open.toronto.ca/dataset/municipal-licensing-and-standards-business-licences-and-permits/
RAIN MEDI SPA & SALON,Hairstylist,Hair styling,,4164492099,B56-4062822,PERSONAL SERVICES SETTINGS,2025-12-19,Business name suggests hair/salon; event services unverified,low,Needs business and event-service verification; do not publish as approved,https://open.toronto.ca/dataset/municipal-licensing-and-standards-business-licences-and-permits/
RAINBOW HAIR SALON,Hairstylist,Hair styling,,4167787418,B56-4183195; B56-4298755,PERSONAL SERVICES SETTINGS,2026-05-05,Business name suggests hair/salon; event services unverified,low,Needs business and event-service verification; do not publish as approved,https://open.toronto.ca/dataset/municipal-licensing-and-standards-business-licences-and-permits/
RAMYS HAIR SALON,Hairstylist,Hair styling,,4165797810,B56-4721723,PERSONAL SERVICES SETTINGS,2026-05-01,Business name suggests hair/salon; event services unverified,low,Needs business and event-service verification; do not publish as approved,https://open.toronto.ca/dataset/municipal-licensing-and-standards-business-licences-and-permits/
RAPUNZEL HAIR INC,Hairstylist,Hair styling,,4169639400,B56-4539403,PERSONAL SERVICES SETTINGS,2026-01-14,Business name suggests hair/salon; event services unverified,low,Needs business and event-service verification; do not publish as approved,https://open.toronto.ca/dataset/municipal-licensing-and-standards-business-licences-and-permits/
RARA HAIR SALON AND SPA,Hairstylist,Hair styling,,4165199002,B56-5218618,PERSONAL SERVICES SETTINGS,2026-05-12,Business name suggests hair/salon; event services unverified,low,Needs business and event-service verification; do not publish as approved,https://open.toronto.ca/dataset/municipal-licensing-and-standards-business-licences-and-permits/
RAVIN BEAUTY SALON,Hairstylist,Hair styling,,4164977011,B56-4543315,PERSONAL SERVICES SETTINGS,2025-10-31,Business name suggests hair/salon; event services unverified,low,Needs business and event-service verification; do not publish as approved,https://open.toronto.ca/dataset/municipal-licensing-and-standards-business-licences-and-permits/
RAW HAIR STUDIO,Hairstylist,Hair styling,,,B56-4927127,PERSONAL SERVICES SETTINGS,2026-04-07,Business name suggests hair/salon; event services unverified,low,Needs business and event-service verification; do not publish as approved,https://open.toronto.ca/dataset/municipal-licensing-and-standards-business-licences-and-permits/
RAY DANIEL SALON & SPA,Hairstylist,Hair styling,,4166740400,B56-5128368,PERSONAL SERVICES SETTINGS,2026-07-31,Business name suggests hair/salon; event services unverified,low,Needs business and event-service verification; do not publish as approved,https://open.toronto.ca/dataset/municipal-licensing-and-standards-business-licences-and-permits/
RAY DANIEL SALON AND SPA,Hairstylist,Hair styling,,,B56-5661257,PERSONAL SERVICES SETTINGS,2026-08-25,Business name suggests hair/salon; event services unverified,low,Needs business and event-service verification; do not publish as approved,https://open.toronto.ca/dataset/municipal-licensing-and-standards-business-licences-and-permits/
RAY'S HAIR PALACE AND BARBERING,Hairstylist,Hair styling,,4167410088,B56-4189354,PERSONAL SERVICES SETTINGS,2025-12-26,Business name suggests hair/salon; event services unverified,low,Needs business and event-service verification; do not publish as approved,https://open.toronto.ca/dataset/municipal-licensing-and-standards-business-licences-and-permits/
RC HAIR & BEAUTY SALON,Hairstylist,Hair styling,,4169726369,B56-5314950,PERSONAL SERVICES SETTINGS,2026-01-23,Business name suggests hair/salon; event services unverified,low,Needs business and event-service verification; do not publish as approved,https://open.toronto.ca/dataset/municipal-licensing-and-standards-business-licences-and-permits/
REBLUC HAIR SALON,Hairstylist,Hair styling,,,B56-5631095,PERSONAL SERVICES SETTINGS,2026-06-09,Business name suggests hair/salon; event services unverified,low,Needs business and event-service verification; do not publish as approved,https://open.toronto.ca/dataset/municipal-licensing-and-standards-business-licences-and-permits/
REBORN.X HAIR SALON,Hairstylist,Hair styling,,,B56-5656967,PERSONAL SERVICES SETTINGS,2026-09-06,Business name suggests hair/salon; event services unverified,low,Needs business and event-service verification; do not publish as approved,https://open.toronto.ca/dataset/municipal-licensing-and-standards-business-licences-and-permits/
RED CARPET HAIR SALON,Hairstylist,Hair styling,,6473483363,B56-5615887,PERSONAL SERVICES SETTINGS,2026-04-10,Business name suggests hair/salon; event services unverified,low,Needs business and event-service verification; do not publish as approved,https://open.toronto.ca/dataset/municipal-licensing-and-standards-business-licences-and-permits/
RED LABEL HAIR COMPANY,Hairstylist,Hair styling,,4167632221,B56-55A0993,PERSONAL SERVICES SETTINGS,2026-09-11,Business name suggests hair/salon; event services unverified,low,Needs business and event-service verification; do not publish as approved,https://open.toronto.ca/dataset/municipal-licensing-and-standards-business-licences-and-permits/
REFLECTION SALON,Hairstylist,Hair styling,,4163219432,B56-3128989,PERSONAL SERVICES SETTINGS,2026-07-23,Business name suggests hair/salon; event services unverified,low,Needs business and event-service verification; do not publish as approved,https://open.toronto.ca/dataset/municipal-licensing-and-standards-business-licences-and-permits/
REGAL NAILS SALON & SPA,Hairstylist,Hair styling,,4162858140,B56-4737143,PERSONAL SERVICES SETTINGS,2026-08-18,Business name suggests hair/salon; event services unverified,low,Needs business and event-service verification; do not publish as approved,https://open.toronto.ca/dataset/municipal-licensing-and-standards-business-licences-and-permits/
RENDEZVOUS HAIR SALON,Hairstylist,Hair styling,,4162529530,B56-3605965,PERSONAL SERVICES SETTINGS,2026-04-21,Business name suggests hair/salon; event services unverified,low,Needs business and event-service verification; do not publish as approved,https://open.toronto.ca/dataset/municipal-licensing-and-standards-business-licences-and-permits/
REPUBLIC OF HAIR,Hairstylist,Hair styling,,,B56-5402613,PERSONAL SERVICES SETTINGS,2026-01-23,Business name suggests hair/salon; event services unverified,low,Needs business and event-service verification; do not publish as approved,https://open.toronto.ca/dataset/municipal-licensing-and-standards-business-licences-and-permits/
REVIE LUXE HAIR,Hairstylist,Hair styling,,,B56-5606900,PERSONAL SERVICES SETTINGS,2026-02-06,Business name suggests hair/salon; event services unverified,low,Needs business and event-service verification; do not publish as approved,https://open.toronto.ca/dataset/municipal-licensing-and-standards-business-licences-and-permits/
RF HAIR STUDIO,Hairstylist,Hair styling,,4165116222,B56-5325668,PERSONAL SERVICES SETTINGS,2026-04-24,Business name suggests hair/salon; event services unverified,low,Needs business and event-service verification; do not publish as approved,https://open.toronto.ca/dataset/municipal-licensing-and-standards-business-licences-and-permits/
RIGHT CHOICE HAIR STUDIO,Hairstylist,Hair styling,,4162840197,B56-4924491,PERSONAL SERVICES SETTINGS,2026-02-10,Business name suggests hair/salon; event services unverified,low,Needs business and event-service verification; do not publish as approved,https://open.toronto.ca/dataset/municipal-licensing-and-standards-business-licences-and-permits/
RITUAL HAIR SKIN BEAUTY,Hairstylist,Hair styling,,4165275248,B56-4532386,PERSONAL SERVICES SETTINGS,2026-01-30,Business name suggests hair/salon; event services unverified,low,Needs business and event-service verification; do not publish as approved,https://open.toronto.ca/dataset/municipal-licensing-and-standards-business-licences-and-permits/
ROBERT ASHLEY HAIR DESIGN LTD,Hairstylist,Hair styling,,4166530067,B56-4544335,PERSONAL SERVICES SETTINGS,2026-02-03,Business name suggests hair/salon; event services unverified,low,Needs business and event-service verification; do not publish as approved,https://open.toronto.ca/dataset/municipal-licensing-and-standards-business-licences-and-permits/
ROLDA & OWEN SALON,Hairstylist,Hair styling,,4165328111,B56-5201720,PERSONAL SERVICES SETTINGS,2026-03-06,Business name suggests hair/salon; event services unverified,low,Needs business and event-service verification; do not publish as approved,https://open.toronto.ca/dataset/municipal-licensing-and-standards-business-licences-and-permits/
ROMEO BEAUTY SALON & VIDEO,Hairstylist,Hair styling,,4166651810,B56-4190260,PERSONAL SERVICES SETTINGS,2026-01-06,Business name suggests hair/salon; event services unverified,low,Needs business and event-service verification; do not publish as approved,https://open.toronto.ca/dataset/municipal-licensing-and-standards-business-licences-and-permits/
RONCY HAIR,Hairstylist,Hair styling,,,B56-5380281,PERSONAL SERVICES SETTINGS,2026-02-03,Business name suggests hair/salon; event services unverified,low,Needs business and event-service verification; do not publish as approved,https://open.toronto.ca/dataset/municipal-licensing-and-standards-business-licences-and-permits/
ROSANA UNISEX BEAUTY SALON,Hairstylist,Hair styling,,4165355474,B56-4888354,PERSONAL SERVICES SETTINGS,2025-12-12,Business name suggests hair/salon; event services unverified,low,Needs business and event-service verification; do not publish as approved,https://open.toronto.ca/dataset/municipal-licensing-and-standards-business-licences-and-permits/
ROSE HAIR STUDIO,Hairstylist,Hair styling,,,B56-5668899,PERSONAL SERVICES SETTINGS,2026-09-25,Business name suggests hair/salon; event services unverified,low,Needs business and event-service verification; do not publish as approved,https://open.toronto.ca/dataset/municipal-licensing-and-standards-business-licences-and-permits/
ROUZBEH HAIR SALON,Hairstylist,Hair styling,,4162272088,B56-5007231,PERSONAL SERVICES SETTINGS,2026-01-30,Business name suggests hair/salon; event services unverified,low,Needs business and event-service verification; do not publish as approved,https://open.toronto.ca/dataset/municipal-licensing-and-standards-business-licences-and-permits/
ROY'S HAIR,Hairstylist,Hair styling,,6478662305,B56-4926525,PERSONAL SERVICES SETTINGS,2026-03-20,Business name suggests hair/salon; event services unverified,low,Needs business and event-service verification; do not publish as approved,https://open.toronto.ca/dataset/municipal-licensing-and-standards-business-licences-and-permits/
ROYAL 209 BEAUTY SALON,Hairstylist,Hair styling,,4162558201,B56-5203657,PERSONAL SERVICES SETTINGS,2026-03-03,Business name suggests hair/salon; event services unverified,low,Needs business and event-service verification; do not publish as approved,https://open.toronto.ca/dataset/municipal-licensing-and-standards-business-licences-and-permits/
ROYAL EDEN SALON AND SPA,Hairstylist,Hair styling,,,B56-55A4763,PERSONAL SERVICES SETTINGS,2026-01-05,Business name suggests hair/salon; event services unverified,low,Needs business and event-service verification; do not publish as approved,https://open.toronto.ca/dataset/municipal-licensing-and-standards-business-licences-and-permits/
ROYAL HAIR SALON,Hairstylist,Hair styling,,,B56-5588453,PERSONAL SERVICES SETTINGS,2025-11-17,Business name suggests hair/salon; event services unverified,low,Needs business and event-service verification; do not publish as approved,https://open.toronto.ca/dataset/municipal-licensing-and-standards-business-licences-and-permits/
RUBERTO SALON,Hairstylist,Hair styling,,9057384693,B56-3485434,PERSONAL SERVICES SETTINGS,2025-12-19,Business name suggests hair/salon; event services unverified,low,Needs business and event-service verification; do not publish as approved,https://open.toronto.ca/dataset/municipal-licensing-and-standards-business-licences-and-permits/
RUBINO'S HAIRSTYLING,Hairstylist,Hair styling,,,B56-5657216,PERSONAL SERVICES SETTINGS,2026-08-11,Business name suggests hair/salon; event services unverified,low,Needs business and event-service verification; do not publish as approved,https://open.toronto.ca/dataset/municipal-licensing-and-standards-business-licences-and-permits/
RUBY'S BEAUTY SALON,Hairstylist,Hair styling,,4167367896,B56-4298303,PERSONAL SERVICES SETTINGS,2025-09-12,Business name suggests hair/salon; event services unverified,low,Needs business and event-service verification; do not publish as approved,https://open.toronto.ca/dataset/municipal-licensing-and-standards-business-licences-and-permits/
RYAN'S BEAUTY SALON,Hairstylist,Hair styling,,4167411721,B56-3956535,PERSONAL SERVICES SETTINGS,2026-07-24,Business name suggests hair/salon; event services unverified,low,Needs business and event-service verification; do not publish as approved,https://open.toronto.ca/dataset/municipal-licensing-and-standards-business-licences-and-permits/
S & C HAIR,Hairstylist,Hair styling,,,B56-5200036,PERSONAL SERVICES SETTINGS,2025-12-26,Business name suggests hair/salon; event services unverified,low,Needs business and event-service verification; do not publish as approved,https://open.toronto.ca/dataset/municipal-licensing-and-standards-business-licences-and-permits/
S & C HAIR SALON,Hairstylist,Hair styling,,4168805838,B56-3842564,PERSONAL SERVICES SETTINGS,2026-07-24,Business name suggests hair/salon; event services unverified,low,Needs business and event-service verification; do not publish as approved,https://open.toronto.ca/dataset/municipal-licensing-and-standards-business-licences-and-permits/
S & K HAIR & SPA,Hairstylist,Hair styling,,,B56-5508602,PERSONAL SERVICES SETTINGS,2026-02-13,Business name suggests hair/salon; event services unverified,low,Needs business and event-service verification; do not publish as approved,https://open.toronto.ca/dataset/municipal-licensing-and-standards-business-licences-and-permits/
S-HAIR,Hairstylist,Hair styling,,,B56-5503200,PERSONAL SERVICES SETTINGS,2026-01-16,Business name suggests hair/salon; event services unverified,low,Needs business and event-service verification; do not publish as approved,https://open.toronto.ca/dataset/municipal-licensing-and-standards-business-licences-and-permits/
SADO BEAUTY SALON,Hairstylist,Hair styling,,4162435267,B56-4062994,PERSONAL SERVICES SETTINGS,2026-01-06,Business name suggests hair/salon; event services unverified,low,Needs business and event-service verification; do not publish as approved,https://open.toronto.ca/dataset/municipal-licensing-and-standards-business-licences-and-permits/
SALE HAIR STUDIO,Hairstylist,Hair styling,,,B56-5026438,PERSONAL SERVICES SETTINGS,2026-08-14,Business name suggests hair/salon; event services unverified,low,Needs business and event-service verification; do not publish as approved,https://open.toronto.ca/dataset/municipal-licensing-and-standards-business-licences-and-permits/
SALON 1065,Hairstylist,Hair styling,,,B56-0223312,PERSONAL SERVICES SETTINGS,2026-02-20,Business name suggests hair/salon; event services unverified,low,Needs business and event-service verification; do not publish as approved,https://open.toronto.ca/dataset/municipal-licensing-and-standards-business-licences-and-permits/
SALON 2B,Hairstylist,Hair styling,,6473409424,B56-5213928,PERSONAL SERVICES SETTINGS,2026-06-16,Business name suggests hair/salon; event services unverified,low,Needs business and event-service verification; do not publish as approved,https://open.toronto.ca/dataset/municipal-licensing-and-standards-business-licences-and-permits/
SALON 3000,Hairstylist,Hair styling,,4166935071,B56-3947255,PERSONAL SERVICES SETTINGS,2026-01-09,Business name suggests hair/salon; event services unverified,low,Needs business and event-service verification; do not publish as approved,https://open.toronto.ca/dataset/municipal-licensing-and-standards-business-licences-and-permits/
SALON 350,Hairstylist,Hair styling,,6474395741,B56-3616743,PERSONAL SERVICES SETTINGS,2025-10-24,Business name suggests hair/salon; event services unverified,low,Needs business and event-service verification; do not publish as approved,https://open.toronto.ca/dataset/municipal-licensing-and-standards-business-licences-and-permits/
SALON @ MAY,Hairstylist,Hair styling,,4164120998,B56-4305982,PERSONAL SERVICES SETTINGS,2026-03-10,Business name suggests hair/salon; event services unverified,low,Needs business and event-service verification; do not publish as approved,https://open.toronto.ca/dataset/municipal-licensing-and-standards-business-licences-and-permits/
SALON AFRIQUES,Hairstylist,Hair styling,,4167419247,B56-3611626,PERSONAL SERVICES SETTINGS,2025-06-13,Business name suggests hair/salon; event services unverified,low,Needs business and event-service verification; do not publish as approved,https://open.toronto.ca/dataset/municipal-licensing-and-standards-business-licences-and-permits/
SALON ALLURE,Hairstylist,Hair styling,,4162393063,B56-3604386,PERSONAL SERVICES SETTINGS,2026-02-03,Business name suggests hair/salon; event services unverified,low,Needs business and event-service verification; do not publish as approved,https://open.toronto.ca/dataset/municipal-licensing-and-standards-business-licences-and-permits/
SALON ARAUJO,Hairstylist,Hair styling,,4165337550,B56-3948708,PERSONAL SERVICES SETTINGS,2026-03-31,Business name suggests hair/salon; event services unverified,low,Needs business and event-service verification; do not publish as approved,https://open.toronto.ca/dataset/municipal-licensing-and-standards-business-licences-and-permits/
SALON BESPOKE,Hairstylist,Hair styling,,6473468468,B56-4425522,PERSONAL SERVICES SETTINGS,2026-01-16,Business name suggests hair/salon; event services unverified,low,Needs business and event-service verification; do not publish as approved,https://open.toronto.ca/dataset/municipal-licensing-and-standards-business-licences-and-permits/
SALON COLLAGE,Hairstylist,Hair styling,,,B56-5316889,PERSONAL SERVICES SETTINGS,2026-03-03,Business name suggests hair/salon; event services unverified,low,Needs business and event-service verification; do not publish as approved,https://open.toronto.ca/dataset/municipal-licensing-and-standards-business-licences-and-permits/
SALON CONCEPTS SPA,Hairstylist,Hair styling,,4167366767,B56-5210937,PERSONAL SERVICES SETTINGS,2026-06-02,Business name suggests hair/salon; event services unverified,low,Needs business and event-service verification; do not publish as approved,https://open.toronto.ca/dataset/municipal-licensing-and-standards-business-licences-and-permits/
SALON D HAIR EXTENSION BOUTIQUE,Hairstylist,Hair styling,,4167991174,B56-4203288,PERSONAL SERVICES SETTINGS,2025-12-05,Business name suggests hair/salon; event services unverified,low,Needs business and event-service verification; do not publish as approved,https://open.toronto.ca/dataset/municipal-licensing-and-standards-business-licences-and-permits/
SALON DANIEL AND SPA YORKVILLE,Hairstylist,Hair styling,,4169751935,B56-5314353,PERSONAL SERVICES SETTINGS,2026-01-13,Business name suggests hair/salon; event services unverified,low,Needs business and event-service verification; do not publish as approved,https://open.toronto.ca/dataset/municipal-licensing-and-standards-business-licences-and-permits/
SALON DE ELEPHANT,Hairstylist,Hair styling,,,B56-4919587,PERSONAL SERVICES SETTINGS,2026-02-13,Business name suggests hair/salon; event services unverified,low,Needs business and event-service verification; do not publish as approved,https://open.toronto.ca/dataset/municipal-licensing-and-standards-business-licences-and-permits/
SALON DE FISH,Hairstylist,Hair styling,,,B56-5426988,PERSONAL SERVICES SETTINGS,2026-04-28,Business name suggests hair/salon; event services unverified,low,Needs business and event-service verification; do not publish as approved,https://open.toronto.ca/dataset/municipal-licensing-and-standards-business-licences-and-permits/
SALON DE HAIR,Hairstylist,Hair styling,,4164936980,B56-5663821,PERSONAL SERVICES SETTINGS,2026-09-01,Business name suggests hair/salon; event services unverified,low,Needs business and event-service verification; do not publish as approved,https://open.toronto.ca/dataset/municipal-licensing-and-standards-business-licences-and-permits/
SALON DEBUT,Hairstylist,Hair styling,,,B56-0236600,PERSONAL SERVICES SETTINGS,2026-02-06,Business name suggests hair/salon; event services unverified,low,Needs business and event-service verification; do not publish as approved,https://open.toronto.ca/dataset/municipal-licensing-and-standards-business-licences-and-permits/
SALON DEW,Hairstylist,Hair styling,,4169340073,B56-4428742,PERSONAL SERVICES SETTINGS,2026-09-21,Business name suggests hair/salon; event services unverified,low,Needs business and event-service verification; do not publish as approved,https://open.toronto.ca/dataset/municipal-licensing-and-standards-business-licences-and-permits/
SALON DIONNE,Hairstylist,Hair styling,,4166571871,B56-5649300,PERSONAL SERVICES SETTINGS,2026-07-10,Business name suggests hair/salon; event services unverified,low,Needs business and event-service verification; do not publish as approved,https://open.toronto.ca/dataset/municipal-licensing-and-standards-business-licences-and-permits/
SALON DOLCE,Hairstylist,Hair styling,,4168621159,B56-5308419,PERSONAL SERVICES SETTINGS,2026-01-06,Business name suggests hair/salon; event services unverified,low,Needs business and event-service verification; do not publish as approved,https://open.toronto.ca/dataset/municipal-licensing-and-standards-business-licences-and-permits/
SALON ELIAS,Hairstylist,Hair styling,,4167780887,B56-5420483,PERSONAL SERVICES SETTINGS,2026-04-03,Business name suggests hair/salon; event services unverified,low,Needs business and event-service verification; do not publish as approved,https://open.toronto.ca/dataset/municipal-licensing-and-standards-business-licences-and-permits/
SALON FIFTH IMAGE,Hairstylist,Hair styling,,4162254666,B56-4176847,PERSONAL SERVICES SETTINGS,2025-12-16,Business name suggests hair/salon; event services unverified,low,Needs business and event-service verification; do not publish as approved,https://open.toronto.ca/dataset/municipal-licensing-and-standards-business-licences-and-permits/
SALON FORTELLI AND SPA,Hairstylist,Hair styling,,4166917100,B56-5244420,PERSONAL SERVICES SETTINGS,2025-10-28,Business name suggests hair/salon; event services unverified,low,Needs business and event-service verification; do not publish as approved,https://open.toronto.ca/dataset/municipal-licensing-and-standards-business-licences-and-permits/
SALON GOULART,Hairstylist,Hair styling,,4163194839,B56-5222738,PERSONAL SERVICES SETTINGS,2025-08-29,Business name suggests hair/salon; event services unverified,low,Needs business and event-service verification; do not publish as approved,https://open.toronto.ca/dataset/municipal-licensing-and-standards-business-licences-and-permits/
SALON K,Hairstylist,Hair styling,,,B56-5635326,PERSONAL SERVICES SETTINGS,2026-06-17,Business name suggests hair/salon; event services unverified,low,Needs business and event-service verification; do not publish as approved,https://open.toronto.ca/dataset/municipal-licensing-and-standards-business-licences-and-permits/
SALON KREATIVE SCARBOROUGH,Hairstylist,Hair styling,,6473510700,B56-4923569,PERSONAL SERVICES SETTINGS,2026-03-24,Business name suggests hair/salon; event services unverified,low,Needs business and event-service verification; do not publish as approved,https://open.toronto.ca/dataset/municipal-licensing-and-standards-business-licences-and-permits/
SALON LYOL,Hairstylist,Hair styling,,4169220611,B56-4816039,PERSONAL SERVICES SETTINGS,2026-03-13,Business name suggests hair/salon; event services unverified,low,Needs business and event-service verification; do not publish as approved,https://open.toronto.ca/dataset/municipal-licensing-and-standards-business-licences-and-permits/
SALON M2,Hairstylist,Hair styling,,6473466454,B56-4430199,PERSONAL SERVICES SETTINGS,2025-12-19,Business name suggests hair/salon; event services unverified,low,Needs business and event-service verification; do not publish as approved,https://open.toronto.ca/dataset/municipal-licensing-and-standards-business-licences-and-permits/
SALON MATTE,Hairstylist,Hair styling,,4163985228,B56-4185777,PERSONAL SERVICES SETTINGS,2026-08-14,Business name suggests hair/salon; event services unverified,low,Needs business and event-service verification; do not publish as approved,https://open.toronto.ca/dataset/municipal-licensing-and-standards-business-licences-and-permits/
SALON MILLIARD,Hairstylist,Hair styling,,,B56-5329249,PERSONAL SERVICES SETTINGS,2026-08-11,Business name suggests hair/salon; event services unverified,low,Needs business and event-service verification; do not publish as approved,https://open.toronto.ca/dataset/municipal-licensing-and-standards-business-licences-and-permits/
SALON MIRAJ,Hairstylist,Hair styling,,,B56-3961147,PERSONAL SERVICES SETTINGS,2026-01-09,Business name suggests hair/salon; event services unverified,low,Needs business and event-service verification; do not publish as approved,https://open.toronto.ca/dataset/municipal-licensing-and-standards-business-licences-and-permits/
SALON MODA,Hairstylist,Hair styling,,4162316341,B56-4426320,PERSONAL SERVICES SETTINGS,2026-09-04,Business name suggests hair/salon; event services unverified,low,Needs business and event-service verification; do not publish as approved,https://open.toronto.ca/dataset/municipal-licensing-and-standards-business-licences-and-permits/
SALON MOHOSH,Hairstylist,Hair styling,,4166753800,B56-4183992,PERSONAL SERVICES SETTINGS,2026-05-05,Business name suggests hair/salon; event services unverified,low,Needs business and event-service verification; do not publish as approved,https://open.toronto.ca/dataset/municipal-licensing-and-standards-business-licences-and-permits/
SALON NIMI,Hairstylist,Hair styling,,6476403959,B56-4862861,PERSONAL SERVICES SETTINGS,2026-07-24,Business name suggests hair/salon; event services unverified,low,Needs business and event-service verification; do not publish as approved,https://open.toronto.ca/dataset/municipal-licensing-and-standards-business-licences-and-permits/
SALON ON QUEEN,Hairstylist,Hair styling,,,B56-5530695,PERSONAL SERVICES SETTINGS,2026-04-02,Business name suggests hair/salon; event services unverified,low,Needs business and event-service verification; do not publish as approved,https://open.toronto.ca/dataset/municipal-licensing-and-standards-business-licences-and-permits/
SALON PALAIS,Hairstylist,Hair styling,,4167501960,B56-3609905,PERSONAL SERVICES SETTINGS,2026-06-19,Business name suggests hair/salon; event services unverified,low,Needs business and event-service verification; do not publish as approved,https://open.toronto.ca/dataset/municipal-licensing-and-standards-business-licences-and-permits/
SALON PARISA,Hairstylist,Hair styling,,4167309708,B56-4532503,PERSONAL SERVICES SETTINGS,2025-12-16,Business name suggests hair/salon; event services unverified,low,Needs business and event-service verification; do not publish as approved,https://open.toronto.ca/dataset/municipal-licensing-and-standards-business-licences-and-permits/
SALON PLUS HAIR & NAIL COLLECTION,Hairstylist,Hair styling,,,B56-4426177; B56-5632287,PERSONAL SERVICES SETTINGS,2026-06-16,Business name suggests hair/salon; event services unverified,low,Needs business and event-service verification; do not publish as approved,https://open.toronto.ca/dataset/municipal-licensing-and-standards-business-licences-and-permits/
SALON ROBERT'S HAIR AND ESTHETICS,Hairstylist,Hair styling,,4167361505,B56-4418127,PERSONAL SERVICES SETTINGS,2026-02-27,Business name suggests hair/salon; event services unverified,low,Needs business and event-service verification; do not publish as approved,https://open.toronto.ca/dataset/municipal-licensing-and-standards-business-licences-and-permits/
SALON SCAVO,Hairstylist,Hair styling,,4169641229,B56-4682495,PERSONAL SERVICES SETTINGS,2025-09-09,Business name suggests hair/salon; event services unverified,low,Needs business and event-service verification; do not publish as approved,https://open.toronto.ca/dataset/municipal-licensing-and-standards-business-licences-and-permits/
SALON SERVICES BY MIRIAM,Hairstylist,Hair styling,,4163199727,B56-4854220,PERSONAL SERVICES SETTINGS,2026-08-04,Business name suggests hair/salon; event services unverified,low,Needs business and event-service verification; do not publish as approved,https://open.toronto.ca/dataset/municipal-licensing-and-standards-business-licences-and-permits/
SALON SHE,Hairstylist,Hair styling,,,B56-5210183,PERSONAL SERVICES SETTINGS,2026-05-26,Business name suggests hair/salon; event services unverified,low,Needs business and event-service verification; do not publish as approved,https://open.toronto.ca/dataset/municipal-licensing-and-standards-business-licences-and-permits/
SALON SOAP,Hairstylist,Hair styling,,,B56-4715159,PERSONAL SERVICES SETTINGS,2026-06-02,Business name suggests hair/salon; event services unverified,low,Needs business and event-service verification; do not publish as approved,https://open.toronto.ca/dataset/municipal-licensing-and-standards-business-licences-and-permits/
SALON SOLIS TORONTO'S BEST HAIR SALON,Hairstylist,Hair styling,,,B56-5625350,PERSONAL SERVICES SETTINGS,2026-05-07,Business name suggests hair/salon; event services unverified,low,Needs business and event-service verification; do not publish as approved,https://open.toronto.ca/dataset/municipal-licensing-and-standards-business-licences-and-permits/
SALON SONIA,Hairstylist,Hair styling,,4162256368,B56-3365986,PERSONAL SERVICES SETTINGS,2026-08-25,Business name suggests hair/salon; event services unverified,low,Needs business and event-service verification; do not publish as approved,https://open.toronto.ca/dataset/municipal-licensing-and-standards-business-licences-and-permits/
SALON SONYA SPA,Hairstylist,Hair styling,,4162212299,B56-3588484,PERSONAL SERVICES SETTINGS,2026-02-20,Business name suggests hair/salon; event services unverified,low,Needs business and event-service verification; do not publish as approved,https://open.toronto.ca/dataset/municipal-licensing-and-standards-business-licences-and-permits/
SALON TEN TEN,Hairstylist,Hair styling,,6473403300,B56-4883144,PERSONAL SERVICES SETTINGS,2026-09-11,Business name suggests hair/salon; event services unverified,low,Needs business and event-service verification; do not publish as approved,https://open.toronto.ca/dataset/municipal-licensing-and-standards-business-licences-and-permits/
SALON THERESE,Hairstylist,Hair styling,,,B56-5204067,PERSONAL SERVICES SETTINGS,2026-05-08,Business name suggests hair/salon; event services unverified,low,Needs business and event-service verification; do not publish as approved,https://open.toronto.ca/dataset/municipal-licensing-and-standards-business-licences-and-permits/
SALON VADARO,Hairstylist,Hair styling,,6479916291,B56-4184215,PERSONAL SERVICES SETTINGS,2026-06-30,Business name suggests hair/salon; event services unverified,low,Needs business and event-service verification; do not publish as approved,https://open.toronto.ca/dataset/municipal-licensing-and-standards-business-licences-and-permits/
SALON VERSES & SPA,Hairstylist,Hair styling,,,B56-5144426,PERSONAL SERVICES SETTINGS,2026-09-18,Business name suggests hair/salon; event services unverified,low,Needs business and event-service verification; do not publish as approved,https://open.toronto.ca/dataset/municipal-licensing-and-standards-business-licences-and-permits/
SALON XPRESS,Hairstylist,Hair styling,,,B56-5201041,PERSONAL SERVICES SETTINGS,2026-06-09,Business name suggests hair/salon; event services unverified,low,Needs business and event-service verification; do not publish as approved,https://open.toronto.ca/dataset/municipal-licensing-and-standards-business-licences-and-permits/
SALON YOUNIQUE HAIR & BEAUTY CARE,Hairstylist,Hair styling,,4167575123,B56-4431043,PERSONAL SERVICES SETTINGS,2025-12-16,Business name suggests hair/salon; event services unverified,low,Needs business and event-service verification; do not publish as approved,https://open.toronto.ca/dataset/municipal-licensing-and-standards-business-licences-and-permits/
SALONI BEAUTY SALON,Hairstylist,Hair styling,,4167431521,B56-4298002,PERSONAL SERVICES SETTINGS,2026-09-21,Business name suggests hair/salon; event services unverified,low,Needs business and event-service verification; do not publish as approved,https://open.toronto.ca/dataset/municipal-licensing-and-standards-business-licences-and-permits/
SALT BEAUTY TORONTO'S BEST HAIR SALON,Hairstylist,Hair styling,,,B56-5227221,PERSONAL SERVICES SETTINGS,2026-07-31,Business name suggests hair/salon; event services unverified,low,Needs business and event-service verification; do not publish as approved,https://open.toronto.ca/dataset/municipal-licensing-and-standards-business-licences-and-permits/
SAMIR HAIR DESIGN,Hairstylist,Hair styling,,4163611955,B56-3597978,PERSONAL SERVICES SETTINGS,2026-07-10,Business name suggests hair/salon; event services unverified,low,Needs business and event-service verification; do not publish as approved,https://open.toronto.ca/dataset/municipal-licensing-and-standards-business-licences-and-permits/
SAMP HAIR AND SPA,Hairstylist,Hair styling,,6475881467,B56-4916065,PERSONAL SERVICES SETTINGS,2025-12-30,Business name suggests hair/salon; event services unverified,low,Needs business and event-service verification; do not publish as approved,https://open.toronto.ca/dataset/municipal-licensing-and-standards-business-licences-and-permits/
SANDRA HAIR AND NAIL SALON,Hairstylist,Hair styling,,,B56-5032679,PERSONAL SERVICES SETTINGS,2026-08-25,Business name suggests hair/salon; event services unverified,low,Needs business and event-service verification; do not publish as approved,https://open.toronto.ca/dataset/municipal-licensing-and-standards-business-licences-and-permits/
SARBESHWOR SALON & MEDSPA,Hairstylist,Hair styling,,,B56-5442166,PERSONAL SERVICES SETTINGS,2025-05-30,Business name suggests hair/salon; event services unverified,low,Needs business and event-service verification; do not publish as approved,https://open.toronto.ca/dataset/municipal-licensing-and-standards-business-licences-and-permits/
SASSY SALON & BEAUTY SUPPLY,Hairstylist,Hair styling,,,B56-4730187,PERSONAL SERVICES SETTINGS,2025-10-15,Business name suggests hair/salon; event services unverified,low,Needs business and event-service verification; do not publish as approved,https://open.toronto.ca/dataset/municipal-licensing-and-standards-business-licences-and-permits/
SAVIE HAIR STUDIO,Hairstylist,Hair styling,,4165199205,B56-4842297,PERSONAL SERVICES SETTINGS,2026-05-26,Business name suggests hair/salon; event services unverified,low,Needs business and event-service verification; do not publish as approved,https://open.toronto.ca/dataset/municipal-licensing-and-standards-business-licences-and-permits/
SAVVI & CO HAIR SALON,Hairstylist,Hair styling,,,B56-5243540,PERSONAL SERVICES SETTINGS,2025-12-19,Business name suggests hair/salon; event services unverified,low,Needs business and event-service verification; do not publish as approved,https://open.toronto.ca/dataset/municipal-licensing-and-standards-business-licences-and-permits/
SAWAN HAIR & SKIN CARE,Hairstylist,Hair styling,,6473479007,B56-4868544,PERSONAL SERVICES SETTINGS,2026-08-11,Business name suggests hair/salon; event services unverified,low,Needs business and event-service verification; do not publish as approved,https://open.toronto.ca/dataset/municipal-licensing-and-standards-business-licences-and-permits/
SEEFU HAIR,Hairstylist,Hair styling,,4162609994,B56-3591974; B56-4802568,PERSONAL SERVICES SETTINGS,2026-03-24,Business name suggests hair/salon; event services unverified,low,Needs business and event-service verification; do not publish as approved,https://open.toronto.ca/dataset/municipal-licensing-and-standards-business-licences-and-permits/
SEFO HAIR SALON,Hairstylist,Hair styling,,,B56-4955581,PERSONAL SERVICES SETTINGS,2026-06-02,Business name suggests hair/salon; event services unverified,low,Needs business and event-service verification; do not publish as approved,https://open.toronto.ca/dataset/municipal-licensing-and-standards-business-licences-and-permits/
SENECA BEAUTY SALON LTD,Hairstylist,Hair styling,,6477409629,B56-5201814,PERSONAL SERVICES SETTINGS,2026-03-10,Business name suggests hair/salon; event services unverified,low,Needs business and event-service verification; do not publish as approved,https://open.toronto.ca/dataset/municipal-licensing-and-standards-business-licences-and-permits/
SENSI SALON AND SPA,Hairstylist,Hair styling,,4164293999,B56-5663782,PERSONAL SERVICES SETTINGS,2026-08-31,Business name suggests hair/salon; event services unverified,low,Needs business and event-service verification; do not publish as approved,https://open.toronto.ca/dataset/municipal-licensing-and-standards-business-licences-and-permits/
SEOUL SKIN CARE AND SEOUL HAIR,Hairstylist,Hair styling,,,B56-5661256,PERSONAL SERVICES SETTINGS,2026-08-31,Business name suggests hair/salon; event services unverified,low,Needs business and event-service verification; do not publish as approved,https://open.toronto.ca/dataset/municipal-licensing-and-standards-business-licences-and-permits/
SERENITY HAIR DESIGN,Hairstylist,Hair styling,,4166908803,B56-5244616,PERSONAL SERVICES SETTINGS,2025-11-18,Business name suggests hair/salon; event services unverified,low,Needs business and event-service verification; do not publish as approved,https://open.toronto.ca/dataset/municipal-licensing-and-standards-business-licences-and-permits/
SEVERUS SALON,Hairstylist,Hair styling,,,B56-5110340,PERSONAL SERVICES SETTINGS,2026-02-17,Business name suggests hair/salon; event services unverified,low,Needs business and event-service verification; do not publish as approved,https://open.toronto.ca/dataset/municipal-licensing-and-standards-business-licences-and-permits/
SHADES HAIR STUDIO,Hairstylist,Hair styling,,4162530866,B56-4062630,PERSONAL SERVICES SETTINGS,2025-12-26,Business name suggests hair/salon; event services unverified,low,Needs business and event-service verification; do not publish as approved,https://open.toronto.ca/dataset/municipal-licensing-and-standards-business-licences-and-permits/
SHAHNOR HAIR & BEAUTY,Hairstylist,Hair styling,,4166565986,B56-5421372,PERSONAL SERVICES SETTINGS,2026-04-24,Business name suggests hair/salon; event services unverified,low,Needs business and event-service verification; do not publish as approved,https://open.toronto.ca/dataset/municipal-licensing-and-standards-business-licences-and-permits/
SHAKILA'S BEAUTY ACADEMY/SHAKILA'S HAIR STYLING AND AESTHETICS,Hairstylist,Hair styling,,,B56-5112532,PERSONAL SERVICES SETTINGS,2026-06-02,Business name suggests hair/salon; event services unverified,low,Needs business and event-service verification; do not publish as approved,https://open.toronto.ca/dataset/municipal-licensing-and-standards-business-licences-and-permits/
SHANG'S SALON AND SPA,Hairstylist,Hair styling,,,B56-5580609,PERSONAL SERVICES SETTINGS,2026-08-15,Business name suggests hair/salon; event services unverified,low,Needs business and event-service verification; do not publish as approved,https://open.toronto.ca/dataset/municipal-licensing-and-standards-business-licences-and-permits/
SHEAR IMAGE HAIR STUDIO,Hairstylist,Hair styling,,6474353194,B56-4427621; B56-5630808,PERSONAL SERVICES SETTINGS,2026-04-30,Business name suggests hair/salon; event services unverified,low,Needs business and event-service verification; do not publish as approved,https://open.toronto.ca/dataset/municipal-licensing-and-standards-business-licences-and-permits/
SHEAR MADNESS HAIR STUDIO,Hairstylist,Hair styling,,,B56-5515379,PERSONAL SERVICES SETTINGS,2026-02-13,Business name suggests hair/salon; event services unverified,low,Needs business and event-service verification; do not publish as approved,https://open.toronto.ca/dataset/municipal-licensing-and-standards-business-licences-and-permits/
SHEGA HAIR SALON AND BEAUTY PRODUCTS,Hairstylist,Hair styling,,,B56-5221177,PERSONAL SERVICES SETTINGS,2026-05-27,Business name suggests hair/salon; event services unverified,low,Needs business and event-service verification; do not publish as approved,https://open.toronto.ca/dataset/municipal-licensing-and-standards-business-licences-and-permits/
SHELLEY ELNEKAVE HAIRSTYLING,Hairstylist,Hair styling,,4164890555,B56-4544592,PERSONAL SERVICES SETTINGS,2025-12-19,Business name suggests hair/salon; event services unverified,low,Needs business and event-service verification; do not publish as approved,https://open.toronto.ca/dataset/municipal-licensing-and-standards-business-licences-and-permits/
SHER HAIR SALON,Hairstylist,Hair styling,,4162875912,B56-3952311,PERSONAL SERVICES SETTINGS,2026-08-18,Business name suggests hair/salon; event services unverified,low,Needs business and event-service verification; do not publish as approved,https://open.toronto.ca/dataset/municipal-licensing-and-standards-business-licences-and-permits/
SHERRY'S HAIR & SKIN CARE,Hairstylist,Hair styling,,4164058338,B56-5200447,PERSONAL SERVICES SETTINGS,2026-01-12,Business name suggests hair/salon; event services unverified,low,Needs business and event-service verification; do not publish as approved,https://open.toronto.ca/dataset/municipal-licensing-and-standards-business-licences-and-permits/
SHERRY'S NAILS & SALON,Hairstylist,Hair styling,,6473469288,B56-4426123,PERSONAL SERVICES SETTINGS,2026-07-10,Business name suggests hair/salon; event services unverified,low,Needs business and event-service verification; do not publish as approved,https://open.toronto.ca/dataset/municipal-licensing-and-standards-business-licences-and-permits/
SHOW NAIL SALON,Hairstylist,Hair styling,,4163631897,B56-4647342,PERSONAL SERVICES SETTINGS,2026-02-20,Business name suggests hair/salon; event services unverified,low,Needs business and event-service verification; do not publish as approved,https://open.toronto.ca/dataset/municipal-licensing-and-standards-business-licences-and-permits/
SIAMAK HAIR DESIGN,Hairstylist,Hair styling,,,B56-5309009,PERSONAL SERVICES SETTINGS,2026-02-24,Business name suggests hair/salon; event services unverified,low,Needs business and event-service verification; do not publish as approved,https://open.toronto.ca/dataset/municipal-licensing-and-standards-business-licences-and-permits/
SILK HAIR STUDIO,Hairstylist,Hair styling,,,B56-4202187,PERSONAL SERVICES SETTINGS,2025-12-30,Business name suggests hair/salon; event services unverified,low,Needs business and event-service verification; do not publish as approved,https://open.toronto.ca/dataset/municipal-licensing-and-standards-business-licences-and-permits/
SILKY HAIR SALON,Hairstylist,Hair styling,,4165202688,B56-4910025,PERSONAL SERVICES SETTINGS,2026-08-14,Business name suggests hair/salon; event services unverified,low,Needs business and event-service verification; do not publish as approved,https://open.toronto.ca/dataset/municipal-licensing-and-standards-business-licences-and-permits/
SILVER STAR BEAUTY SALON,Hairstylist,Hair styling,,4164252374,B56-4200926,PERSONAL SERVICES SETTINGS,2025-12-05,Business name suggests hair/salon; event services unverified,low,Needs business and event-service verification; do not publish as approved,https://open.toronto.ca/dataset/municipal-licensing-and-standards-business-licences-and-permits/
SIMETRIX SALON LTD,Hairstylist,Hair styling,,4169155170,B56-5144410,PERSONAL SERVICES SETTINGS,2026-09-15,Business name suggests hair/salon; event services unverified,low,Needs business and event-service verification; do not publish as approved,https://open.toronto.ca/dataset/municipal-licensing-and-standards-business-licences-and-permits/
SISTER'S CHOICE HAIR SALON & BEAUTY SUPPLIES,Hairstylist,Hair styling,,6478577497,B56-4422646,PERSONAL SERVICES SETTINGS,2026-09-01,Business name suggests hair/salon; event services unverified,low,Needs business and event-service verification; do not publish as approved,https://open.toronto.ca/dataset/municipal-licensing-and-standards-business-licences-and-permits/
SKY HAIR,Hairstylist,Hair styling,,,B56-5513439,PERSONAL SERVICES SETTINGS,2025-12-23,Business name suggests hair/salon; event services unverified,low,Needs business and event-service verification; do not publish as approved,https://open.toronto.ca/dataset/municipal-licensing-and-standards-business-licences-and-permits/
SLATE HAIR STUDIO,Hairstylist,Hair styling,,,B56-5601132,PERSONAL SERVICES SETTINGS,2026-02-10,Business name suggests hair/salon; event services unverified,low,Needs business and event-service verification; do not publish as approved,https://open.toronto.ca/dataset/municipal-licensing-and-standards-business-licences-and-permits/
SLAY & SHINE NAIL HAIR & BEAUTY SALON,Hairstylist,Hair styling,,,B56-5553909,PERSONAL SERVICES SETTINGS,2026-07-10,Business name suggests hair/salon; event services unverified,low,Needs business and event-service verification; do not publish as approved,https://open.toronto.ca/dataset/municipal-licensing-and-standards-business-licences-and-permits/
SLEEKS SALON,Hairstylist,Hair styling,,,B56-55A2973,PERSONAL SERVICES SETTINGS,2025-11-25,Business name suggests hair/salon; event services unverified,low,Needs business and event-service verification; do not publish as approved,https://open.toronto.ca/dataset/municipal-licensing-and-standards-business-licences-and-permits/
SLOANE RANGERS HAIR SALON,Hairstylist,Hair styling,,4163632237,B56-4535566,PERSONAL SERVICES SETTINGS,2026-05-12,Business name suggests hair/salon; event services unverified,low,Needs business and event-service verification; do not publish as approved,https://open.toronto.ca/dataset/municipal-licensing-and-standards-business-licences-and-permits/
SMART CHOICE HAIRSTYLING CENTRE,Hairstylist,Hair styling,,4167487411,B56-4916934,PERSONAL SERVICES SETTINGS,2026-03-10,Business name suggests hair/salon; event services unverified,low,Needs business and event-service verification; do not publish as approved,https://open.toronto.ca/dataset/municipal-licensing-and-standards-business-licences-and-permits/
SMART STYLE HAIR SALON,Hairstylist,Hair styling,,4166950757,B56-5100070; B56-5220312,PERSONAL SERVICES SETTINGS,2026-03-10,Business name suggests hair/salon; event services unverified,low,Needs business and event-service verification; do not publish as approved,https://open.toronto.ca/dataset/municipal-licensing-and-standards-business-licences-and-permits/
SNIP & STYLE SALON,Hairstylist,Hair styling,,,B56-5444597,PERSONAL SERVICES SETTINGS,2026-04-10,Business name suggests hair/salon; event services unverified,low,Needs business and event-service verification; do not publish as approved,https://open.toronto.ca/dataset/municipal-licensing-and-standards-business-licences-and-permits/
SNIPPS BEAUTY SALON,Hairstylist,Hair styling,,,B56-0213276,PERSONAL SERVICES SETTINGS,2026-05-15,Business name suggests hair/salon; event services unverified,low,Needs business and event-service verification; do not publish as approved,https://open.toronto.ca/dataset/municipal-licensing-and-standards-business-licences-and-permits/
SOHO SALON,Hairstylist,Hair styling,,4166214012,B56-4429930,PERSONAL SERVICES SETTINGS,2026-09-25,Business name suggests hair/salon; event services unverified,low,Needs business and event-service verification; do not publish as approved,https://open.toronto.ca/dataset/municipal-licensing-and-standards-business-licences-and-permits/
SOLASO BEAUTY SUPPLY AND SALON INC,Hairstylist,Hair styling,,4169154406,B56-5601628,PERSONAL SERVICES SETTINGS,2026-01-07,Business name suggests hair/salon; event services unverified,low,Needs business and event-service verification; do not publish as approved,https://open.toronto.ca/dataset/municipal-licensing-and-standards-business-licences-and-permits/
SORA BEAUTY SALON,Hairstylist,Hair styling,,,B56-5403667,PERSONAL SERVICES SETTINGS,2025-12-19,Business name suggests hair/salon; event services unverified,low,Needs business and event-service verification; do not publish as approved,https://open.toronto.ca/dataset/municipal-licensing-and-standards-business-licences-and-permits/
SSCI-SSCI SALON & SPA,Hairstylist,Hair styling,,,B56-5440799,PERSONAL SERVICES SETTINGS,2026-06-19,Business name suggests hair/salon; event services unverified,low,Needs business and event-service verification; do not publish as approved,https://open.toronto.ca/dataset/municipal-licensing-and-standards-business-licences-and-permits/
STAGE HAIR DESIGN,Hairstylist,Hair styling,,6473508383,B56-5314976,PERSONAL SERVICES SETTINGS,2026-03-03,Business name suggests hair/salon; event services unverified,low,Needs business and event-service verification; do not publish as approved,https://open.toronto.ca/dataset/municipal-licensing-and-standards-business-licences-and-permits/
STAR BEAUTY AND HAIR SALON INC,Hairstylist,Hair styling,,4167576393,B56-4540512,PERSONAL SERVICES SETTINGS,2026-09-18,Business name suggests hair/salon; event services unverified,low,Needs business and event-service verification; do not publish as approved,https://open.toronto.ca/dataset/municipal-licensing-and-standards-business-licences-and-permits/
STARS BEAUTY SALON,Hairstylist,Hair styling,,4162910090,B56-4203182,PERSONAL SERVICES SETTINGS,2025-10-31,Business name suggests hair/salon; event services unverified,low,Needs business and event-service verification; do not publish as approved,https://open.toronto.ca/dataset/municipal-licensing-and-standards-business-licences-and-permits/
STEVE PELLA HAIR,Hairstylist,Hair styling,,6473525600,B56-5344997,PERSONAL SERVICES SETTINGS,2026-09-01,Business name suggests hair/salon; event services unverified,low,Needs business and event-service verification; do not publish as approved,https://open.toronto.ca/dataset/municipal-licensing-and-standards-business-licences-and-permits/
STEVIEP'S HAIR SALON,Hairstylist,Hair styling,,4163857886,B56-4070455,PERSONAL SERVICES SETTINGS,2026-07-07,Business name suggests hair/salon; event services unverified,low,Needs business and event-service verification; do not publish as approved,https://open.toronto.ca/dataset/municipal-licensing-and-standards-business-licences-and-permits/
STRND HAIR EXTENSION STUDIO,Hairstylist,Hair styling,,,B56-5663520,PERSONAL SERVICES SETTINGS,2026-09-08,Business name suggests hair/salon; event services unverified,low,Needs business and event-service verification; do not publish as approved,https://open.toronto.ca/dataset/municipal-licensing-and-standards-business-licences-and-permits/
STUBZ HAIR STUDIO,Hairstylist,Hair styling,,6476990373,B56-4957561,PERSONAL SERVICES SETTINGS,2026-08-04,Business name suggests hair/salon; event services unverified,low,Needs business and event-service verification; do not publish as approved,https://open.toronto.ca/dataset/municipal-licensing-and-standards-business-licences-and-permits/
STUDIO 1 HAIR SALON,Hairstylist,Hair styling,,,B56-5575374,PERSONAL SERVICES SETTINGS,2026-07-07,Business name suggests hair/salon; event services unverified,low,Needs business and event-service verification; do not publish as approved,https://open.toronto.ca/dataset/municipal-licensing-and-standards-business-licences-and-permits/
STUDIO 861 HAIR & SPA,Hairstylist,Hair styling,,,B56-5233568,PERSONAL SERVICES SETTINGS,2025-10-31,Business name suggests hair/salon; event services unverified,low,Needs business and event-service verification; do not publish as approved,https://open.toronto.ca/dataset/municipal-licensing-and-standards-business-licences-and-permits/
STUDIO GLAM BEAUTY SALON,Hairstylist,Hair styling,,,B56-55A5638,PERSONAL SERVICES SETTINGS,2025-12-10,Business name suggests hair/salon; event services unverified,low,Needs business and event-service verification; do not publish as approved,https://open.toronto.ca/dataset/municipal-licensing-and-standards-business-licences-and-permits/
STUDIO HAIR DESIGN,Hairstylist,Hair styling,,4166544455,B56-4068949,PERSONAL SERVICES SETTINGS,2025-06-20,Business name suggests hair/salon; event services unverified,low,Needs business and event-service verification; do not publish as approved,https://open.toronto.ca/dataset/municipal-licensing-and-standards-business-licences-and-permits/
STUDIOLUX SALON,Hairstylist,Hair styling,,,B56-5642700,PERSONAL SERVICES SETTINGS,2026-06-19,Business name suggests hair/salon; event services unverified,low,Needs business and event-service verification; do not publish as approved,https://open.toronto.ca/dataset/municipal-licensing-and-standards-business-licences-and-permits/
SUGAR MOON SALON,Hairstylist,Hair styling,,4166930355,B56-5024993,PERSONAL SERVICES SETTINGS,2026-08-26,Business name suggests hair/salon; event services unverified,low,Needs business and event-service verification; do not publish as approved,https://open.toronto.ca/dataset/municipal-licensing-and-standards-business-licences-and-permits/
SUHAAG BEAUTY SALON AND SPA,Hairstylist,Hair styling,,4167420981,B56-4536784,PERSONAL SERVICES SETTINGS,2025-10-24,Business name suggests hair/salon; event services unverified,low,Needs business and event-service verification; do not publish as approved,https://open.toronto.ca/dataset/municipal-licensing-and-standards-business-licences-and-permits/
SUMCOCO HAIR SALON,Hairstylist,Hair styling,,4165673762,B56-4839875,PERSONAL SERVICES SETTINGS,2026-05-15,Business name suggests hair/salon; event services unverified,low,Needs business and event-service verification; do not publish as approved,https://open.toronto.ca/dataset/municipal-licensing-and-standards-business-licences-and-permits/
SUN DAHLIA HAIR DESIGN,Hairstylist,Hair styling,,4162926821,B56-5486068,PERSONAL SERVICES SETTINGS,2025-11-21,Business name suggests hair/salon; event services unverified,low,Needs business and event-service verification; do not publish as approved,https://open.toronto.ca/dataset/municipal-licensing-and-standards-business-licences-and-permits/
SUN KISSED HAIR CO,Hairstylist,Hair styling,,,B56-5592344,PERSONAL SERVICES SETTINGS,2025-10-31,Business name suggests hair/salon; event services unverified,low,Needs business and event-service verification; do not publish as approved,https://open.toronto.ca/dataset/municipal-licensing-and-standards-business-licences-and-permits/
SUNSHINE HAIR SALON,Hairstylist,Hair styling,,,B56-5519980,PERSONAL SERVICES SETTINGS,2026-03-23,Business name suggests hair/salon; event services unverified,low,Needs business and event-service verification; do not publish as approved,https://open.toronto.ca/dataset/municipal-licensing-and-standards-business-licences-and-permits/
SUNSILK HAIR DESIGN,Hairstylist,Hair styling,,,B56-5442141,PERSONAL SERVICES SETTINGS,2026-06-02,Business name suggests hair/salon; event services unverified,low,Needs business and event-service verification; do not publish as approved,https://open.toronto.ca/dataset/municipal-licensing-and-standards-business-licences-and-permits/
SUO BI HAIR SALON,Hairstylist,Hair styling,,6476808066,B56-4726103,PERSONAL SERVICES SETTINGS,2026-04-17,Business name suggests hair/salon; event services unverified,low,Needs business and event-service verification; do not publish as approved,https://open.toronto.ca/dataset/municipal-licensing-and-standards-business-licences-and-permits/
SUPER CUT & BEAUTY HAIR SALON,Hairstylist,Hair styling,,6478480191,B56-5549292,PERSONAL SERVICES SETTINGS,2026-05-01,Business name suggests hair/salon; event services unverified,low,Needs business and event-service verification; do not publish as approved,https://open.toronto.ca/dataset/municipal-licensing-and-standards-business-licences-and-permits/
SUPER ONE HAIR SALON,Hairstylist,Hair styling,,4164311888,B56-5209517,PERSONAL SERVICES SETTINGS,2026-04-07,Business name suggests hair/salon; event services unverified,low,Needs business and event-service verification; do not publish as approved,https://open.toronto.ca/dataset/municipal-licensing-and-standards-business-licences-and-permits/
SUPERNATURAL HAIR SALON,Hairstylist,Hair styling,,4169166502,B56-5581225,PERSONAL SERVICES SETTINGS,2026-09-15,Business name suggests hair/salon; event services unverified,low,Needs business and event-service verification; do not publish as approved,https://open.toronto.ca/dataset/municipal-licensing-and-standards-business-licences-and-permits/
SUPERSTAR SALON,Hairstylist,Hair styling,,,B56-3617106; B56-5610808,PERSONAL SERVICES SETTINGS,2026-08-05,Business name suggests hair/salon; event services unverified,low,Needs business and event-service verification; do not publish as approved,https://open.toronto.ca/dataset/municipal-licensing-and-standards-business-licences-and-permits/
SUSAN HAIR FASHION,Hairstylist,Hair styling,,4162988286,B56-4187088,PERSONAL SERVICES SETTINGS,2025-10-31,Business name suggests hair/salon; event services unverified,low,Needs business and event-service verification; do not publish as approved,https://open.toronto.ca/dataset/municipal-licensing-and-standards-business-licences-and-permits/
SUSIE'S SHEARS HAIR SALON,Hairstylist,Hair styling,,4162679505,B56-3836659,PERSONAL SERVICES SETTINGS,2026-08-18,Business name suggests hair/salon; event services unverified,low,Needs business and event-service verification; do not publish as approved,https://open.toronto.ca/dataset/municipal-licensing-and-standards-business-licences-and-permits/
T & C HAIR SALON,Hairstylist,Hair styling,,4165649698,B56-4070184,PERSONAL SERVICES SETTINGS,2026-06-30,Business name suggests hair/salon; event services unverified,low,Needs business and event-service verification; do not publish as approved,https://open.toronto.ca/dataset/municipal-licensing-and-standards-business-licences-and-permits/
TAMO HAIR & BEAUTY STUDIO,Hairstylist,Hair styling,,,B56-5607844,PERSONAL SERVICES SETTINGS,2026-02-02,Business name suggests hair/salon; event services unverified,low,Needs business and event-service verification; do not publish as approved,https://open.toronto.ca/dataset/municipal-licensing-and-standards-business-licences-and-permits/
TATIANA HAIR,Hairstylist,Hair styling,,4162787476,B56-5112138,PERSONAL SERVICES SETTINGS,2026-03-03,Business name suggests hair/salon; event services unverified,low,Needs business and event-service verification; do not publish as approved,https://open.toronto.ca/dataset/municipal-licensing-and-standards-business-licences-and-permits/
TAY HA HAIR SALON,Hairstylist,Hair styling,,4167668701,B56-4290861,PERSONAL SERVICES SETTINGS,2025-12-19,Business name suggests hair/salon; event services unverified,low,Needs business and event-service verification; do not publish as approved,https://open.toronto.ca/dataset/municipal-licensing-and-standards-business-licences-and-permits/
TAYA SALON,Hairstylist,Hair styling,,4168899019,B56-5220782,PERSONAL SERVICES SETTINGS,2026-05-29,Business name suggests hair/salon; event services unverified,low,Needs business and event-service verification; do not publish as approved,https://open.toronto.ca/dataset/municipal-licensing-and-standards-business-licences-and-permits/
TAZ HAIR CO.,Hairstylist,Hair styling,,4169226060,B56-4544323,PERSONAL SERVICES SETTINGS,2026-01-06,Business name suggests hair/salon; event services unverified,low,Needs business and event-service verification; do not publish as approved,https://open.toronto.ca/dataset/municipal-licensing-and-standards-business-licences-and-permits/
TAZ HAIR COMPANY,Hairstylist,Hair styling,,4169226060,B56-5227087,PERSONAL SERVICES SETTINGS,2025-08-15,Business name suggests hair/salon; event services unverified,low,Needs business and event-service verification; do not publish as approved,https://open.toronto.ca/dataset/municipal-licensing-and-standards-business-licences-and-permits/
TEAM HAIR SALON,Hairstylist,Hair styling,,4168556637,B56-4544789,PERSONAL SERVICES SETTINGS,2025-12-16,Business name suggests hair/salon; event services unverified,low,Needs business and event-service verification; do not publish as approved,https://open.toronto.ca/dataset/municipal-licensing-and-standards-business-licences-and-permits/
TECH SALON,Hairstylist,Hair styling,,,B56-4070622,PERSONAL SERVICES SETTINGS,2026-07-07,Business name suggests hair/salon; event services unverified,low,Needs business and event-service verification; do not publish as approved,https://open.toronto.ca/dataset/municipal-licensing-and-standards-business-licences-and-permits/
TEES HAIR STUDIO BY MICHELLE,Hairstylist,Hair styling,,,B56-5377104,PERSONAL SERVICES SETTINGS,2025-12-05,Business name suggests hair/salon; event services unverified,low,Needs business and event-service verification; do not publish as approved,https://open.toronto.ca/dataset/municipal-licensing-and-standards-business-licences-and-permits/
TEILAH SALON,Hairstylist,Hair styling,,4164817700,B56-4419493,PERSONAL SERVICES SETTINGS,2026-06-18,Business name suggests hair/salon; event services unverified,low,Needs business and event-service verification; do not publish as approved,https://open.toronto.ca/dataset/municipal-licensing-and-standards-business-licences-and-permits/
TERESA KIC SALON,Hairstylist,Hair styling,,,B56-5331888,PERSONAL SERVICES SETTINGS,2026-06-23,Business name suggests hair/salon; event services unverified,low,Needs business and event-service verification; do not publish as approved,https://open.toronto.ca/dataset/municipal-licensing-and-standards-business-licences-and-permits/
TERRY'S HAIR STUDIO,Hairstylist,Hair styling,,6477480384,B56-4957222; B56-5599006,PERSONAL SERVICES SETTINGS,2026-09-11,Business name suggests hair/salon; event services unverified,low,Needs business and event-service verification; do not publish as approved,https://open.toronto.ca/dataset/municipal-licensing-and-standards-business-licences-and-permits/
TERRY'S HAIR STUDIO INC,Hairstylist,Hair styling,,6477480384,B56-5117666,PERSONAL SERVICES SETTINGS,2026-06-09,Business name suggests hair/salon; event services unverified,low,Needs business and event-service verification; do not publish as approved,https://open.toronto.ca/dataset/municipal-licensing-and-standards-business-licences-and-permits/
TESS HAIR SALON,Hairstylist,Hair styling,,,B56-5139240,PERSONAL SERVICES SETTINGS,2026-09-04,Business name suggests hair/salon; event services unverified,low,Needs business and event-service verification; do not publish as approved,https://open.toronto.ca/dataset/municipal-licensing-and-standards-business-licences-and-permits/
THAS HAIR DESIGN,Hairstylist,Hair styling,,,B56-5203363,PERSONAL SERVICES SETTINGS,2026-07-30,Business name suggests hair/salon; event services unverified,low,Needs business and event-service verification; do not publish as approved,https://open.toronto.ca/dataset/municipal-licensing-and-standards-business-licences-and-permits/
THE BARBER'S DAUGHTER HAIR SALON,Hairstylist,Hair styling,,6473524247,B56-4645411,PERSONAL SERVICES SETTINGS,2026-01-20,Business name suggests hair/salon; event services unverified,low,Needs business and event-service verification; do not publish as approved,https://open.toronto.ca/dataset/municipal-licensing-and-standards-business-licences-and-permits/
THE CABINET SALON,Hairstylist,Hair styling,,6473443132,B56-4987952,PERSONAL SERVICES SETTINGS,2025-09-23,Business name suggests hair/salon; event services unverified,low,Needs business and event-service verification; do not publish as approved,https://open.toronto.ca/dataset/municipal-licensing-and-standards-business-licences-and-permits/
THE CELLAR SALON,Hairstylist,Hair styling,,4169253292,B56-5200197,PERSONAL SERVICES SETTINGS,2025-12-26,Business name suggests hair/salon; event services unverified,low,Needs business and event-service verification; do not publish as approved,https://open.toronto.ca/dataset/municipal-licensing-and-standards-business-licences-and-permits/
THE COLOR CLUB FOR HAIR,Hairstylist,Hair styling,,4169292657,B56-3367864,PERSONAL SERVICES SETTINGS,2026-01-16,Business name suggests hair/salon; event services unverified,low,Needs business and event-service verification; do not publish as approved,https://open.toronto.ca/dataset/municipal-licensing-and-standards-business-licences-and-permits/
THE COLOR HAIR SALON,Hairstylist,Hair styling,,,B56-4427609,PERSONAL SERVICES SETTINGS,2025-10-14,Business name suggests hair/salon; event services unverified,low,Needs business and event-service verification; do not publish as approved,https://open.toronto.ca/dataset/municipal-licensing-and-standards-business-licences-and-permits/
THE COLOUR ROOM HAIR SALON AND SPA,Hairstylist,Hair styling,,4167626814,B56-3845885,PERSONAL SERVICES SETTINGS,2026-09-26,Business name suggests hair/salon; event services unverified,low,Needs business and event-service verification; do not publish as approved,https://open.toronto.ca/dataset/municipal-licensing-and-standards-business-licences-and-permits/
THE COMMON PEOPLE SALON,Hairstylist,Hair styling,,,B56-5202392,PERSONAL SERVICES SETTINGS,2026-04-10,Business name suggests hair/salon; event services unverified,low,Needs business and event-service verification; do not publish as approved,https://open.toronto.ca/dataset/municipal-licensing-and-standards-business-licences-and-permits/
THE ELITE IMAGE SALON & AESTHETICS,Hairstylist,Hair styling,,4163480498,B56-4540484,PERSONAL SERVICES SETTINGS,2025-10-27,Business name suggests hair/salon; event services unverified,low,Needs business and event-service verification; do not publish as approved,https://open.toronto.ca/dataset/municipal-licensing-and-standards-business-licences-and-permits/
THE HAIR COMPANY,Hairstylist,Hair styling,,4164639222,B56-4745784,PERSONAL SERVICES SETTINGS,2025-09-12,Business name suggests hair/salon; event services unverified,low,Needs business and event-service verification; do not publish as approved,https://open.toronto.ca/dataset/municipal-licensing-and-standards-business-licences-and-permits/
THE HAIR GALLERY,Hairstylist,Hair styling,,4164470723,B56-3503377,PERSONAL SERVICES SETTINGS,2026-05-29,Business name suggests hair/salon; event services unverified,low,Needs business and event-service verification; do not publish as approved,https://open.toronto.ca/dataset/municipal-licensing-and-standards-business-licences-and-permits/
THE HAIR PERFORMERS,Hairstylist,Hair styling,,4167414790,B56-3092286,PERSONAL SERVICES SETTINGS,2026-05-08,Business name suggests hair/salon; event services unverified,low,Needs business and event-service verification; do not publish as approved,https://open.toronto.ca/dataset/municipal-licensing-and-standards-business-licences-and-permits/
THE HAIR ROOM BY COOPER,Hairstylist,Hair styling,,,B56-5610858,PERSONAL SERVICES SETTINGS,2026-03-03,Business name suggests hair/salon; event services unverified,low,Needs business and event-service verification; do not publish as approved,https://open.toronto.ca/dataset/municipal-licensing-and-standards-business-licences-and-permits/
THE HAIR SHOP,Hairstylist,Hair styling,,,B56-0236565,PERSONAL SERVICES SETTINGS,2026-03-03,Business name suggests hair/salon; event services unverified,low,Needs business and event-service verification; do not publish as approved,https://open.toronto.ca/dataset/municipal-licensing-and-standards-business-licences-and-permits/
THE HAIR SPOT,Hairstylist,Hair styling,,4167816417,B56-0236264,PERSONAL SERVICES SETTINGS,2026-03-13,Business name suggests hair/salon; event services unverified,low,Needs business and event-service verification; do not publish as approved,https://open.toronto.ca/dataset/municipal-licensing-and-standards-business-licences-and-permits/
THE LAB SALON & SPA,Hairstylist,Hair styling,,4163660400,B56-4075516,PERSONAL SERVICES SETTINGS,2026-09-25,Business name suggests hair/salon; event services unverified,low,Needs business and event-service verification; do not publish as approved,https://open.toronto.ca/dataset/municipal-licensing-and-standards-business-licences-and-permits/
THE LIVING ROOM HAIR STUDIO,Hairstylist,Hair styling,,4169282121,B56-4953460,PERSONAL SERVICES SETTINGS,2026-07-07,Business name suggests hair/salon; event services unverified,low,Needs business and event-service verification; do not publish as approved,https://open.toronto.ca/dataset/municipal-licensing-and-standards-business-licences-and-permits/
THE LOFT URBAN SALON,Hairstylist,Hair styling,,4168680202,B56-4824656,PERSONAL SERVICES SETTINGS,2026-06-12,Business name suggests hair/salon; event services unverified,low,Needs business and event-service verification; do not publish as approved,https://open.toronto.ca/dataset/municipal-licensing-and-standards-business-licences-and-permits/
THE MENS SALON,Hairstylist,Hair styling,,4163647995,B56-3951979,PERSONAL SERVICES SETTINGS,2026-04-14,Business name suggests hair/salon; event services unverified,low,Needs business and event-service verification; do not publish as approved,https://open.toronto.ca/dataset/municipal-licensing-and-standards-business-licences-and-permits/
THE NEW MILLENNIUM UNISEX HAIR DESIGN,Hairstylist,Hair styling,,,B56-3719982,PERSONAL SERVICES SETTINGS,2026-01-06,Business name suggests hair/salon; event services unverified,low,Needs business and event-service verification; do not publish as approved,https://open.toronto.ca/dataset/municipal-licensing-and-standards-business-licences-and-permits/
THE ONE STAR HAIR SALON,Hairstylist,Hair styling,,,B56-5218105,PERSONAL SERVICES SETTINGS,2026-07-28,Business name suggests hair/salon; event services unverified,low,Needs business and event-service verification; do not publish as approved,https://open.toronto.ca/dataset/municipal-licensing-and-standards-business-licences-and-permits/
THE PENTHOUSE MEN'S HAIRSTYLING,Hairstylist,Hair styling,,4167820334,B56-3006789,PERSONAL SERVICES SETTINGS,2026-03-31,Business name suggests hair/salon; event services unverified,low,Needs business and event-service verification; do not publish as approved,https://open.toronto.ca/dataset/municipal-licensing-and-standards-business-licences-and-permits/
THE PLACE HAIR SALON,Hairstylist,Hair styling,,,B56-55A5605,PERSONAL SERVICES SETTINGS,2025-12-12,Business name suggests hair/salon; event services unverified,low,Needs business and event-service verification; do not publish as approved,https://open.toronto.ca/dataset/municipal-licensing-and-standards-business-licences-and-permits/
THE PLACE OF BEAUTY HAIR STUDIO,Hairstylist,Hair styling,,,B56-5224440,PERSONAL SERVICES SETTINGS,2026-07-10,Business name suggests hair/salon; event services unverified,low,Needs business and event-service verification; do not publish as approved,https://open.toronto.ca/dataset/municipal-licensing-and-standards-business-licences-and-permits/
THE PRETTY RUGGED HAIR COMPANY,Hairstylist,Hair styling,,2893888843,B56-4914756,PERSONAL SERVICES SETTINGS,2026-02-17,Business name suggests hair/salon; event services unverified,low,Needs business and event-service verification; do not publish as approved,https://open.toronto.ca/dataset/municipal-licensing-and-standards-business-licences-and-permits/
THE PROUDEST PONY HAIR & CO,Hairstylist,Hair styling,,,B56-5408725,PERSONAL SERVICES SETTINGS,2025-12-16,Business name suggests hair/salon; event services unverified,low,Needs business and event-service verification; do not publish as approved,https://open.toronto.ca/dataset/municipal-licensing-and-standards-business-licences-and-permits/
THE TOP BEAUTY CUT HAIR SALON,Hairstylist,Hair styling,,6478384696,B56-4539763,PERSONAL SERVICES SETTINGS,2026-07-10,Business name suggests hair/salon; event services unverified,low,Needs business and event-service verification; do not publish as approved,https://open.toronto.ca/dataset/municipal-licensing-and-standards-business-licences-and-permits/
THER'S BEAUTY SALON,Hairstylist,Hair styling,,4166568782,B56-5308461,PERSONAL SERVICES SETTINGS,2026-02-13,Business name suggests hair/salon; event services unverified,low,Needs business and event-service verification; do not publish as approved,https://open.toronto.ca/dataset/municipal-licensing-and-standards-business-licences-and-permits/
THERESSA HAIR AND BEAUTY,Hairstylist,Hair styling,,4167688673,B56-4188090,PERSONAL SERVICES SETTINGS,2025-10-21,Business name suggests hair/salon; event services unverified,low,Needs business and event-service verification; do not publish as approved,https://open.toronto.ca/dataset/municipal-licensing-and-standards-business-licences-and-permits/
TIBET HAIR AND BEAUTY SALON,Hairstylist,Hair styling,,6478874676,B56-4428346,PERSONAL SERVICES SETTINGS,2026-09-11,Business name suggests hair/salon; event services unverified,low,Needs business and event-service verification; do not publish as approved,https://open.toronto.ca/dataset/municipal-licensing-and-standards-business-licences-and-permits/
TIM HAIR SALON,Hairstylist,Hair styling,,4166908885,B56-5589827,PERSONAL SERVICES SETTINGS,2026-07-31,Business name suggests hair/salon; event services unverified,low,Needs business and event-service verification; do not publish as approved,https://open.toronto.ca/dataset/municipal-licensing-and-standards-business-licences-and-permits/
TIM THREE HAIR STUDIO SALON,Hairstylist,Hair styling,,,B56-5046930,PERSONAL SERVICES SETTINGS,2026-01-06,Business name suggests hair/salon; event services unverified,low,Needs business and event-service verification; do not publish as approved,https://open.toronto.ca/dataset/municipal-licensing-and-standards-business-licences-and-permits/
TIP TOP BARBER SHOP & BEAUTY SALON,Hairstylist,Hair styling,,,B56-5514247,PERSONAL SERVICES SETTINGS,2026-02-20,Business name suggests hair/salon; event services unverified,low,Needs business and event-service verification; do not publish as approved,https://open.toronto.ca/dataset/municipal-licensing-and-standards-business-licences-and-permits/
TIPS HAIR CARE & ESTHETICS,Hairstylist,Hair styling,,4164063342,B56-3484040,PERSONAL SERVICES SETTINGS,2025-10-14,Business name suggests hair/salon; event services unverified,low,Needs business and event-service verification; do not publish as approved,https://open.toronto.ca/dataset/municipal-licensing-and-standards-business-licences-and-permits/
TIVOLI HAIR DESIGN,Hairstylist,Hair styling,,4166916858,B56-4535237,PERSONAL SERVICES SETTINGS,2026-03-13,Business name suggests hair/salon; event services unverified,low,Needs business and event-service verification; do not publish as approved,https://open.toronto.ca/dataset/municipal-licensing-and-standards-business-licences-and-permits/
TIZIANO'S HAIR DESIGN,Hairstylist,Hair styling,,4169228994,B56-5424320,PERSONAL SERVICES SETTINGS,2026-03-27,Business name suggests hair/salon; event services unverified,low,Needs business and event-service verification; do not publish as approved,https://open.toronto.ca/dataset/municipal-licensing-and-standards-business-licences-and-permits/
TONY SHAMAS HAIR AND LASER,Hairstylist,Hair styling,,4169419915,B56-4649097,PERSONAL SERVICES SETTINGS,2026-06-05,Business name suggests hair/salon; event services unverified,low,Needs business and event-service verification; do not publish as approved,https://open.toronto.ca/dataset/municipal-licensing-and-standards-business-licences-and-permits/
TONYC SALON,Hairstylist,Hair styling,,9059478141,B56-4299546,PERSONAL SERVICES SETTINGS,2026-08-14,Business name suggests hair/salon; event services unverified,low,Needs business and event-service verification; do not publish as approved,https://open.toronto.ca/dataset/municipal-licensing-and-standards-business-licences-and-permits/
TONYC SALON & SPA,Hairstylist,Hair styling,,4164934571,B56-5200070,PERSONAL SERVICES SETTINGS,2025-12-12,Business name suggests hair/salon; event services unverified,low,Needs business and event-service verification; do not publish as approved,https://open.toronto.ca/dataset/municipal-licensing-and-standards-business-licences-and-permits/
TOP 11 HAIR DESIGN,Hairstylist,Hair styling,,,B56-5309096,PERSONAL SERVICES SETTINGS,2026-01-27,Business name suggests hair/salon; event services unverified,low,Needs business and event-service verification; do not publish as approved,https://open.toronto.ca/dataset/municipal-licensing-and-standards-business-licences-and-permits/
TOP COAT NAIL SALON,Hairstylist,Hair styling,,4167203888,B56-4675655,PERSONAL SERVICES SETTINGS,2025-11-28,Business name suggests hair/salon; event services unverified,low,Needs business and event-service verification; do not publish as approved,https://open.toronto.ca/dataset/municipal-licensing-and-standards-business-licences-and-permits/
TOP NAIL SALON,Hairstylist,Hair styling,,4167789501,B56-4538709,PERSONAL SERVICES SETTINGS,2026-07-28,Business name suggests hair/salon; event services unverified,low,Needs business and event-service verification; do not publish as approved,https://open.toronto.ca/dataset/municipal-licensing-and-standards-business-licences-and-permits/
TOPIN HAIR SALON,Hairstylist,Hair styling,,6477972654,B56-4828248,PERSONAL SERVICES SETTINGS,2026-04-28,Business name suggests hair/salon; event services unverified,low,Needs business and event-service verification; do not publish as approved,https://open.toronto.ca/dataset/municipal-licensing-and-standards-business-licences-and-permits/
TORONTO HAIR CARE,Hairstylist,Hair styling,,4165961971,B56-3486318,PERSONAL SERVICES SETTINGS,2025-12-30,Business name suggests hair/salon; event services unverified,low,Needs business and event-service verification; do not publish as approved,https://open.toronto.ca/dataset/municipal-licensing-and-standards-business-licences-and-permits/
TORONTO HAIR SALON,Hairstylist,Hair styling,,,B56-5649299,PERSONAL SERVICES SETTINGS,2026-07-06,Business name suggests hair/salon; event services unverified,low,Needs business and event-service verification; do not publish as approved,https://open.toronto.ca/dataset/municipal-licensing-and-standards-business-licences-and-permits/
TORONTOSTYLES SALON & BARBERSHOP,Hairstylist,Hair styling,,,B56-5553830,PERSONAL SERVICES SETTINGS,2026-08-07,Business name suggests hair/salon; event services unverified,low,Needs business and event-service verification; do not publish as approved,https://open.toronto.ca/dataset/municipal-licensing-and-standards-business-licences-and-permits/
TOTALLY YOU BEAUTY SALON,Hairstylist,Hair styling,,,B56-5516150,PERSONAL SERVICES SETTINGS,2026-03-24,Business name suggests hair/salon; event services unverified,low,Needs business and event-service verification; do not publish as approved,https://open.toronto.ca/dataset/municipal-licensing-and-standards-business-licences-and-permits/
TRENDE HAIR DESIGN,Hairstylist,Hair styling,,4162496808,B56-3593037,PERSONAL SERVICES SETTINGS,2026-04-10,Business name suggests hair/salon; event services unverified,low,Needs business and event-service verification; do not publish as approved,https://open.toronto.ca/dataset/municipal-licensing-and-standards-business-licences-and-permits/
TRENDSETTERS HAIR & TATTOO LOUNGE,Hairstylist,Hair styling,,,B56-5325691,PERSONAL SERVICES SETTINGS,2026-03-27,Business name suggests hair/salon; event services unverified,low,Needs business and event-service verification; do not publish as approved,https://open.toronto.ca/dataset/municipal-licensing-and-standards-business-licences-and-permits/
TRENDY HAIR SALON,Hairstylist,Hair styling,,6474023111,B56-4312990; B56-5034827,PERSONAL SERVICES SETTINGS,2026-07-24,Business name suggests hair/salon; event services unverified,low,Needs business and event-service verification; do not publish as approved,https://open.toronto.ca/dataset/municipal-licensing-and-standards-business-licences-and-permits/
TRENDZ HAIR AND BEAUTY SALON,Hairstylist,Hair styling,,4164539884,B56-4305337,PERSONAL SERVICES SETTINGS,2026-03-13,Business name suggests hair/salon; event services unverified,low,Needs business and event-service verification; do not publish as approved,https://open.toronto.ca/dataset/municipal-licensing-and-standards-business-licences-and-permits/
TRESSES SALON,Hairstylist,Hair styling,,,B56-5653207,PERSONAL SERVICES SETTINGS,2026-08-14,Business name suggests hair/salon; event services unverified,low,Needs business and event-service verification; do not publish as approved,https://open.toronto.ca/dataset/municipal-licensing-and-standards-business-licences-and-permits/
TRUE HAIR REPLACEMENT AND COSMETICS CENTRE,Hairstylist,Hair styling,,4164927873,B56-4202877,PERSONAL SERVICES SETTINGS,2026-01-16,Business name suggests hair/salon; event services unverified,low,Needs business and event-service verification; do not publish as approved,https://open.toronto.ca/dataset/municipal-licensing-and-standards-business-licences-and-permits/
TS HAIR SALON,Hairstylist,Hair styling,,,B56-5323621,PERSONAL SERVICES SETTINGS,2026-04-07,Business name suggests hair/salon; event services unverified,low,Needs business and event-service verification; do not publish as approved,https://open.toronto.ca/dataset/municipal-licensing-and-standards-business-licences-and-permits/
TWENTITU HAIR,Hairstylist,Hair styling,,,B56-5329397,PERSONAL SERVICES SETTINGS,2026-07-10,Business name suggests hair/salon; event services unverified,low,Needs business and event-service verification; do not publish as approved,https://open.toronto.ca/dataset/municipal-licensing-and-standards-business-licences-and-permits/
TWIN IMAGE HAIR SALON AND SPA,Hairstylist,Hair styling,,4166987080,B56-3102541,PERSONAL SERVICES SETTINGS,2025-12-23,Business name suggests hair/salon; event services unverified,low,Needs business and event-service verification; do not publish as approved,https://open.toronto.ca/dataset/municipal-licensing-and-standards-business-licences-and-permits/
TWIN SCISSORS HAIR & SPA,Hairstylist,Hair styling,,4166536662,B56-4308432,PERSONAL SERVICES SETTINGS,2026-03-13,Business name suggests hair/salon; event services unverified,low,Needs business and event-service verification; do not publish as approved,https://open.toronto.ca/dataset/municipal-licensing-and-standards-business-licences-and-permits/
U MI HAIR SALON,Hairstylist,Hair styling,,,B56-5619412,PERSONAL SERVICES SETTINGS,2026-03-25,Business name suggests hair/salon; event services unverified,low,Needs business and event-service verification; do not publish as approved,https://open.toronto.ca/dataset/municipal-licensing-and-standards-business-licences-and-permits/
U SOLO HAIR SALON,Hairstylist,Hair styling,,,B56-5445919,PERSONAL SERVICES SETTINGS,2026-06-09,Business name suggests hair/salon; event services unverified,low,Needs business and event-service verification; do not publish as approved,https://open.toronto.ca/dataset/municipal-licensing-and-standards-business-licences-and-permits/
ULA'S HAIR SALON,Hairstylist,Hair styling,,4164638369,B56-3947146,PERSONAL SERVICES SETTINGS,2026-03-15,Business name suggests hair/salon; event services unverified,low,Needs business and event-service verification; do not publish as approved,https://open.toronto.ca/dataset/municipal-licensing-and-standards-business-licences-and-permits/
UNISEX HAIRSTYLING & ESTHETICS,Hairstylist,Hair styling,,4165382600,B56-3844651,PERSONAL SERVICES SETTINGS,2025-12-19,Business name suggests hair/salon; event services unverified,low,Needs business and event-service verification; do not publish as approved,https://open.toronto.ca/dataset/municipal-licensing-and-standards-business-licences-and-permits/
UPSTYLE PASSION SALON,Hairstylist,Hair styling,,4167432887,B56-4542320,PERSONAL SERVICES SETTINGS,2026-08-18,Business name suggests hair/salon; event services unverified,low,Needs business and event-service verification; do not publish as approved,https://open.toronto.ca/dataset/municipal-licensing-and-standards-business-licences-and-permits/
UPTOWN NAILS AND BEAUTY SALON,Hairstylist,Hair styling,,4374638888,B56-5602981,PERSONAL SERVICES SETTINGS,2026-01-13,Business name suggests hair/salon; event services unverified,low,Needs business and event-service verification; do not publish as approved,https://open.toronto.ca/dataset/municipal-licensing-and-standards-business-licences-and-permits/
URBAN HAIR CABBAGETOWN,Hairstylist,Hair styling,,,B56-5576249,PERSONAL SERVICES SETTINGS,2026-08-25,Business name suggests hair/salon; event services unverified,low,Needs business and event-service verification; do not publish as approved,https://open.toronto.ca/dataset/municipal-licensing-and-standards-business-licences-and-permits/
URBAN IMAGE HAIR STUDIO,Hairstylist,Hair styling,,4165468882,B56-4185306,PERSONAL SERVICES SETTINGS,2026-06-19,Business name suggests hair/salon; event services unverified,low,Needs business and event-service verification; do not publish as approved,https://open.toronto.ca/dataset/municipal-licensing-and-standards-business-licences-and-permits/
V1 HAIR SALON,Hairstylist,Hair styling,,,B56-5106929,PERSONAL SERVICES SETTINGS,2026-01-13,Business name suggests hair/salon; event services unverified,low,Needs business and event-service verification; do not publish as approved,https://open.toronto.ca/dataset/municipal-licensing-and-standards-business-licences-and-permits/
V8 HAIR SALON LTD,Hairstylist,Hair styling,,4163354557,B56-4646565,PERSONAL SERVICES SETTINGS,2026-02-20,Business name suggests hair/salon; event services unverified,low,Needs business and event-service verification; do not publish as approved,https://open.toronto.ca/dataset/municipal-licensing-and-standards-business-licences-and-permits/
VAFFI HAIR AND AESTHETICS,Hairstylist,Hair styling,,4164637921,B56-4702413,PERSONAL SERVICES SETTINGS,2026-02-06,Business name suggests hair/salon; event services unverified,low,Needs business and event-service verification; do not publish as approved,https://open.toronto.ca/dataset/municipal-licensing-and-standards-business-licences-and-permits/
VEER HAIR SALON,Hairstylist,Hair styling,,,B56-5600952,PERSONAL SERVICES SETTINGS,2026-01-16,Business name suggests hair/salon; event services unverified,low,Needs business and event-service verification; do not publish as approved,https://open.toronto.ca/dataset/municipal-licensing-and-standards-business-licences-and-permits/
VELLA HAIR SALON,Hairstylist,Hair styling,,,B56-5660748,PERSONAL SERVICES SETTINGS,2026-09-04,Business name suggests hair/salon; event services unverified,low,Needs business and event-service verification; do not publish as approved,https://open.toronto.ca/dataset/municipal-licensing-and-standards-business-licences-and-permits/
VERB HAIR SALON AND SPA,Hairstylist,Hair styling,,,B56-5502869,PERSONAL SERVICES SETTINGS,2026-01-30,Business name suggests hair/salon; event services unverified,low,Needs business and event-service verification; do not publish as approved,https://open.toronto.ca/dataset/municipal-licensing-and-standards-business-licences-and-permits/
VERSATILE BARBERS & HAIR STUDIO,Hairstylist,Hair styling,,4166542884,B56-4067181,PERSONAL SERVICES SETTINGS,2025-10-24,Business name suggests hair/salon; event services unverified,low,Needs business and event-service verification; do not publish as approved,https://open.toronto.ca/dataset/municipal-licensing-and-standards-business-licences-and-permits/
VESCADA SALON,Hairstylist,Hair styling,,4167693204,B56-4729224,PERSONAL SERVICES SETTINGS,2026-06-02,Business name suggests hair/salon; event services unverified,low,Needs business and event-service verification; do not publish as approved,https://open.toronto.ca/dataset/municipal-licensing-and-standards-business-licences-and-permits/
VILLAGGIO HAIR DESIGN INC,Hairstylist,Hair styling,,4162395990,B56-4648211,PERSONAL SERVICES SETTINGS,2026-04-07,Business name suggests hair/salon; event services unverified,low,Needs business and event-service verification; do not publish as approved,https://open.toronto.ca/dataset/municipal-licensing-and-standards-business-licences-and-permits/
VINCE HAIRSTYLING,Hairstylist,Hair styling,,4162669009,B56-0230371,PERSONAL SERVICES SETTINGS,2026-01-30,Business name suggests hair/salon; event services unverified,low,Needs business and event-service verification; do not publish as approved,https://open.toronto.ca/dataset/municipal-licensing-and-standards-business-licences-and-permits/
VINCE'S HAIR SALON,Hairstylist,Hair styling,,4165518228,B56-4884516,PERSONAL SERVICES SETTINGS,2025-11-11,Business name suggests hair/salon; event services unverified,low,Needs business and event-service verification; do not publish as approved,https://open.toronto.ca/dataset/municipal-licensing-and-standards-business-licences-and-permits/
VINCENT'S HAIR SALON,Hairstylist,Hair styling,,,B56-5496315,PERSONAL SERVICES SETTINGS,2026-01-16,Business name suggests hair/salon; event services unverified,low,Needs business and event-service verification; do not publish as approved,https://open.toronto.ca/dataset/municipal-licensing-and-standards-business-licences-and-permits/
VINI HAIR CENTRE,Hairstylist,Hair styling,,,B56-5221153,PERSONAL SERVICES SETTINGS,2026-07-17,Business name suggests hair/salon; event services unverified,low,Needs business and event-service verification; do not publish as approved,https://open.toronto.ca/dataset/municipal-licensing-and-standards-business-licences-and-permits/
VIP 1 NAIL SALON,Hairstylist,Hair styling,,4165583832,B56-4654442,PERSONAL SERVICES SETTINGS,2026-07-07,Business name suggests hair/salon; event services unverified,low,Needs business and event-service verification; do not publish as approved,https://open.toronto.ca/dataset/municipal-licensing-and-standards-business-licences-and-permits/
VISION HAIR STUDIO,Hairstylist,Hair styling,,,B56-5109635,PERSONAL SERVICES SETTINGS,2026-03-20,Business name suggests hair/salon; event services unverified,low,Needs business and event-service verification; do not publish as approved,https://open.toronto.ca/dataset/municipal-licensing-and-standards-business-licences-and-permits/
VITTOR SALON INC,Hairstylist,Hair styling,,4165514247,B56-4701467,PERSONAL SERVICES SETTINGS,2026-01-13,Business name suggests hair/salon; event services unverified,low,Needs business and event-service verification; do not publish as approved,https://open.toronto.ca/dataset/municipal-licensing-and-standards-business-licences-and-permits/
VIVI NAIL ART & HAIR STYLE,Hairstylist,Hair styling,,,B56-5213957,PERSONAL SERVICES SETTINGS,2026-06-15,Business name suggests hair/salon; event services unverified,low,Needs business and event-service verification; do not publish as approved,https://open.toronto.ca/dataset/municipal-licensing-and-standards-business-licences-and-permits/
VIXXEN HAIR STUDIO,Hairstylist,Hair styling,,,B56-5348167,PERSONAL SERVICES SETTINGS,2025-10-21,Business name suggests hair/salon; event services unverified,low,Needs business and event-service verification; do not publish as approved,https://open.toronto.ca/dataset/municipal-licensing-and-standards-business-licences-and-permits/
VP SALON,Hairstylist,Hair styling,,,B56-5566064,PERSONAL SERVICES SETTINGS,2026-07-10,Business name suggests hair/salon; event services unverified,low,Needs business and event-service verification; do not publish as approved,https://open.toronto.ca/dataset/municipal-licensing-and-standards-business-licences-and-permits/
VSS SALON,Hairstylist,Hair styling,,4162361835,B56-5581821,PERSONAL SERVICES SETTINGS,2026-09-22,Business name suggests hair/salon; event services unverified,low,Needs business and event-service verification; do not publish as approved,https://open.toronto.ca/dataset/municipal-licensing-and-standards-business-licences-and-permits/
WARDEN WOODS HAIR STUDIO,Hairstylist,Hair styling,,,B56-5317158,PERSONAL SERVICES SETTINGS,2026-02-06,Business name suggests hair/salon; event services unverified,low,Needs business and event-service verification; do not publish as approved,https://open.toronto.ca/dataset/municipal-licensing-and-standards-business-licences-and-permits/
WATER LILY BEAUTY SALON,Hairstylist,Hair styling,,6473009927,B56-5422263,PERSONAL SERVICES SETTINGS,2026-02-13,Business name suggests hair/salon; event services unverified,low,Needs business and event-service verification; do not publish as approved,https://open.toronto.ca/dataset/municipal-licensing-and-standards-business-licences-and-permits/
WE LOVE NAILS SALON TORONTO,Hairstylist,Hair styling,,,B56-5618411,PERSONAL SERVICES SETTINGS,2026-04-14,Business name suggests hair/salon; event services unverified,low,Needs business and event-service verification; do not publish as approved,https://open.toronto.ca/dataset/municipal-licensing-and-standards-business-licences-and-permits/
WE SALON,Hairstylist,Hair styling,,,B56-5228318,PERSONAL SERVICES SETTINGS,2026-08-28,Business name suggests hair/salon; event services unverified,low,Needs business and event-service verification; do not publish as approved,https://open.toronto.ca/dataset/municipal-licensing-and-standards-business-licences-and-permits/
WELL NAIL & HAIR STUDIO,Hairstylist,Hair styling,,,B56-5623877,PERSONAL SERVICES SETTINGS,2026-04-28,Business name suggests hair/salon; event services unverified,low,Needs business and event-service verification; do not publish as approved,https://open.toronto.ca/dataset/municipal-licensing-and-standards-business-licences-and-permits/
WEST WAVE HAIR STUDIO,Hairstylist,Hair styling,,,B56-5246604,PERSONAL SERVICES SETTINGS,2026-05-15,Business name suggests hair/salon; event services unverified,low,Needs business and event-service verification; do not publish as approved,https://open.toronto.ca/dataset/municipal-licensing-and-standards-business-licences-and-permits/
WESTON HAIR SPOT,Hairstylist,Hair styling,,,B56-4069889,PERSONAL SERVICES SETTINGS,2026-08-13,Business name suggests hair/salon; event services unverified,low,Needs business and event-service verification; do not publish as approved,https://open.toronto.ca/dataset/municipal-licensing-and-standards-business-licences-and-permits/
WILSON HAIR SALON LTD,Hairstylist,Hair styling,,6476212518,B56-4541339,PERSONAL SERVICES SETTINGS,2026-09-11,Business name suggests hair/salon; event services unverified,low,Needs business and event-service verification; do not publish as approved,https://open.toronto.ca/dataset/municipal-licensing-and-standards-business-licences-and-permits/
WISPS UNISEX HAIR SALON,Hairstylist,Hair styling,,4166204974,B56-4536095,PERSONAL SERVICES SETTINGS,2026-06-23,Business name suggests hair/salon; event services unverified,low,Needs business and event-service verification; do not publish as approved,https://open.toronto.ca/dataset/municipal-licensing-and-standards-business-licences-and-permits/
WOINE BEAUTY SUPPLY AND HAIR SALON,Hairstylist,Hair styling,,,B56-5212523; B56-5615407,PERSONAL SERVICES SETTINGS,2026-03-13,Business name suggests hair/salon; event services unverified,low,Needs business and event-service verification; do not publish as approved,https://open.toronto.ca/dataset/municipal-licensing-and-standards-business-licences-and-permits/
WOO YOUNG SUN HAIR ART,Hairstylist,Hair styling,,4162220071,B56-5647377,PERSONAL SERVICES SETTINGS,2026-06-30,Business name suggests hair/salon; event services unverified,low,Needs business and event-service verification; do not publish as approved,https://open.toronto.ca/dataset/municipal-licensing-and-standards-business-licences-and-permits/
WOODVIEW BEAUTY SALON,Hairstylist,Hair styling,,4167432536,B56-0033565,PERSONAL SERVICES SETTINGS,2025-12-19,Business name suggests hair/salon; event services unverified,low,Needs business and event-service verification; do not publish as approved,https://open.toronto.ca/dataset/municipal-licensing-and-standards-business-licences-and-permits/
WORLD HAIR DESIGN,Hairstylist,Hair styling,,,B56-5486043,PERSONAL SERVICES SETTINGS,2025-10-14,Business name suggests hair/salon; event services unverified,low,Needs business and event-service verification; do not publish as approved,https://open.toronto.ca/dataset/municipal-licensing-and-standards-business-licences-and-permits/
WU JIE HAIR SALON,Hairstylist,Hair styling,,4166666469,B56-3840684,PERSONAL SERVICES SETTINGS,2026-06-09,Business name suggests hair/salon; event services unverified,low,Needs business and event-service verification; do not publish as approved,https://open.toronto.ca/dataset/municipal-licensing-and-standards-business-licences-and-permits/
WW HAIR SALON,Hairstylist,Hair styling,,,B56-5317038,PERSONAL SERVICES SETTINGS,2026-03-31,Business name suggests hair/salon; event services unverified,low,Needs business and event-service verification; do not publish as approved,https://open.toronto.ca/dataset/municipal-licensing-and-standards-business-licences-and-permits/
WYNFORD SALON & SPA,Hairstylist,Hair styling,,4166719027,B56-4652779,PERSONAL SERVICES SETTINGS,2026-08-28,Business name suggests hair/salon; event services unverified,low,Needs business and event-service verification; do not publish as approved,https://open.toronto.ca/dataset/municipal-licensing-and-standards-business-licences-and-permits/
Y & L HAIR DESIGN,Hairstylist,Hair styling,,4164668321,B56-3838000,PERSONAL SERVICES SETTINGS,2026-05-29,Business name suggests hair/salon; event services unverified,low,Needs business and event-service verification; do not publish as approved,https://open.toronto.ca/dataset/municipal-licensing-and-standards-business-licences-and-permits/
YANISMA HAIR SALON,Hairstylist,Hair styling,,,B56-5664980,PERSONAL SERVICES SETTINGS,2026-09-08,Business name suggests hair/salon; event services unverified,low,Needs business and event-service verification; do not publish as approved,https://open.toronto.ca/dataset/municipal-licensing-and-standards-business-licences-and-permits/
YIANNIS HAIRSTYLING,Hairstylist,Hair styling,,4164637088,B56-3118624,PERSONAL SERVICES SETTINGS,2026-02-25,Business name suggests hair/salon; event services unverified,low,Needs business and event-service verification; do not publish as approved,https://open.toronto.ca/dataset/municipal-licensing-and-standards-business-licences-and-permits/
YING HAIR SALON,Hairstylist,Hair styling,,4162911311,B56-4181287,PERSONAL SERVICES SETTINGS,2026-03-17,Business name suggests hair/salon; event services unverified,low,Needs business and event-service verification; do not publish as approved,https://open.toronto.ca/dataset/municipal-licensing-and-standards-business-licences-and-permits/
YONGE SALON,Hairstylist,Hair styling,,4168899019,B56-4182836,PERSONAL SERVICES SETTINGS,2026-05-29,Business name suggests hair/salon; event services unverified,low,Needs business and event-service verification; do not publish as approved,https://open.toronto.ca/dataset/municipal-licensing-and-standards-business-licences-and-permits/
YOUNG STAR SALON,Hairstylist,Hair styling,,,B56-4724630,PERSONAL SERVICES SETTINGS,2026-07-28,Business name suggests hair/salon; event services unverified,low,Needs business and event-service verification; do not publish as approved,https://open.toronto.ca/dataset/municipal-licensing-and-standards-business-licences-and-permits/
YOUNG TREND HAIR STUDIO,Hairstylist,Hair styling,,6473527688,B56-4859492; B56-5485425,PERSONAL SERVICES SETTINGS,2026-07-07,Business name suggests hair/salon; event services unverified,low,Needs business and event-service verification; do not publish as approved,https://open.toronto.ca/dataset/municipal-licensing-and-standards-business-licences-and-permits/
YU YU HAIR,Hairstylist,Hair styling,,4169091128,B56-4309270,PERSONAL SERVICES SETTINGS,2026-04-14,Business name suggests hair/salon; event services unverified,low,Needs business and event-service verification; do not publish as approved,https://open.toronto.ca/dataset/municipal-licensing-and-standards-business-licences-and-permits/
YUNY HAIR,Hairstylist,Hair styling,,,B56-5456789,PERSONAL SERVICES SETTINGS,2026-09-04,Business name suggests hair/salon; event services unverified,low,Needs business and event-service verification; do not publish as approved,https://open.toronto.ca/dataset/municipal-licensing-and-standards-business-licences-and-permits/
YVIE'S CONCEPT HAIR SALON & SPA,Hairstylist,Hair styling,,,B56-5651768,PERSONAL SERVICES SETTINGS,2026-08-11,Business name suggests hair/salon; event services unverified,low,Needs business and event-service verification; do not publish as approved,https://open.toronto.ca/dataset/municipal-licensing-and-standards-business-licences-and-permits/
ZACK HAIR SALON & SPA,Hairstylist,Hair styling,,,B56-5219648,PERSONAL SERVICES SETTINGS,2026-06-12,Business name suggests hair/salon; event services unverified,low,Needs business and event-service verification; do not publish as approved,https://open.toronto.ca/dataset/municipal-licensing-and-standards-business-licences-and-permits/
ZARA'S SPA & HAIR STUDIO,Hairstylist,Hair styling,,,B56-4996969,PERSONAL SERVICES SETTINGS,2026-02-27,Business name suggests hair/salon; event services unverified,low,Needs business and event-service verification; do not publish as approved,https://open.toronto.ca/dataset/municipal-licensing-and-standards-business-licences-and-permits/
ZENDA HAIR DESIGN,Hairstylist,Hair styling,,4166588176,B56-3835666,PERSONAL SERVICES SETTINGS,2026-04-03,Business name suggests hair/salon; event services unverified,low,Needs business and event-service verification; do not publish as approved,https://open.toronto.ca/dataset/municipal-licensing-and-standards-business-licences-and-permits/
ZITARA'S HAIR SALON,Hairstylist,Hair styling,,4167999185,B56-5202059,PERSONAL SERVICES SETTINGS,2026-01-20,Business name suggests hair/salon; event services unverified,low,Needs business and event-service verification; do not publish as approved,https://open.toronto.ca/dataset/municipal-licensing-and-standards-business-licences-and-permits/
ZOHRA BEAUTY SALON,Hairstylist,Hair styling,,,B56-5005596,PERSONAL SERVICES SETTINGS,2026-02-20,Business name suggests hair/salon; event services unverified,low,Needs business and event-service verification; do not publish as approved,https://open.toronto.ca/dataset/municipal-licensing-and-standards-business-licences-and-permits/
ZOHREH'S HAIR SALON,Hairstylist,Hair styling,,4162618741,B56-5212747,PERSONAL SERVICES SETTINGS,2026-06-25,Business name suggests hair/salon; event services unverified,low,Needs business and event-service verification; do not publish as approved,https://open.toronto.ca/dataset/municipal-licensing-and-standards-business-licences-and-permits/
ZOMA BEAUTY SALON,Hairstylist,Hair styling,,4166939662,B56-4201685,PERSONAL SERVICES SETTINGS,2026-08-28,Business name suggests hair/salon; event services unverified,low,Needs business and event-service verification; do not publish as approved,https://open.toronto.ca/dataset/municipal-licensing-and-standards-business-licences-and-permits/
6IX IRON INDOOR GOLF,Kids activity or venue,Kids party activities,,,B33-5479164; B33-5561628,AMUSEMENT ESTABLISHMENT,2026-09-15,City licence category: amusement; event suitability unverified,low,Needs business and event-service verification; do not publish as approved,https://open.toronto.ca/dataset/municipal-licensing-and-standards-business-licences-and-permits/
789 BILLIARDS & ESPORT,Kids activity or venue,Kids party activities,,,B33-5649304,AMUSEMENT ESTABLISHMENT,2026-07-06,City licence category: amusement; event suitability unverified,low,Needs business and event-service verification; do not publish as approved,https://open.toronto.ca/dataset/municipal-licensing-and-standards-business-licences-and-permits/
8DIAMONDZ,Kids activity or venue,Kids party activities,,,B33-5507806,AMUSEMENT ESTABLISHMENT,2026-02-10,City licence category: amusement; event suitability unverified,low,Needs business and event-service verification; do not publish as approved,https://open.toronto.ca/dataset/municipal-licensing-and-standards-business-licences-and-permits/
A & C GAMES ENTERPRISES,Kids activity or venue,Kids party activities,,4169233066,B33-4542097,AMUSEMENT ESTABLISHMENT,2026-09-11,City licence category: amusement; event suitability unverified,low,Needs business and event-service verification; do not publish as approved,https://open.toronto.ca/dataset/municipal-licensing-and-standards-business-licences-and-permits/
ACE GOLF BAR & LOUNGE,Kids activity or venue,Kids party activities,,,B33-5363669,AMUSEMENT ESTABLISHMENT,2025-12-02,City licence category: amusement; event suitability unverified,low,Needs business and event-service verification; do not publish as approved,https://open.toronto.ca/dataset/municipal-licensing-and-standards-business-licences-and-permits/
ACTIVATE,Kids activity or venue,Kids party activities,,,B33-5661668,AMUSEMENT ESTABLISHMENT,2026-08-21,City licence category: amusement; event suitability unverified,low,Needs business and event-service verification; do not publish as approved,https://open.toronto.ca/dataset/municipal-licensing-and-standards-business-licences-and-permits/
ACTIVATE GAMES SCARBOROUGH,Kids activity or venue,Kids party activities,,,B33-5496750,AMUSEMENT ESTABLISHMENT,2025-12-19,City licence category: amusement; event suitability unverified,low,Needs business and event-service verification; do not publish as approved,https://open.toronto.ca/dataset/municipal-licensing-and-standards-business-licences-and-permits/
ACTIVATE GAMES SCARBOROUGH INC,Kids activity or venue,Kids party activities,,,B33-5565482,AMUSEMENT ESTABLISHMENT,2026-05-15,City licence category: amusement; event suitability unverified,low,Needs business and event-service verification; do not publish as approved,https://open.toronto.ca/dataset/municipal-licensing-and-standards-business-licences-and-permits/
AEROSPORTS PARK SCARBOROUGH,Kids activity or venue,Kids party activities,,,B33-5608539,AMUSEMENT ESTABLISHMENT,2026-02-10,City licence category: amusement; event suitability unverified,low,Needs business and event-service verification; do not publish as approved,https://open.toronto.ca/dataset/municipal-licensing-and-standards-business-licences-and-permits/
AKA AKA RIICHI MAHJONG CLUB,Kids activity or venue,Kids party activities,,,B33-5561664,AMUSEMENT ESTABLISHMENT,2026-07-28,City licence category: amusement; event suitability unverified,low,Needs business and event-service verification; do not publish as approved,https://open.toronto.ca/dataset/municipal-licensing-and-standards-business-licences-and-permits/
ANNEX BILLIARDS CLUB,Kids activity or venue,Kids party activities,,4169726588,B33-4542535,AMUSEMENT ESTABLISHMENT,2026-09-16,City licence category: amusement; event suitability unverified,low,Needs business and event-service verification; do not publish as approved,https://open.toronto.ca/dataset/municipal-licensing-and-standards-business-licences-and-permits/
ANOTHER WORLD,Kids activity or venue,Kids party activities,,,B33-5580079,AMUSEMENT ESTABLISHMENT,2026-07-24,City licence category: amusement; event suitability unverified,low,Needs business and event-service verification; do not publish as approved,https://open.toronto.ca/dataset/municipal-licensing-and-standards-business-licences-and-permits/
ANTISOCIAL,Kids activity or venue,Kids party activities,,,B33-5479219,AMUSEMENT ESTABLISHMENT,2025-11-21,City licence category: amusement; event suitability unverified,low,Needs business and event-service verification; do not publish as approved,https://open.toronto.ca/dataset/municipal-licensing-and-standards-business-licences-and-permits/
ARCHERY CIRCUIT,Kids activity or venue,Kids party activities,,4166628828,B33-4879669,AMUSEMENT ESTABLISHMENT,2025-10-07,City licence category: amusement; event suitability unverified,low,Needs business and event-service verification; do not publish as approved,https://open.toronto.ca/dataset/municipal-licensing-and-standards-business-licences-and-permits/
BATL ALTERNATIVE SPORTS,Kids activity or venue,Kids party activities,,4165761771,B33-4926539; B33-5120267,AMUSEMENT ESTABLISHMENT,2026-07-07,City licence category: amusement; event suitability unverified,low,Needs business and event-service verification; do not publish as approved,https://open.toronto.ca/dataset/municipal-licensing-and-standards-business-licences-and-permits/
BOULDER PARC,Kids activity or venue,Kids party activities,,4166720239,B33-5460129,AMUSEMENT ESTABLISHMENT,2026-09-18,City licence category: amusement; event suitability unverified,low,Needs business and event-service verification; do not publish as approved,https://open.toronto.ca/dataset/municipal-licensing-and-standards-business-licences-and-permits/
BOULDERZ CLIMBING CENTRE,Kids activity or venue,Kids party activities,,4162556676,B33-4747509,AMUSEMENT ESTABLISHMENT,2026-09-11,City licence category: amusement; event suitability unverified,low,Needs business and event-service verification; do not publish as approved,https://open.toronto.ca/dataset/municipal-licensing-and-standards-business-licences-and-permits/
BOULDERZ CLIMBING CENTRE INC,Kids activity or venue,Kids party activities,,4162556676,B33-4747510,AMUSEMENT ESTABLISHMENT,2026-09-11,City licence category: amusement; event suitability unverified,low,Needs business and event-service verification; do not publish as approved,https://open.toronto.ca/dataset/municipal-licensing-and-standards-business-licences-and-permits/
BOWLERAMA REXDALE,Kids activity or venue,Kids party activities,,4167438388,B33-4180404,AMUSEMENT ESTABLISHMENT,2026-03-03,City licence category: amusement; event suitability unverified,low,Needs business and event-service verification; do not publish as approved,https://open.toronto.ca/dataset/municipal-licensing-and-standards-business-licences-and-permits/
BROTHERS BILLIARDS,Kids activity or venue,Kids party activities,,,B33-5650949,AMUSEMENT ESTABLISHMENT,2026-07-09,City licence category: amusement; event suitability unverified,low,Needs business and event-service verification; do not publish as approved,https://open.toronto.ca/dataset/municipal-licensing-and-standards-business-licences-and-permits/
BUNCH OF FUN PLAYLAND,Kids activity or venue,Kids party activities,,4168904164,B33-5145040,AMUSEMENT ESTABLISHMENT,2025-12-16,City licence category: amusement; event suitability unverified,low,Needs business and event-service verification; do not publish as approved,https://open.toronto.ca/dataset/municipal-licensing-and-standards-business-licences-and-permits/
C4 CENTRE INC,Kids activity or venue,Kids party activities,,4162614216,B33-5211378,AMUSEMENT ESTABLISHMENT,2026-04-24,City licence category: amusement; event suitability unverified,low,Needs business and event-service verification; do not publish as approved,https://open.toronto.ca/dataset/municipal-licensing-and-standards-business-licences-and-permits/
CABIN FEVER,Kids activity or venue,Kids party activities,,,B33-5667930,AMUSEMENT ESTABLISHMENT,2026-09-15,City licence category: amusement; event suitability unverified,low,Needs business and event-service verification; do not publish as approved,https://open.toronto.ca/dataset/municipal-licensing-and-standards-business-licences-and-permits/
CANLAN ICE SPORTS,Kids activity or venue,Kids party activities,,4162475742,B33-3610221; B33-3844980,AMUSEMENT ESTABLISHMENT,2026-07-17,City licence category: amusement; event suitability unverified,low,Needs business and event-service verification; do not publish as approved,https://open.toronto.ca/dataset/municipal-licensing-and-standards-business-licences-and-permits/
CENTREVILLE,Kids activity or venue,Kids party activities,,4162342345,B33-4710168,AMUSEMENT ESTABLISHMENT,2026-01-16,City licence category: amusement; event suitability unverified,low,Needs business and event-service verification; do not publish as approved,https://open.toronto.ca/dataset/municipal-licensing-and-standards-business-licences-and-permits/
CHALKERS SPORTS BAR AND GRILL,Kids activity or venue,Kids party activities,,,B33-5406491,AMUSEMENT ESTABLISHMENT,2026-04-03,City licence category: amusement; event suitability unverified,low,Needs business and event-service verification; do not publish as approved,https://open.toronto.ca/dataset/municipal-licensing-and-standards-business-licences-and-permits/
CHAOS STUDIOS INC,Kids activity or venue,Kids party activities,,,B33-5580292,AMUSEMENT ESTABLISHMENT,2026-09-01,City licence category: amusement; event suitability unverified,low,Needs business and event-service verification; do not publish as approved,https://open.toronto.ca/dataset/municipal-licensing-and-standards-business-licences-and-permits/
CHESSWOOD ARENAS,Kids activity or venue,Kids party activities,,4166308114,B33-3502160,AMUSEMENT ESTABLISHMENT,2026-01-13,City licence category: amusement; event suitability unverified,low,Needs business and event-service verification; do not publish as approved,https://open.toronto.ca/dataset/municipal-licensing-and-standards-business-licences-and-permits/
CHUCK E. CHEESE'S,Kids activity or venue,Kids party activities,,4164975224,B33-5651722,AMUSEMENT ESTABLISHMENT,2026-07-17,City licence category: amusement; event suitability unverified,low,Needs business and event-service verification; do not publish as approved,https://open.toronto.ca/dataset/municipal-licensing-and-standards-business-licences-and-permits/
CLAW ME BABY,Kids activity or venue,Kids party activities,,,B33-5494374,AMUSEMENT ESTABLISHMENT,2026-01-16,City licence category: amusement; event suitability unverified,low,Needs business and event-service verification; do not publish as approved,https://open.toronto.ca/dataset/municipal-licensing-and-standards-business-licences-and-permits/
CLAW ME BABY GAMES,Kids activity or venue,Kids party activities,,,B33-5578310,AMUSEMENT ESTABLISHMENT,2025-09-05,City licence category: amusement; event suitability unverified,low,Needs business and event-service verification; do not publish as approved,https://open.toronto.ca/dataset/municipal-licensing-and-standards-business-licences-and-permits/
CLAW WORLD,Kids activity or venue,Kids party activities,,,B33-5497908,AMUSEMENT ESTABLISHMENT,2026-01-02,City licence category: amusement; event suitability unverified,low,Needs business and event-service verification; do not publish as approved,https://open.toronto.ca/dataset/municipal-licensing-and-standards-business-licences-and-permits/
COOL 8 BILLIARDS & LOUNGE,Kids activity or venue,Kids party activities,,,B33-55B1891,AMUSEMENT ESTABLISHMENT,2026-01-20,City licence category: amusement; event suitability unverified,low,Needs business and event-service verification; do not publish as approved,https://open.toronto.ca/dataset/municipal-licensing-and-standards-business-licences-and-permits/
CREATIVE PLAYZONE,Kids activity or venue,Kids party activities,,,B33-5513630,AMUSEMENT ESTABLISHMENT,2026-01-13,City licence category: amusement; event suitability unverified,low,Needs business and event-service verification; do not publish as approved,https://open.toronto.ca/dataset/municipal-licensing-and-standards-business-licences-and-permits/
CYBER ZONE,Kids activity or venue,Kids party activities,,4167594184,B33-3844943,AMUSEMENT ESTABLISHMENT,2025-12-30,City licence category: amusement; event suitability unverified,low,Needs business and event-service verification; do not publish as approved,https://open.toronto.ca/dataset/municipal-licensing-and-standards-business-licences-and-permits/
CYBERMAX,Kids activity or venue,Kids party activities,,6474380079,B33-4884880,AMUSEMENT ESTABLISHMENT,2026-03-20,City licence category: amusement; event suitability unverified,low,Needs business and event-service verification; do not publish as approved,https://open.toronto.ca/dataset/municipal-licensing-and-standards-business-licences-and-permits/
DANFORTH BOWL,Kids activity or venue,Kids party activities,,4164633000,B33-3368526,AMUSEMENT ESTABLISHMENT,2025-12-16,City licence category: amusement; event suitability unverified,low,Needs business and event-service verification; do not publish as approved,https://open.toronto.ca/dataset/municipal-licensing-and-standards-business-licences-and-permits/
DAT TUONG BILLIARDS,Kids activity or venue,Kids party activities,,4162428881,B33-4190204,AMUSEMENT ESTABLISHMENT,2025-12-30,City licence category: amusement; event suitability unverified,low,Needs business and event-service verification; do not publish as approved,https://open.toronto.ca/dataset/municipal-licensing-and-standards-business-licences-and-permits/
DELTA BINGO AND GAMING,Kids activity or venue,Kids party activities,,,B33-5524781,AMUSEMENT ESTABLISHMENT,2026-04-24,City licence category: amusement; event suitability unverified,low,Needs business and event-service verification; do not publish as approved,https://open.toronto.ca/dataset/municipal-licensing-and-standards-business-licences-and-permits/
DELTA SPORTS BAR,Kids activity or venue,Kids party activities,,,B33-4304818,AMUSEMENT ESTABLISHMENT,2026-01-30,City licence category: amusement; event suitability unverified,low,Needs business and event-service verification; do not publish as approved,https://open.toronto.ca/dataset/municipal-licensing-and-standards-business-licences-and-permits/
DOGLEG LEFT GOLF,Kids activity or venue,Kids party activities,,,B33-5495696,AMUSEMENT ESTABLISHMENT,2025-12-26,City licence category: amusement; event suitability unverified,low,Needs business and event-service verification; do not publish as approved,https://open.toronto.ca/dataset/municipal-licensing-and-standards-business-licences-and-permits/
E ZHAN,Kids activity or venue,Kids party activities,,6474305987,B33-3956533,AMUSEMENT ESTABLISHMENT,2026-06-12,City licence category: amusement; event suitability unverified,low,Needs business and event-service verification; do not publish as approved,https://open.toronto.ca/dataset/municipal-licensing-and-standards-business-licences-and-permits/
ENIGMA ESCAPE ROOM,Kids activity or venue,Kids party activities,,,B33-5408318,AMUSEMENT ESTABLISHMENT,2025-12-19,City licence category: amusement; event suitability unverified,low,Needs business and event-service verification; do not publish as approved,https://open.toronto.ca/dataset/municipal-licensing-and-standards-business-licences-and-permits/
EPIC PLANET FUN,Kids activity or venue,Kids party activities,,,B33-5320621,AMUSEMENT ESTABLISHMENT,2025-10-03,City licence category: amusement; event suitability unverified,low,Needs business and event-service verification; do not publish as approved,https://open.toronto.ca/dataset/municipal-licensing-and-standards-business-licences-and-permits/
ESCAPE MANOR TORONTO,Kids activity or venue,Kids party activities,,,B33-5140661,AMUSEMENT ESTABLISHMENT,2025-09-09,City licence category: amusement; event suitability unverified,low,Needs business and event-service verification; do not publish as approved,https://open.toronto.ca/dataset/municipal-licensing-and-standards-business-licences-and-permits/
ETHOS CLIMBING,Kids activity or venue,Kids party activities,,,B33-5505017,AMUSEMENT ESTABLISHMENT,2026-02-20,City licence category: amusement; event suitability unverified,low,Needs business and event-service verification; do not publish as approved,https://open.toronto.ca/dataset/municipal-licensing-and-standards-business-licences-and-permits/
EXTREME FUN,Kids activity or venue,Kids party activities,,4167578777,B33-3959891,AMUSEMENT ESTABLISHMENT,2026-01-13,City licence category: amusement; event suitability unverified,low,Needs business and event-service verification; do not publish as approved,https://open.toronto.ca/dataset/municipal-licensing-and-standards-business-licences-and-permits/
FACE TO FACE GAMES,Kids activity or venue,Kids party activities,,,B33-5373606,AMUSEMENT ESTABLISHMENT,2026-09-21,City licence category: amusement; event suitability unverified,low,Needs business and event-service verification; do not publish as approved,https://open.toronto.ca/dataset/municipal-licensing-and-standards-business-licences-and-permits/
FAIRGROUNDS/FAIRGROUNDS PUBLIC RACKET CLUB - LEASIDE,Kids activity or venue,Kids party activities,,,B33-55A1002,AMUSEMENT ESTABLISHMENT,2025-12-04,City licence category: amusement; event suitability unverified,low,Needs business and event-service verification; do not publish as approved,https://open.toronto.ca/dataset/municipal-licensing-and-standards-business-licences-and-permits/
FANTASY FAIR,Kids activity or venue,Kids party activities,,,B33-4652076,AMUSEMENT ESTABLISHMENT,2026-06-30,City licence category: amusement; event suitability unverified,low,Needs business and event-service verification; do not publish as approved,https://open.toronto.ca/dataset/municipal-licensing-and-standards-business-licences-and-permits/
FLEMINGTON PARK GOLF CLUB,Kids activity or venue,Kids party activities,,4164291740,B33-3004690,AMUSEMENT ESTABLISHMENT,2026-01-16,City licence category: amusement; event suitability unverified,low,Needs business and event-service verification; do not publish as approved,https://open.toronto.ca/dataset/municipal-licensing-and-standards-business-licences-and-permits/
FORE INDOOR GOLF (LEASIDE),Kids activity or venue,Kids party activities,,,B33-5662210,AMUSEMENT ESTABLISHMENT,2026-09-01,City licence category: amusement; event suitability unverified,low,Needs business and event-service verification; do not publish as approved,https://open.toronto.ca/dataset/municipal-licensing-and-standards-business-licences-and-permits/
FORE! INDOOR GOLF,Kids activity or venue,Kids party activities,,,B33-5631090,AMUSEMENT ESTABLISHMENT,2026-05-29,City licence category: amusement; event suitability unverified,low,Needs business and event-service verification; do not publish as approved,https://open.toronto.ca/dataset/municipal-licensing-and-standards-business-licences-and-permits/
FOREVER YOUNG FOOD FUN PARTY,Kids activity or venue,Kids party activities,,,B33-5563058,AMUSEMENT ESTABLISHMENT,2025-07-11,City licence category: amusement; event suitability unverified,low,Needs business and event-service verification; do not publish as approved,https://open.toronto.ca/dataset/municipal-licensing-and-standards-business-licences-and-permits/
FUN MIX TORONTO,Kids activity or venue,Kids party activities,,,B33-5613383,AMUSEMENT ESTABLISHMENT,2026-07-24,City licence category: amusement; event suitability unverified,low,Needs business and event-service verification; do not publish as approved,https://open.toronto.ca/dataset/municipal-licensing-and-standards-business-licences-and-permits/
GAMER GOLF,Kids activity or venue,Kids party activities,,6474949709,B33-5145357; B33-5625367,AMUSEMENT ESTABLISHMENT,2026-04-24,City licence category: amusement; event suitability unverified,low,Needs business and event-service verification; do not publish as approved,https://open.toronto.ca/dataset/municipal-licensing-and-standards-business-licences-and-permits/
GIBBONS IRISH PUB / PAR TEE PUTT,Kids activity or venue,Kids party activities,,4168927535,B33-5313884,AMUSEMENT ESTABLISHMENT,2026-03-25,City licence category: amusement; event suitability unverified,low,Needs business and event-service verification; do not publish as approved,https://open.toronto.ca/dataset/municipal-licensing-and-standards-business-licences-and-permits/
GIGA BITES,Kids activity or venue,Kids party activities,,4165310030,B33-3725094,AMUSEMENT ESTABLISHMENT,2026-06-12,City licence category: amusement; event suitability unverified,low,Needs business and event-service verification; do not publish as approved,https://open.toronto.ca/dataset/municipal-licensing-and-standards-business-licences-and-permits/
GIGGLES PLAYLAND,Kids activity or venue,Kids party activities,,6477487529,B33-5416660,AMUSEMENT ESTABLISHMENT,2026-07-27,City licence category: amusement; event suitability unverified,low,Needs business and event-service verification; do not publish as approved,https://open.toronto.ca/dataset/municipal-licensing-and-standards-business-licences-and-permits/
GOLF 247 LEASIDE,Kids activity or venue,Kids party activities,,,B33-5311622,AMUSEMENT ESTABLISHMENT,2026-03-30,City licence category: amusement; event suitability unverified,low,Needs business and event-service verification; do not publish as approved,https://open.toronto.ca/dataset/municipal-licensing-and-standards-business-licences-and-permits/
GOLF KINGS,Kids activity or venue,Kids party activities,,4166619899,B33-5609376,AMUSEMENT ESTABLISHMENT,2026-02-09,City licence category: amusement; event suitability unverified,low,Needs business and event-service verification; do not publish as approved,https://open.toronto.ca/dataset/municipal-licensing-and-standards-business-licences-and-permits/
GULLIVER PLAYSTUDIO,Kids activity or venue,Kids party activities,,,B33-5624618,AMUSEMENT ESTABLISHMENT,2026-04-14,City licence category: amusement; event suitability unverified,low,Needs business and event-service verification; do not publish as approved,https://open.toronto.ca/dataset/municipal-licensing-and-standards-business-licences-and-permits/
HAPPY KINGDOM LAWRANCE,Kids activity or venue,Kids party activities,,,B33-5601792,AMUSEMENT ESTABLISHMENT,2026-02-09,City licence category: amusement; event suitability unverified,low,Needs business and event-service verification; do not publish as approved,https://open.toronto.ca/dataset/municipal-licensing-and-standards-business-licences-and-permits/
HAPPY PLANET LEASIDE,Kids activity or venue,Kids party activities,,,B33-5627202,AMUSEMENT ESTABLISHMENT,2026-04-28,City licence category: amusement; event suitability unverified,low,Needs business and event-service verification; do not publish as approved,https://open.toronto.ca/dataset/municipal-licensing-and-standards-business-licences-and-permits/
ICUE BILLIARD & LOUNGE,Kids activity or venue,Kids party activities,,,B33-5669889,AMUSEMENT ESTABLISHMENT,2026-09-23,City licence category: amusement; event suitability unverified,low,Needs business and event-service verification; do not publish as approved,https://open.toronto.ca/dataset/municipal-licensing-and-standards-business-licences-and-permits/
INBLACK ESCAPE ROOM-EATON,Kids activity or venue,Kids party activities,,,B33-5571669,AMUSEMENT ESTABLISHMENT,2025-08-12,City licence category: amusement; event suitability unverified,low,Needs business and event-service verification; do not publish as approved,https://open.toronto.ca/dataset/municipal-licensing-and-standards-business-licences-and-permits/
INVICTUSGAMESTATION,Kids activity or venue,Kids party activities,,6475460958,B33-4974118; B33-5323142,AMUSEMENT ESTABLISHMENT,2026-08-11,City licence category: amusement; event suitability unverified,low,Needs business and event-service verification; do not publish as approved,https://open.toronto.ca/dataset/municipal-licensing-and-standards-business-licences-and-permits/
JOLLY BUBBLE NORTH YORK,Kids activity or venue,Kids party activities,,4164478889,B33-5616311,AMUSEMENT ESTABLISHMENT,2026-03-17,City licence category: amusement; event suitability unverified,low,Needs business and event-service verification; do not publish as approved,https://open.toronto.ca/dataset/municipal-licensing-and-standards-business-licences-and-permits/
JUMP FOR JOY KIDS CLUB,Kids activity or venue,Kids party activities,,,B33-5639295,AMUSEMENT ESTABLISHMENT,2026-06-01,City licence category: amusement; event suitability unverified,low,Needs business and event-service verification; do not publish as approved,https://open.toronto.ca/dataset/municipal-licensing-and-standards-business-licences-and-permits/
JUMP FOR JOY PLAYCENTRE,Kids activity or venue,Kids party activities,,,B33-4911686,AMUSEMENT ESTABLISHMENT,2026-01-16,City licence category: amusement; event suitability unverified,low,Needs business and event-service verification; do not publish as approved,https://open.toronto.ca/dataset/municipal-licensing-and-standards-business-licences-and-permits/
JUNGLE ADVENTURE,Kids activity or venue,Kids party activities,,6472625219,B33-4844359,AMUSEMENT ESTABLISHMENT,2026-07-28,City licence category: amusement; event suitability unverified,low,Needs business and event-service verification; do not publish as approved,https://open.toronto.ca/dataset/municipal-licensing-and-standards-business-licences-and-permits/
K1 SPEED,Kids activity or venue,Kids party activities,,4166385278,B33-4756517,AMUSEMENT ESTABLISHMENT,2025-12-23,City licence category: amusement; event suitability unverified,low,Needs business and event-service verification; do not publish as approved,https://open.toronto.ca/dataset/municipal-licensing-and-standards-business-licences-and-permits/
KART TOWN,Kids activity or venue,Kids party activities,,,B33-5246050,AMUSEMENT ESTABLISHMENT,2026-03-02,City licence category: amusement; event suitability unverified,low,Needs business and event-service verification; do not publish as approved,https://open.toronto.ca/dataset/municipal-licensing-and-standards-business-licences-and-permits/
KENNEDY BOWL,Kids activity or venue,Kids party activities,,4167596181,B33-3363265,AMUSEMENT ESTABLISHMENT,2026-01-16,City licence category: amusement; event suitability unverified,low,Needs business and event-service verification; do not publish as approved,https://open.toronto.ca/dataset/municipal-licensing-and-standards-business-licences-and-permits/
KGOLF TORONTO,Kids activity or venue,Kids party activities,,,B33-5321103,AMUSEMENT ESTABLISHMENT,2026-03-10,City licence category: amusement; event suitability unverified,low,Needs business and event-service verification; do not publish as approved,https://open.toronto.ca/dataset/municipal-licensing-and-standards-business-licences-and-permits/
KIDS FUN CITY,Kids activity or venue,Kids party activities,,4164444386,B33-4181675,AMUSEMENT ESTABLISHMENT,2026-05-15,City licence category: amusement; event suitability unverified,low,Needs business and event-service verification; do not publish as approved,https://open.toronto.ca/dataset/municipal-licensing-and-standards-business-licences-and-permits/
KIDS FUN TOWN,Kids activity or venue,Kids party activities,,4162777689,B33-4805793,AMUSEMENT ESTABLISHMENT,2026-02-13,City licence category: amusement; event suitability unverified,low,Needs business and event-service verification; do not publish as approved,https://open.toronto.ca/dataset/municipal-licensing-and-standards-business-licences-and-permits/
KOKO'S HOUSE,Kids activity or venue,Kids party activities,,,B33-5490525,AMUSEMENT ESTABLISHMENT,2026-09-22,City licence category: amusement; event suitability unverified,low,Needs business and event-service verification; do not publish as approved,https://open.toronto.ca/dataset/municipal-licensing-and-standards-business-licences-and-permits/
LA LIGA INDOOR SOCCER,Kids activity or venue,Kids party activities,,4166651107,B33-4543726,AMUSEMENT ESTABLISHMENT,2025-10-03,City licence category: amusement; event suitability unverified,low,Needs business and event-service verification; do not publish as approved,https://open.toronto.ca/dataset/municipal-licensing-and-standards-business-licences-and-permits/
LE SPOT BILLIARD LOUNGE,Kids activity or venue,Kids party activities,,4162982888,B33-3719465,AMUSEMENT ESTABLISHMENT,2025-12-16,City licence category: amusement; event suitability unverified,low,Needs business and event-service verification; do not publish as approved,https://open.toronto.ca/dataset/municipal-licensing-and-standards-business-licences-and-permits/
LEVELUP REALITY,Kids activity or venue,Kids party activities,,6479889771,B33-5403275,AMUSEMENT ESTABLISHMENT,2025-12-16,City licence category: amusement; event suitability unverified,low,Needs business and event-service verification; do not publish as approved,https://open.toronto.ca/dataset/municipal-licensing-and-standards-business-licences-and-permits/
LILIPUT PLAYHOUSE INC,Kids activity or venue,Kids party activities,,,B33-5309249,AMUSEMENT ESTABLISHMENT,2026-03-10,City licence category: amusement; event suitability unverified,low,Needs business and event-service verification; do not publish as approved,https://open.toronto.ca/dataset/municipal-licensing-and-standards-business-licences-and-permits/
LITTLE CANADA,Kids activity or venue,Kids party activities,,,B33-5208913,AMUSEMENT ESTABLISHMENT,2026-04-03,City licence category: amusement; event suitability unverified,low,Needs business and event-service verification; do not publish as approved,https://open.toronto.ca/dataset/municipal-licensing-and-standards-business-licences-and-permits/
LOB TORONTO,Kids activity or venue,Kids party activities,,,B33-4808033,AMUSEMENT ESTABLISHMENT,2026-06-19,City licence category: amusement; event suitability unverified,low,Needs business and event-service verification; do not publish as approved,https://open.toronto.ca/dataset/municipal-licensing-and-standards-business-licences-and-permits/
LOOKING GLASS ADVENTURES,Kids activity or venue,Kids party activities,,,B33-5634679,AMUSEMENT ESTABLISHMENT,2026-05-19,City licence category: amusement; event suitability unverified,low,Needs business and event-service verification; do not publish as approved,https://open.toronto.ca/dataset/municipal-licensing-and-standards-business-licences-and-permits/
MAGIC MOMENTS PLAYGROUND,Kids activity or venue,Kids party activities,,,B33-5608333,AMUSEMENT ESTABLISHMENT,2026-02-06,City licence category: amusement; event suitability unverified,low,Needs business and event-service verification; do not publish as approved,https://open.toronto.ca/dataset/municipal-licensing-and-standards-business-licences-and-permits/
METRO GOLF SPORTPLEX,Kids activity or venue,Kids party activities,,4163219331,B33-4177847,AMUSEMENT ESTABLISHMENT,2026-01-30,City licence category: amusement; event suitability unverified,low,Needs business and event-service verification; do not publish as approved,https://open.toronto.ca/dataset/municipal-licensing-and-standards-business-licences-and-permits/
MOMO BAR BILLIARDS AND ENTERTAINMENT,Kids activity or venue,Kids party activities,,,B33-5587158,AMUSEMENT ESTABLISHMENT,2026-09-15,City licence category: amusement; event suitability unverified,low,Needs business and event-service verification; do not publish as approved,https://open.toronto.ca/dataset/municipal-licensing-and-standards-business-licences-and-permits/
NATIONAL BOWL,Kids activity or venue,Kids party activities,,,B33-5417666,AMUSEMENT ESTABLISHMENT,2026-01-02,City licence category: amusement; event suitability unverified,low,Needs business and event-service verification; do not publish as approved,https://open.toronto.ca/dataset/municipal-licensing-and-standards-business-licences-and-permits/
NATIONS FRESH FOODS,Kids activity or venue,Kids party activities,,9052779981,B33-5220082,AMUSEMENT ESTABLISHMENT,2026-05-29,City licence category: amusement; event suitability unverified,low,Needs business and event-service verification; do not publish as approved,https://open.toronto.ca/dataset/municipal-licensing-and-standards-business-licences-and-permits/
NET PLAZA CYBER CAFE,Kids activity or venue,Kids party activities,,4168372690,B33-4064245,AMUSEMENT ESTABLISHMENT,2026-06-23,City licence category: amusement; event suitability unverified,low,Needs business and event-service verification; do not publish as approved,https://open.toronto.ca/dataset/municipal-licensing-and-standards-business-licences-and-permits/
NEXT GOLF LIBERTY VILLAGE,Kids activity or venue,Kids party activities,,,B33-5654862,AMUSEMENT ESTABLISHMENT,2026-08-07,City licence category: amusement; event suitability unverified,low,Needs business and event-service verification; do not publish as approved,https://open.toronto.ca/dataset/municipal-licensing-and-standards-business-licences-and-permits/
OCTO ZONE,Kids activity or venue,Kids party activities,,,B33-5517615,AMUSEMENT ESTABLISHMENT,2026-03-10,City licence category: amusement; event suitability unverified,low,Needs business and event-service verification; do not publish as approved,https://open.toronto.ca/dataset/municipal-licensing-and-standards-business-licences-and-permits/
OHYO SPREE,Kids activity or venue,Kids party activities,,,B33-5408293,AMUSEMENT ESTABLISHMENT,2026-01-05,City licence category: amusement; event suitability unverified,low,Needs business and event-service verification; do not publish as approved,https://open.toronto.ca/dataset/municipal-licensing-and-standards-business-licences-and-permits/
OMVENTURE,Kids activity or venue,Kids party activities,,,B33-5626894,AMUSEMENT ESTABLISHMENT,2026-05-08,City licence category: amusement; event suitability unverified,low,Needs business and event-service verification; do not publish as approved,https://open.toronto.ca/dataset/municipal-licensing-and-standards-business-licences-and-permits/
OYHO FUN,Kids activity or venue,Kids party activities,,,B33-5507630,AMUSEMENT ESTABLISHMENT,2026-01-05,City licence category: amusement; event suitability unverified,low,Needs business and event-service verification; do not publish as approved,https://open.toronto.ca/dataset/municipal-licensing-and-standards-business-licences-and-permits/
PAR BAR,Kids activity or venue,Kids party activities,,4165657074,B33-5639631,AMUSEMENT ESTABLISHMENT,2026-06-05,City licence category: amusement; event suitability unverified,low,Needs business and event-service verification; do not publish as approved,https://open.toronto.ca/dataset/municipal-licensing-and-standards-business-licences-and-permits/
PARKWAY BOWL,Kids activity or venue,Kids party activities,,4164471761,B33-4314202,AMUSEMENT ESTABLISHMENT,2026-09-23,City licence category: amusement; event suitability unverified,low,Needs business and event-service verification; do not publish as approved,https://open.toronto.ca/dataset/municipal-licensing-and-standards-business-licences-and-permits/
PEASANTS LAIR,Kids activity or venue,Kids party activities,,,B33-5411391,AMUSEMENT ESTABLISHMENT,2026-02-24,City licence category: amusement; event suitability unverified,low,Needs business and event-service verification; do not publish as approved,https://open.toronto.ca/dataset/municipal-licensing-and-standards-business-licences-and-permits/
PETITO PLAYGROUND,Kids activity or venue,Kids party activities,,,B33-5620584,AMUSEMENT ESTABLISHMENT,2026-04-24,City licence category: amusement; event suitability unverified,low,Needs business and event-service verification; do not publish as approved,https://open.toronto.ca/dataset/municipal-licensing-and-standards-business-licences-and-permits/
PGM INDOOR GOLF,Kids activity or venue,Kids party activities,,,B33-5476684,AMUSEMENT ESTABLISHMENT,2025-09-16,City licence category: amusement; event suitability unverified,low,Needs business and event-service verification; do not publish as approved,https://open.toronto.ca/dataset/municipal-licensing-and-standards-business-licences-and-permits/
PLANET BOWL/ORBIT CAFE,Kids activity or venue,Kids party activities,,4166952695,B33-3001487,AMUSEMENT ESTABLISHMENT,2026-07-24,City licence category: amusement; event suitability unverified,low,Needs business and event-service verification; do not publish as approved,https://open.toronto.ca/dataset/municipal-licensing-and-standards-business-licences-and-permits/
PLAY N MOTION,Kids activity or venue,Kids party activities,,,B33-5593679,AMUSEMENT ESTABLISHMENT,2026-09-15,City licence category: amusement; event suitability unverified,low,Needs business and event-service verification; do not publish as approved,https://open.toronto.ca/dataset/municipal-licensing-and-standards-business-licences-and-permits/
PLAYABLES ENTERTAINMENT,Kids activity or venue,Kids party activities,,,B33-5476309,AMUSEMENT ESTABLISHMENT,2026-09-15,City licence category: amusement; event suitability unverified,low,Needs business and event-service verification; do not publish as approved,https://open.toronto.ca/dataset/municipal-licensing-and-standards-business-licences-and-permits/
PLAYDIUM FAIRVIEW,Kids activity or venue,Kids party activities,,4163236600,B33-5493090,AMUSEMENT ESTABLISHMENT,2026-05-14,City licence category: amusement; event suitability unverified,low,Needs business and event-service verification; do not publish as approved,https://open.toronto.ca/dataset/municipal-licensing-and-standards-business-licences-and-permits/
PLAYTIME BOWL,Kids activity or venue,Kids party activities,,4167877421,B33-5568358,AMUSEMENT ESTABLISHMENT,2026-08-28,City licence category: amusement; event suitability unverified,low,Needs business and event-service verification; do not publish as approved,https://open.toronto.ca/dataset/municipal-licensing-and-standards-business-licences-and-permits/
POKIN POKIN,Kids activity or venue,Kids party activities,,,B33-5653586,AMUSEMENT ESTABLISHMENT,2026-08-07,City licence category: amusement; event suitability unverified,low,Needs business and event-service verification; do not publish as approved,https://open.toronto.ca/dataset/municipal-licensing-and-standards-business-licences-and-permits/
PURSUIT OCR,Kids activity or venue,Kids party activities,,6474678444,B33-5580623,AMUSEMENT ESTABLISHMENT,2025-09-09,City licence category: amusement; event suitability unverified,low,Needs business and event-service verification; do not publish as approved,https://open.toronto.ca/dataset/municipal-licensing-and-standards-business-licences-and-permits/
PUTTING EDGE SCARBOROUGH,Kids activity or venue,Kids party activities,,,B33-5550235,AMUSEMENT ESTABLISHMENT,2026-04-02,City licence category: amusement; event suitability unverified,low,Needs business and event-service verification; do not publish as approved,https://open.toronto.ca/dataset/municipal-licensing-and-standards-business-licences-and-permits/
REVO ESCAPE,Kids activity or venue,Kids party activities,,,B33-5618052,AMUSEMENT ESTABLISHMENT,2026-04-03,City licence category: amusement; event suitability unverified,low,Needs business and event-service verification; do not publish as approved,https://open.toronto.ca/dataset/municipal-licensing-and-standards-business-licences-and-permits/
RIPLEY'S AQUARIUM OF CANADA,Kids activity or venue,Kids party activities,,,B33-5536196,AMUSEMENT ESTABLISHMENT,2026-05-27,City licence category: amusement; event suitability unverified,low,Needs business and event-service verification; do not publish as approved,https://open.toronto.ca/dataset/municipal-licensing-and-standards-business-licences-and-permits/
ROSA BRANCA CAFE,Kids activity or venue,Kids party activities,,4165363409,B33-4538276,AMUSEMENT ESTABLISHMENT,2026-08-25,City licence category: amusement; event suitability unverified,low,Needs business and event-service verification; do not publish as approved,https://open.toronto.ca/dataset/municipal-licensing-and-standards-business-licences-and-permits/
ROUNDABOUT CANADA,Kids activity or venue,Kids party activities,,,B33-5425044,AMUSEMENT ESTABLISHMENT,2026-01-30,City licence category: amusement; event suitability unverified,low,Needs business and event-service verification; do not publish as approved,https://open.toronto.ca/dataset/municipal-licensing-and-standards-business-licences-and-permits/
SAFARI BAR AND GRILL,Kids activity or venue,Kids party activities,,4167876584,B33-5594120,AMUSEMENT ESTABLISHMENT,2026-08-28,City licence category: amusement; event suitability unverified,low,Needs business and event-service verification; do not publish as approved,https://open.toronto.ca/dataset/municipal-licensing-and-standards-business-licences-and-permits/
SCOTIABANK POND,Kids activity or venue,Kids party activities,,4166308114,B33-55A2982,AMUSEMENT ESTABLISHMENT,2026-09-23,City licence category: amusement; event suitability unverified,low,Needs business and event-service verification; do not publish as approved,https://open.toronto.ca/dataset/municipal-licensing-and-standards-business-licences-and-permits/
SHAMROCK BOWL & BAR,Kids activity or venue,Kids party activities,,,B33-5324010,AMUSEMENT ESTABLISHMENT,2026-04-07,City licence category: amusement; event suitability unverified,low,Needs business and event-service verification; do not publish as approved,https://open.toronto.ca/dataset/municipal-licensing-and-standards-business-licences-and-permits/
SHOUT,Kids activity or venue,Kids party activities,,4163003559,B33-3618918,AMUSEMENT ESTABLISHMENT,2026-02-13,City licence category: amusement; event suitability unverified,low,Needs business and event-service verification; do not publish as approved,https://open.toronto.ca/dataset/municipal-licensing-and-standards-business-licences-and-permits/
SKY ZONE INDOOR TRAMPOLINE PARK,Kids activity or venue,Kids party activities,,9059031145,B33-5100451,AMUSEMENT ESTABLISHMENT,2025-12-23,City licence category: amusement; event suitability unverified,low,Needs business and event-service verification; do not publish as approved,https://open.toronto.ca/dataset/municipal-licensing-and-standards-business-licences-and-permits/
SPIN TORONTO,Kids activity or venue,Kids party activities,,6473500461,B33-5429423,AMUSEMENT ESTABLISHMENT,2026-02-13,City licence category: amusement; event suitability unverified,low,Needs business and event-service verification; do not publish as approved,https://open.toronto.ca/dataset/municipal-licensing-and-standards-business-licences-and-permits/
SPLISH SPLASH CONVENIENCE & CLEANING CENTRE,Kids activity or venue,Kids party activities,,4165326499,B33-4420599,AMUSEMENT ESTABLISHMENT,2026-07-13,City licence category: amusement; event suitability unverified,low,Needs business and event-service verification; do not publish as approved,https://open.toronto.ca/dataset/municipal-licensing-and-standards-business-licences-and-permits/
SUSO SKATE CO,Kids activity or venue,Kids party activities,,,B33-5669265,AMUSEMENT ESTABLISHMENT,2026-09-21,City licence category: amusement; event suitability unverified,low,Needs business and event-service verification; do not publish as approved,https://open.toronto.ca/dataset/municipal-licensing-and-standards-business-licences-and-permits/
SWING GOLF LOUNGE,Kids activity or venue,Kids party activities,,,B33-4841775,AMUSEMENT ESTABLISHMENT,2026-07-24,City licence category: amusement; event suitability unverified,low,Needs business and event-service verification; do not publish as approved,https://open.toronto.ca/dataset/municipal-licensing-and-standards-business-licences-and-permits/
TAZZA,Kids activity or venue,Kids party activities,,4169068582,B33-5143013,AMUSEMENT ESTABLISHMENT,2025-11-14,City licence category: amusement; event suitability unverified,low,Needs business and event-service verification; do not publish as approved,https://open.toronto.ca/dataset/municipal-licensing-and-standards-business-licences-and-permits/
TEE TIME VX,Kids activity or venue,Kids party activities,,,B33-5605434,AMUSEMENT ESTABLISHMENT,2026-01-30,City licence category: amusement; event suitability unverified,low,Needs business and event-service verification; do not publish as approved,https://open.toronto.ca/dataset/municipal-licensing-and-standards-business-licences-and-permits/
THE BALLROOM,Kids activity or venue,Kids party activities,,4165972695,B33-4073349,AMUSEMENT ESTABLISHMENT,2025-11-27,City licence category: amusement; event suitability unverified,low,Needs business and event-service verification; do not publish as approved,https://open.toronto.ca/dataset/municipal-licensing-and-standards-business-licences-and-permits/
THE BALLROOM BOWL YONGE & DUNDAS,Kids activity or venue,Kids party activities,,,B33-5484589,AMUSEMENT ESTABLISHMENT,2025-11-14,City licence category: amusement; event suitability unverified,low,Needs business and event-service verification; do not publish as approved,https://open.toronto.ca/dataset/municipal-licensing-and-standards-business-licences-and-permits/
THE BALLROOM BOWL YORKVILLE,Kids activity or venue,Kids party activities,,,B33-5379167,AMUSEMENT ESTABLISHMENT,2025-11-27,City licence category: amusement; event suitability unverified,low,Needs business and event-service verification; do not publish as approved,https://open.toronto.ca/dataset/municipal-licensing-and-standards-business-licences-and-permits/
THE BUBBLE,Kids activity or venue,Kids party activities,,4167836492,B33-5478485,AMUSEMENT ESTABLISHMENT,2026-08-18,City licence category: amusement; event suitability unverified,low,Needs business and event-service verification; do not publish as approved,https://open.toronto.ca/dataset/municipal-licensing-and-standards-business-licences-and-permits/
THE CITY POOL,Kids activity or venue,Kids party activities,,,B33-4717618,AMUSEMENT ESTABLISHMENT,2026-07-21,City licence category: amusement; event suitability unverified,low,Needs business and event-service verification; do not publish as approved,https://open.toronto.ca/dataset/municipal-licensing-and-standards-business-licences-and-permits/
THE CLUB KENNEDY,Kids activity or venue,Kids party activities,,4162993191,B33-5593951,AMUSEMENT ESTABLISHMENT,2026-08-14,City licence category: amusement; event suitability unverified,low,Needs business and event-service verification; do not publish as approved,https://open.toronto.ca/dataset/municipal-licensing-and-standards-business-licences-and-permits/
THE CORNER BANK SPORTS BAR,Kids activity or venue,Kids party activities,,4167572265,B33-4313735,AMUSEMENT ESTABLISHMENT,2026-08-12,City licence category: amusement; event suitability unverified,low,Needs business and event-service verification; do not publish as approved,https://open.toronto.ca/dataset/municipal-licensing-and-standards-business-licences-and-permits/
THE CROOKED CUE,Kids activity or venue,Kids party activities,,4162367736,B33-5202611,AMUSEMENT ESTABLISHMENT,2026-04-24,City licence category: amusement; event suitability unverified,low,Needs business and event-service verification; do not publish as approved,https://open.toronto.ca/dataset/municipal-licensing-and-standards-business-licences-and-permits/
THE EZONE,Kids activity or venue,Kids party activities,,4162528300,B33-4889153,AMUSEMENT ESTABLISHMENT,2025-11-14,City licence category: amusement; event suitability unverified,low,Needs business and event-service verification; do not publish as approved,https://open.toronto.ca/dataset/municipal-licensing-and-standards-business-licences-and-permits/
THE GOLF DRIVING RANGE AT POLSON PIER,Kids activity or venue,Kids party activities,,4169611177,B33-4743459,AMUSEMENT ESTABLISHMENT,2025-12-12,City licence category: amusement; event suitability unverified,low,Needs business and event-service verification; do not publish as approved,https://open.toronto.ca/dataset/municipal-licensing-and-standards-business-licences-and-permits/
THE PLAYSCAPE,Kids activity or venue,Kids party activities,,,B33-5567302,AMUSEMENT ESTABLISHMENT,2025-07-25,City licence category: amusement; event suitability unverified,low,Needs business and event-service verification; do not publish as approved,https://open.toronto.ca/dataset/municipal-licensing-and-standards-business-licences-and-permits/
THE REC ROOM,Kids activity or venue,Kids party activities,,4163236600,B33-5204570,AMUSEMENT ESTABLISHMENT,2026-08-18,City licence category: amusement; event suitability unverified,low,Needs business and event-service verification; do not publish as approved,https://open.toronto.ca/dataset/municipal-licensing-and-standards-business-licences-and-permits/
THE SAND TRAP GOLF SIMULATOR AND LOUNGE,Kids activity or venue,Kids party activities,,,B33-5590101,AMUSEMENT ESTABLISHMENT,2025-10-08,City licence category: amusement; event suitability unverified,low,Needs business and event-service verification; do not publish as approved,https://open.toronto.ca/dataset/municipal-licensing-and-standards-business-licences-and-permits/
THE WILLOW PLAY CAFE,Kids activity or venue,Kids party activities,,,B33-5594323,AMUSEMENT ESTABLISHMENT,2025-10-31,City licence category: amusement; event suitability unverified,low,Needs business and event-service verification; do not publish as approved,https://open.toronto.ca/dataset/municipal-licensing-and-standards-business-licences-and-permits/
TNL ZONE,Kids activity or venue,Kids party activities,,,B33-5222727,AMUSEMENT ESTABLISHMENT,2026-08-14,City licence category: amusement; event suitability unverified,low,Needs business and event-service verification; do not publish as approved,https://open.toronto.ca/dataset/municipal-licensing-and-standards-business-licences-and-permits/
TRACER GOLF,Kids activity or venue,Kids party activities,,,B33-5220498,AMUSEMENT ESTABLISHMENT,2026-05-29,City licence category: amusement; event suitability unverified,low,Needs business and event-service verification; do not publish as approved,https://open.toronto.ca/dataset/municipal-licensing-and-standards-business-licences-and-permits/
TRAPPED,Kids activity or venue,Kids party activities,,,B33-5479114,AMUSEMENT ESTABLISHMENT,2026-09-04,City licence category: amusement; event suitability unverified,low,Needs business and event-service verification; do not publish as approved,https://open.toronto.ca/dataset/municipal-licensing-and-standards-business-licences-and-permits/
TRAPPED MIDTOWN,Kids activity or venue,Kids party activities,,,B33-5494388,AMUSEMENT ESTABLISHMENT,2026-02-25,City licence category: amusement; event suitability unverified,low,Needs business and event-service verification; do not publish as approved,https://open.toronto.ca/dataset/municipal-licensing-and-standards-business-licences-and-permits/
TRAPPED SCARBOROUGH,Kids activity or venue,Kids party activities,,,B33-5616121,AMUSEMENT ESTABLISHMENT,2026-03-17,City licence category: amusement; event suitability unverified,low,Needs business and event-service verification; do not publish as approved,https://open.toronto.ca/dataset/municipal-licensing-and-standards-business-licences-and-permits/
UHURU BAR,Kids activity or venue,Kids party activities,,,B33-5663337,AMUSEMENT ESTABLISHMENT,2026-09-04,City licence category: amusement; event suitability unverified,low,Needs business and event-service verification; do not publish as approved,https://open.toronto.ca/dataset/municipal-licensing-and-standards-business-licences-and-permits/
URBAN OPS AIRSOFT,Kids activity or venue,Kids party activities,,4166451714,B33-5633457,AMUSEMENT ESTABLISHMENT,2026-05-15,City licence category: amusement; event suitability unverified,low,Needs business and event-service verification; do not publish as approved,https://open.toronto.ca/dataset/municipal-licensing-and-standards-business-licences-and-permits/
V.I.P POOL & BAR SNOOKER CLUB,Kids activity or venue,Kids party activities,,,B33-5586072,AMUSEMENT ESTABLISHMENT,2025-10-02,City licence category: amusement; event suitability unverified,low,Needs business and event-service verification; do not publish as approved,https://open.toronto.ca/dataset/municipal-licensing-and-standards-business-licences-and-permits/
VIP BILLIARDS ON COLLEGE,Kids activity or venue,Kids party activities,,,B33-5590511,AMUSEMENT ESTABLISHMENT,2026-03-17,City licence category: amusement; event suitability unverified,low,Needs business and event-service verification; do not publish as approved,https://open.toronto.ca/dataset/municipal-licensing-and-standards-business-licences-and-permits/
VIP BILLIARDS ON DANFORTH,Kids activity or venue,Kids party activities,,,B33-5327991,AMUSEMENT ESTABLISHMENT,2026-04-10,City licence category: amusement; event suitability unverified,low,Needs business and event-service verification; do not publish as approved,https://open.toronto.ca/dataset/municipal-licensing-and-standards-business-licences-and-permits/
VRCADE,Kids activity or venue,Kids party activities,,,B33-5583790,AMUSEMENT ESTABLISHMENT,2026-09-25,City licence category: amusement; event suitability unverified,low,Needs business and event-service verification; do not publish as approved,https://open.toronto.ca/dataset/municipal-licensing-and-standards-business-licences-and-permits/
W J A B HOLDINGS LTD,Kids activity or venue,Kids party activities,,,B33-5625174,AMUSEMENT ESTABLISHMENT,2026-05-12,City licence category: amusement; event suitability unverified,low,Needs business and event-service verification; do not publish as approved,https://open.toronto.ca/dataset/municipal-licensing-and-standards-business-licences-and-permits/
WEBFUSION,Kids activity or venue,Kids party activities,,6473480200,B33-4994338,AMUSEMENT ESTABLISHMENT,2025-12-12,City licence category: amusement; event suitability unverified,low,Needs business and event-service verification; do not publish as approved,https://open.toronto.ca/dataset/municipal-licensing-and-standards-business-licences-and-permits/
WESTWOOD ARENAS / THE PENALTY BOX,Kids activity or venue,Kids party activities,,4166308114,B33-3502164,AMUSEMENT ESTABLISHMENT,2026-01-13,City licence category: amusement; event suitability unverified,low,Needs business and event-service verification; do not publish as approved,https://open.toronto.ca/dataset/municipal-licensing-and-standards-business-licences-and-permits/
WIGGLE ROOM TORONTO,Kids activity or venue,Kids party activities,,4162687339,B33-4994932,AMUSEMENT ESTABLISHMENT,2025-11-28,City licence category: amusement; event suitability unverified,low,Needs business and event-service verification; do not publish as approved,https://open.toronto.ca/dataset/municipal-licensing-and-standards-business-licences-and-permits/
WILD WING,Kids activity or venue,Kids party activities,,4162475742,B33-3614042,AMUSEMENT ESTABLISHMENT,2026-08-13,City licence category: amusement; event suitability unverified,low,Needs business and event-service verification; do not publish as approved,https://open.toronto.ca/dataset/municipal-licensing-and-standards-business-licences-and-permits/
WORLD SWING,Kids activity or venue,Kids party activities,,,B33-5588441,AMUSEMENT ESTABLISHMENT,2025-10-08,City licence category: amusement; event suitability unverified,low,Needs business and event-service verification; do not publish as approved,https://open.toronto.ca/dataset/municipal-licensing-and-standards-business-licences-and-permits/
YK BILLIARD,Kids activity or venue,Kids party activities,,4162296923,B33-5217312,AMUSEMENT ESTABLISHMENT,2026-05-12,City licence category: amusement; event suitability unverified,low,Needs business and event-service verification; do not publish as approved,https://open.toronto.ca/dataset/municipal-licensing-and-standards-business-licences-and-permits/
ZAK SPORTS CRICKET,Kids activity or venue,Kids party activities,,,B33-5663502,AMUSEMENT ESTABLISHMENT,2026-08-28,City licence category: amusement; event suitability unverified,low,Needs business and event-service verification; do not publish as approved,https://open.toronto.ca/dataset/municipal-licensing-and-standards-business-licences-and-permits/
GLOW MAKEUP + HAIR,Makeup artist,Makeup and beauty,,,B56-5201513,PERSONAL SERVICES SETTINGS,2026-03-20,Business name explicitly mentions makeup,medium,Needs business and event-service verification; do not publish as approved,https://open.toronto.ca/dataset/municipal-licensing-and-standards-business-licences-and-permits/
JEN EVOY MAKEUP STUDIO,Makeup artist,Makeup and beauty,,6479397744,B56-4904957,PERSONAL SERVICES SETTINGS,2026-01-09,Business name explicitly mentions makeup,medium,Needs business and event-service verification; do not publish as approved,https://open.toronto.ca/dataset/municipal-licensing-and-standards-business-licences-and-permits/
SUFIA'S HAIR & MAKEUP,Makeup artist,Makeup and beauty,,,B56-4892615,PERSONAL SERVICES SETTINGS,2026-01-06,Business name explicitly mentions makeup,medium,Needs business and event-service verification; do not publish as approved,https://open.toronto.ca/dataset/municipal-licensing-and-standards-business-licences-and-permits/
